soru,konu,tavsiye
Ardışık iki tam sayının toplamı 41 ise büyük olan sayı kaçtır?,Temel Kavramlar,"Temel kavramlarda sayı türleri, işlem önceliği, tek-çift sayı ve basit denklem kurma konularını tekrar etmelisin."
Bir sayının 5 fazlasının 3 katı 36 olduğuna göre bu sayı kaçtır?,Temel Kavramlar,"Temel kavramlarda sayı türleri, işlem önceliği, tek-çift sayı ve basit denklem kurma konularını tekrar etmelisin."
a ve b pozitif tam sayılardır. a+b=18 ve a-b=4 ise a kaçtır?,Temel Kavramlar,"Temel kavramlarda sayı türleri, işlem önceliği, tek-çift sayı ve basit denklem kurma konularını tekrar etmelisin."
Bir doğal sayının yarısı ile üçte birinin toplamı 25 ise bu sayı kaçtır?,Temel Kavramlar,"Temel kavramlarda sayı türleri, işlem önceliği, tek-çift sayı ve basit denklem kurma konularını tekrar etmelisin."
"x tek sayı, y çift sayı ise x+y ifadesi hangi tür sayıdır?",Temel Kavramlar,"Temel kavramlarda sayı türleri, işlem önceliği, tek-çift sayı ve basit denklem kurma konularını tekrar etmelisin."
İki basamaklı en küçük doğal sayı ile en büyük rakamın toplamı kaçtır?,Temel Kavramlar,"Temel kavramlarda sayı türleri, işlem önceliği, tek-çift sayı ve basit denklem kurma konularını tekrar etmelisin."
Bir sayının 2 katının 7 eksiği 19 ise bu sayı kaçtır?,Temel Kavramlar,"Temel kavramlarda sayı türleri, işlem önceliği, tek-çift sayı ve basit denklem kurma konularını tekrar etmelisin."
Negatif bir tam sayı ile pozitif bir tam sayının çarpımı için kesin olarak ne söylenebilir?,Temel Kavramlar,"Temel kavramlarda sayı türleri, işlem önceliği, tek-çift sayı ve basit denklem kurma konularını tekrar etmelisin."
0 ile 50 arasındaki 5'in katı olan doğal sayıların sayısı kaçtır?,Temel Kavramlar,"Temel kavramlarda sayı türleri, işlem önceliği, tek-çift sayı ve basit denklem kurma konularını tekrar etmelisin."
Bir sayının mutlak değeri 8 ise bu sayıların toplamı kaçtır?,Temel Kavramlar,"Temel kavramlarda sayı türleri, işlem önceliği, tek-çift sayı ve basit denklem kurma konularını tekrar etmelisin."
Ardışık üç tek sayının toplamı 75 ise ortadaki sayı kaçtır?,Temel Kavramlar,"Temel kavramlarda sayı türleri, işlem önceliği, tek-çift sayı ve basit denklem kurma konularını tekrar etmelisin."
Bir çift sayı ile bir tek sayının çarpımı tek midir çift midir?,Temel Kavramlar,"Temel kavramlarda sayı türleri, işlem önceliği, tek-çift sayı ve basit denklem kurma konularını tekrar etmelisin."
En küçük pozitif tam sayı ile en büyük negatif tam sayının toplamı kaçtır?,Temel Kavramlar,"Temel kavramlarda sayı türleri, işlem önceliği, tek-çift sayı ve basit denklem kurma konularını tekrar etmelisin."
Bir sayının 3 eksiğinin 4 katı 28 ise sayı kaçtır?,Temel Kavramlar,"Temel kavramlarda sayı türleri, işlem önceliği, tek-çift sayı ve basit denklem kurma konularını tekrar etmelisin."
"x negatif, y pozitif ise x-y ifadesinin işareti hakkında ne söylenebilir?",Temel Kavramlar,"Temel kavramlarda sayı türleri, işlem önceliği, tek-çift sayı ve basit denklem kurma konularını tekrar etmelisin."
"İki doğal sayının toplamı 35, farkı 9 ise büyük sayı kaçtır?",Temel Kavramlar,"Temel kavramlarda sayı türleri, işlem önceliği, tek-çift sayı ve basit denklem kurma konularını tekrar etmelisin."
Bir sayının 6 katı ile 4 katı arasındaki fark 18 ise sayı kaçtır?,Temel Kavramlar,"Temel kavramlarda sayı türleri, işlem önceliği, tek-çift sayı ve basit denklem kurma konularını tekrar etmelisin."
Ardışık üç doğal sayının toplamı 60 ise en küçük sayı kaçtır?,Temel Kavramlar,"Temel kavramlarda sayı türleri, işlem önceliği, tek-çift sayı ve basit denklem kurma konularını tekrar etmelisin."
Bir tam sayının karesi 49 ise bu tam sayılar nelerdir?,Temel Kavramlar,"Temel kavramlarda sayı türleri, işlem önceliği, tek-çift sayı ve basit denklem kurma konularını tekrar etmelisin."
Sıfırın pozitif bir sayıyla çarpımı kaçtır?,Temel Kavramlar,"Temel kavramlarda sayı türleri, işlem önceliği, tek-çift sayı ve basit denklem kurma konularını tekrar etmelisin."
"Bir sayının 10 eksiği, aynı sayının yarısına eşitse sayı kaçtır?",Temel Kavramlar,"Temel kavramlarda sayı türleri, işlem önceliği, tek-çift sayı ve basit denklem kurma konularını tekrar etmelisin."
Tek sayıların toplamı her zaman tek midir çift midir?,Temel Kavramlar,"Temel kavramlarda sayı türleri, işlem önceliği, tek-çift sayı ve basit denklem kurma konularını tekrar etmelisin."
İki basamaklı en büyük doğal sayı ile iki basamaklı en küçük doğal sayının farkı kaçtır?,Temel Kavramlar,"Temel kavramlarda sayı türleri, işlem önceliği, tek-çift sayı ve basit denklem kurma konularını tekrar etmelisin."
Bir sayı 4 artırılıp 2'ye bölündüğünde 13 oluyorsa sayı kaçtır?,Temel Kavramlar,"Temel kavramlarda sayı türleri, işlem önceliği, tek-çift sayı ve basit denklem kurma konularını tekrar etmelisin."
Pozitif iki tam sayının toplamı 17 ve çarpımı 72 ise bu sayılar ne olabilir?,Temel Kavramlar,"Temel kavramlarda sayı türleri, işlem önceliği, tek-çift sayı ve basit denklem kurma konularını tekrar etmelisin."
Bir sayının 7 fazlası 21 ise bu sayı kaçtır?,Temel Kavramlar,"Temel kavramlarda sayı türleri, işlem önceliği, tek-çift sayı ve basit denklem kurma konularını tekrar etmelisin."
Bir sayının üçte biri 12 ise sayının kendisi kaçtır?,Temel Kavramlar,"Temel kavramlarda sayı türleri, işlem önceliği, tek-çift sayı ve basit denklem kurma konularını tekrar etmelisin."
Ardışık iki çift sayının toplamı 54 ise küçük sayı kaçtır?,Temel Kavramlar,"Temel kavramlarda sayı türleri, işlem önceliği, tek-çift sayı ve basit denklem kurma konularını tekrar etmelisin."
Bir tam sayının kendisi ile ters işaretlisinin toplamı kaçtır?,Temel Kavramlar,"Temel kavramlarda sayı türleri, işlem önceliği, tek-çift sayı ve basit denklem kurma konularını tekrar etmelisin."
1'den 20'ye kadar olan doğal sayıların kaç tanesi çifttir?,Temel Kavramlar,"Temel kavramlarda sayı türleri, işlem önceliği, tek-çift sayı ve basit denklem kurma konularını tekrar etmelisin."
AB iki basamaklı sayısında A=3 ve B=7 ise bu sayı kaçtır?,Sayı Basamakları,"Sayı basamaklarında basamak değeri, rakamlar toplamı, sayı çözümleme ve rakamların yer değiştirmesi konularını tekrar etmelisin."
Rakamları toplamı 12 olan iki basamaklı en büyük sayı kaçtır?,Sayı Basamakları,"Sayı basamaklarında basamak değeri, rakamlar toplamı, sayı çözümleme ve rakamların yer değiştirmesi konularını tekrar etmelisin."
"Birler basamağı 4, onlar basamağı 6 olan sayı kaçtır?",Sayı Basamakları,"Sayı basamaklarında basamak değeri, rakamlar toplamı, sayı çözümleme ve rakamların yer değiştirmesi konularını tekrar etmelisin."
"ABC üç basamaklı sayısında A=2, B=5, C=9 ise sayı kaçtır?",Sayı Basamakları,"Sayı basamaklarında basamak değeri, rakamlar toplamı, sayı çözümleme ve rakamların yer değiştirmesi konularını tekrar etmelisin."
İki basamaklı bir sayının onlar basamağı birler basamağının 2 katıdır. Birler basamağı 3 ise sayı kaçtır?,Sayı Basamakları,"Sayı basamaklarında basamak değeri, rakamlar toplamı, sayı çözümleme ve rakamların yer değiştirmesi konularını tekrar etmelisin."
Rakamları farklı en küçük üç basamaklı sayı kaçtır?,Sayı Basamakları,"Sayı basamaklarında basamak değeri, rakamlar toplamı, sayı çözümleme ve rakamların yer değiştirmesi konularını tekrar etmelisin."
"Bir sayının onlar basamağı 8, birler basamağı 1 artırılırsa sayı kaç artar?",Sayı Basamakları,"Sayı basamaklarında basamak değeri, rakamlar toplamı, sayı çözümleme ve rakamların yer değiştirmesi konularını tekrar etmelisin."
345 sayısının yüzler basamağındaki rakamın basamak değeri kaçtır?,Sayı Basamakları,"Sayı basamaklarında basamak değeri, rakamlar toplamı, sayı çözümleme ve rakamların yer değiştirmesi konularını tekrar etmelisin."
Rakamları toplamı 9 olan iki basamaklı en küçük sayı kaçtır?,Sayı Basamakları,"Sayı basamaklarında basamak değeri, rakamlar toplamı, sayı çözümleme ve rakamların yer değiştirmesi konularını tekrar etmelisin."
AB sayısı BA sayısından 27 fazladır. A-B farkı kaçtır?,Sayı Basamakları,"Sayı basamaklarında basamak değeri, rakamlar toplamı, sayı çözümleme ve rakamların yer değiştirmesi konularını tekrar etmelisin."
Üç basamaklı 4a7 sayısının rakamları toplamı 18 ise a kaçtır?,Sayı Basamakları,"Sayı basamaklarında basamak değeri, rakamlar toplamı, sayı çözümleme ve rakamların yer değiştirmesi konularını tekrar etmelisin."
Rakamları toplamı 15 olan en küçük üç basamaklı sayı kaçtır?,Sayı Basamakları,"Sayı basamaklarında basamak değeri, rakamlar toplamı, sayı çözümleme ve rakamların yer değiştirmesi konularını tekrar etmelisin."
Bir sayının yüzler basamağı 5 artırılırsa sayı kaç artar?,Sayı Basamakları,"Sayı basamaklarında basamak değeri, rakamlar toplamı, sayı çözümleme ve rakamların yer değiştirmesi konularını tekrar etmelisin."
AB iki basamaklı sayısında A+B=10 ve A-B=4 ise sayı kaçtır?,Sayı Basamakları,"Sayı basamaklarında basamak değeri, rakamlar toplamı, sayı çözümleme ve rakamların yer değiştirmesi konularını tekrar etmelisin."
Bir sayının rakamları yer değiştirince sayı 18 artıyorsa onlar ve birler basamağı farkı kaçtır?,Sayı Basamakları,"Sayı basamaklarında basamak değeri, rakamlar toplamı, sayı çözümleme ve rakamların yer değiştirmesi konularını tekrar etmelisin."
507 sayısında onlar basamağındaki rakamın basamak değeri kaçtır?,Sayı Basamakları,"Sayı basamaklarında basamak değeri, rakamlar toplamı, sayı çözümleme ve rakamların yer değiştirmesi konularını tekrar etmelisin."
Rakamları farklı iki basamaklı en büyük çift sayı kaçtır?,Sayı Basamakları,"Sayı basamaklarında basamak değeri, rakamlar toplamı, sayı çözümleme ve rakamların yer değiştirmesi konularını tekrar etmelisin."
"ABC sayısında A=1, B=0, C=8 ise sayı kaçtır?",Sayı Basamakları,"Sayı basamaklarında basamak değeri, rakamlar toplamı, sayı çözümleme ve rakamların yer değiştirmesi konularını tekrar etmelisin."
Bir sayının onlar basamağı 3 azaltılırsa sayı kaç azalır?,Sayı Basamakları,"Sayı basamaklarında basamak değeri, rakamlar toplamı, sayı çözümleme ve rakamların yer değiştirmesi konularını tekrar etmelisin."
Rakamları toplamı 6 olan üç basamaklı en küçük sayı kaçtır?,Sayı Basamakları,"Sayı basamaklarında basamak değeri, rakamlar toplamı, sayı çözümleme ve rakamların yer değiştirmesi konularını tekrar etmelisin."
AB iki basamaklı sayısı 10A+B şeklinde yazılır. A=6 ve B=2 ise sayı kaçtır?,Sayı Basamakları,"Sayı basamaklarında basamak değeri, rakamlar toplamı, sayı çözümleme ve rakamların yer değiştirmesi konularını tekrar etmelisin."
Birler basamağı 9 olan iki basamaklı en küçük sayı kaçtır?,Sayı Basamakları,"Sayı basamaklarında basamak değeri, rakamlar toplamı, sayı çözümleme ve rakamların yer değiştirmesi konularını tekrar etmelisin."
"Üç basamaklı bir sayıda yüzler basamağı 4, onlar basamağı 2, birler basamağı 8 ise sayı kaçtır?",Sayı Basamakları,"Sayı basamaklarında basamak değeri, rakamlar toplamı, sayı çözümleme ve rakamların yer değiştirmesi konularını tekrar etmelisin."
"Rakamları 2, 5 ve 7 olan en büyük üç basamaklı sayı kaçtır?",Sayı Basamakları,"Sayı basamaklarında basamak değeri, rakamlar toplamı, sayı çözümleme ve rakamların yer değiştirmesi konularını tekrar etmelisin."
"Rakamları 1, 3 ve 9 olan en küçük üç basamaklı sayı kaçtır?",Sayı Basamakları,"Sayı basamaklarında basamak değeri, rakamlar toplamı, sayı çözümleme ve rakamların yer değiştirmesi konularını tekrar etmelisin."
Bir sayının rakamları toplamı 11 ve onlar basamağı 8 ise birler basamağı kaçtır?,Sayı Basamakları,"Sayı basamaklarında basamak değeri, rakamlar toplamı, sayı çözümleme ve rakamların yer değiştirmesi konularını tekrar etmelisin."
AB sayısı BA sayısından 45 fazlaysa A-B kaçtır?,Sayı Basamakları,"Sayı basamaklarında basamak değeri, rakamlar toplamı, sayı çözümleme ve rakamların yer değiştirmesi konularını tekrar etmelisin."
Bir sayının birler basamağı 6'dır. Bu sayı 10 ile bölündüğünde kalan kaçtır?,Sayı Basamakları,"Sayı basamaklarında basamak değeri, rakamlar toplamı, sayı çözümleme ve rakamların yer değiştirmesi konularını tekrar etmelisin."
2408 sayısında binler basamağındaki rakamın basamak değeri kaçtır?,Sayı Basamakları,"Sayı basamaklarında basamak değeri, rakamlar toplamı, sayı çözümleme ve rakamların yer değiştirmesi konularını tekrar etmelisin."
İki basamaklı bir sayının rakamları toplamı 13 ve birler basamağı 5 ise sayı kaçtır?,Sayı Basamakları,"Sayı basamaklarında basamak değeri, rakamlar toplamı, sayı çözümleme ve rakamların yer değiştirmesi konularını tekrar etmelisin."
72 sayısı 6 ile bölündüğünde bölüm kaç olur?,Bölme ve Bölünebilme,"Bölünebilme kurallarını, kalan bulmayı, ortak bölenleri ve kat ilişkilerini tekrar etmelisin."
Bir sayı 3 ve 5 ile tam bölünüyorsa en küçük pozitif değeri kaç olabilir?,Bölme ve Bölünebilme,"Bölünebilme kurallarını, kalan bulmayı, ortak bölenleri ve kat ilişkilerini tekrar etmelisin."
84 sayısının 7 ile bölümünden kalan kaçtır?,Bölme ve Bölünebilme,"Bölünebilme kurallarını, kalan bulmayı, ortak bölenleri ve kat ilişkilerini tekrar etmelisin."
123 sayısının 3 ile bölünüp bölünmediğini rakamlar toplamıyla belirleyiniz.,Bölme ve Bölünebilme,"Bölünebilme kurallarını, kalan bulmayı, ortak bölenleri ve kat ilişkilerini tekrar etmelisin."
Bir sayının 4 ile tam bölünebilmesi için son iki basamağı hangi koşulu sağlamalıdır?,Bölme ve Bölünebilme,"Bölünebilme kurallarını, kalan bulmayı, ortak bölenleri ve kat ilişkilerini tekrar etmelisin."
96 sayısı 8'e tam bölünür mü?,Bölme ve Bölünebilme,"Bölünebilme kurallarını, kalan bulmayı, ortak bölenleri ve kat ilişkilerini tekrar etmelisin."
Bir doğal sayı 9 ile tam bölünüyorsa rakamları toplamı için ne söylenebilir?,Bölme ve Bölünebilme,"Bölünebilme kurallarını, kalan bulmayı, ortak bölenleri ve kat ilişkilerini tekrar etmelisin."
45 ile 60 sayılarını bölen en büyük ortak bölen kaçtır?,Bölme ve Bölünebilme,"Bölünebilme kurallarını, kalan bulmayı, ortak bölenleri ve kat ilişkilerini tekrar etmelisin."
18'in katı olan iki basamaklı en küçük sayı kaçtır?,Bölme ve Bölünebilme,"Bölünebilme kurallarını, kalan bulmayı, ortak bölenleri ve kat ilişkilerini tekrar etmelisin."
Bir sayının 2 ile bölümünden kalan 1 ise bu sayı tek midir çift midir?,Bölme ve Bölünebilme,"Bölünebilme kurallarını, kalan bulmayı, ortak bölenleri ve kat ilişkilerini tekrar etmelisin."
245 sayısının 5 ile bölümünden kalan kaçtır?,Bölme ve Bölünebilme,"Bölünebilme kurallarını, kalan bulmayı, ortak bölenleri ve kat ilişkilerini tekrar etmelisin."
Bir sayı 6 ile tam bölünüyorsa hangi iki sayıya da tam bölünmelidir?,Bölme ve Bölünebilme,"Bölünebilme kurallarını, kalan bulmayı, ortak bölenleri ve kat ilişkilerini tekrar etmelisin."
348 sayısı 3 ile tam bölünür mü?,Bölme ve Bölünebilme,"Bölünebilme kurallarını, kalan bulmayı, ortak bölenleri ve kat ilişkilerini tekrar etmelisin."
100 ile 150 arasındaki 12'nin katı olan en küçük sayı kaçtır?,Bölme ve Bölünebilme,"Bölünebilme kurallarını, kalan bulmayı, ortak bölenleri ve kat ilişkilerini tekrar etmelisin."
Bir sayının 10 ile bölümünden kalan neye eşittir?,Bölme ve Bölünebilme,"Bölünebilme kurallarını, kalan bulmayı, ortak bölenleri ve kat ilişkilerini tekrar etmelisin."
512 sayısı 8 ile tam bölünür mü?,Bölme ve Bölünebilme,"Bölünebilme kurallarını, kalan bulmayı, ortak bölenleri ve kat ilişkilerini tekrar etmelisin."
Bir sayı 2 ve 3 ile bölünüyorsa 6 ile kesin bölünür mü?,Bölme ve Bölünebilme,"Bölünebilme kurallarını, kalan bulmayı, ortak bölenleri ve kat ilişkilerini tekrar etmelisin."
90 sayısının pozitif bölenlerinden 9'a bölünebilenler hangileridir?,Bölme ve Bölünebilme,"Bölünebilme kurallarını, kalan bulmayı, ortak bölenleri ve kat ilişkilerini tekrar etmelisin."
Bir sayının 11 ile bölünebilme kuralında hangi basamaklar karşılaştırılır?,Bölme ve Bölünebilme,"Bölünebilme kurallarını, kalan bulmayı, ortak bölenleri ve kat ilişkilerini tekrar etmelisin."
75 sayısının 4 ile bölümünden kalan kaçtır?,Bölme ve Bölünebilme,"Bölünebilme kurallarını, kalan bulmayı, ortak bölenleri ve kat ilişkilerini tekrar etmelisin."
Bir doğal sayı 5 ile bölündüğünde kalan 2 ise birler basamağı ne olabilir?,Bölme ve Bölünebilme,"Bölünebilme kurallarını, kalan bulmayı, ortak bölenleri ve kat ilişkilerini tekrar etmelisin."
36 ve 48'in ortak bölenlerinden en büyüğü kaçtır?,Bölme ve Bölünebilme,"Bölünebilme kurallarını, kalan bulmayı, ortak bölenleri ve kat ilişkilerini tekrar etmelisin."
Bir sayı hem 4 hem 9 ile bölünüyorsa 36 ile bölünebilir mi?,Bölme ve Bölünebilme,"Bölünebilme kurallarını, kalan bulmayı, ortak bölenleri ve kat ilişkilerini tekrar etmelisin."
234 sayısının 9 ile bölümünden kalan kaçtır?,Bölme ve Bölünebilme,"Bölünebilme kurallarını, kalan bulmayı, ortak bölenleri ve kat ilişkilerini tekrar etmelisin."
Bir sayının 15 ile tam bölünmesi için hangi şartlar sağlanmalıdır?,Bölme ve Bölünebilme,"Bölünebilme kurallarını, kalan bulmayı, ortak bölenleri ve kat ilişkilerini tekrar etmelisin."
126 sayısı 7 ile bölündüğünde bölüm kaçtır?,Bölme ve Bölünebilme,"Bölünebilme kurallarını, kalan bulmayı, ortak bölenleri ve kat ilişkilerini tekrar etmelisin."
2 ile bölünebilen sayılara ne ad verilir?,Bölme ve Bölünebilme,"Bölünebilme kurallarını, kalan bulmayı, ortak bölenleri ve kat ilişkilerini tekrar etmelisin."
Bir sayı 100 ile bölündüğünde kalan hangi basamaklardan anlaşılır?,Bölme ve Bölünebilme,"Bölünebilme kurallarını, kalan bulmayı, ortak bölenleri ve kat ilişkilerini tekrar etmelisin."
64 sayısı 16 ile tam bölünür mü?,Bölme ve Bölünebilme,"Bölünebilme kurallarını, kalan bulmayı, ortak bölenleri ve kat ilişkilerini tekrar etmelisin."
Rakamları toplamı 27 olan bir sayı 9 ile tam bölünür mü?,Bölme ve Bölünebilme,"Bölünebilme kurallarını, kalan bulmayı, ortak bölenleri ve kat ilişkilerini tekrar etmelisin."
"2, 3, 4, 5 sayılarından hangileri asaldır?",Asal Sayılar,"Asal sayı tanımı, asal çarpanlara ayırma, bölen sayısı ve aralarında asal olma konularını tekrar etmelisin."
20'den küçük asal sayıların toplamı kaçtır?,Asal Sayılar,"Asal sayı tanımı, asal çarpanlara ayırma, bölen sayısı ve aralarında asal olma konularını tekrar etmelisin."
Bir asal sayının pozitif bölen sayısı kaçtır?,Asal Sayılar,"Asal sayı tanımı, asal çarpanlara ayırma, bölen sayısı ve aralarında asal olma konularını tekrar etmelisin."
En küçük asal sayı kaçtır?,Asal Sayılar,"Asal sayı tanımı, asal çarpanlara ayırma, bölen sayısı ve aralarında asal olma konularını tekrar etmelisin."
15 ile 25 arasındaki asal sayılar hangileridir?,Asal Sayılar,"Asal sayı tanımı, asal çarpanlara ayırma, bölen sayısı ve aralarında asal olma konularını tekrar etmelisin."
91 sayısı asal mıdır? Gerekçesini düşününüz.,Asal Sayılar,"Asal sayı tanımı, asal çarpanlara ayırma, bölen sayısı ve aralarında asal olma konularını tekrar etmelisin."
İki basamaklı en küçük asal sayı kaçtır?,Asal Sayılar,"Asal sayı tanımı, asal çarpanlara ayırma, bölen sayısı ve aralarında asal olma konularını tekrar etmelisin."
Bir asal sayı ile 1'in çarpımı neye eşittir?,Asal Sayılar,"Asal sayı tanımı, asal çarpanlara ayırma, bölen sayısı ve aralarında asal olma konularını tekrar etmelisin."
30 sayısının asal çarpanları nelerdir?,Asal Sayılar,"Asal sayı tanımı, asal çarpanlara ayırma, bölen sayısı ve aralarında asal olma konularını tekrar etmelisin."
Asal olmayan 1'den büyük doğal sayılara ne ad verilir?,Asal Sayılar,"Asal sayı tanımı, asal çarpanlara ayırma, bölen sayısı ve aralarında asal olma konularını tekrar etmelisin."
1 asal sayı mıdır?,Asal Sayılar,"Asal sayı tanımı, asal çarpanlara ayırma, bölen sayısı ve aralarında asal olma konularını tekrar etmelisin."
49 sayısı asal mıdır?,Asal Sayılar,"Asal sayı tanımı, asal çarpanlara ayırma, bölen sayısı ve aralarında asal olma konularını tekrar etmelisin."
36 sayısının asal çarpanlarına ayrılmış biçimi nedir?,Asal Sayılar,"Asal sayı tanımı, asal çarpanlara ayırma, bölen sayısı ve aralarında asal olma konularını tekrar etmelisin."
11 ile 17 sayıları aralarında asal mıdır?,Asal Sayılar,"Asal sayı tanımı, asal çarpanlara ayırma, bölen sayısı ve aralarında asal olma konularını tekrar etmelisin."
En küçük iki asal sayının toplamı kaçtır?,Asal Sayılar,"Asal sayı tanımı, asal çarpanlara ayırma, bölen sayısı ve aralarında asal olma konularını tekrar etmelisin."
Bir çift asal sayı kaçtır?,Asal Sayılar,"Asal sayı tanımı, asal çarpanlara ayırma, bölen sayısı ve aralarında asal olma konularını tekrar etmelisin."
77 sayısının asal çarpanları nelerdir?,Asal Sayılar,"Asal sayı tanımı, asal çarpanlara ayırma, bölen sayısı ve aralarında asal olma konularını tekrar etmelisin."
29 sayısı neden asal sayıdır?,Asal Sayılar,"Asal sayı tanımı, asal çarpanlara ayırma, bölen sayısı ve aralarında asal olma konularını tekrar etmelisin."
Asal sayıların 1 ve kendisi dışında pozitif böleni var mıdır?,Asal Sayılar,"Asal sayı tanımı, asal çarpanlara ayırma, bölen sayısı ve aralarında asal olma konularını tekrar etmelisin."
45 sayısının asal çarpanları hangileridir?,Asal Sayılar,"Asal sayı tanımı, asal çarpanlara ayırma, bölen sayısı ve aralarında asal olma konularını tekrar etmelisin."
İki farklı asal sayının çarpımı 35 ise bu sayılar nelerdir?,Asal Sayılar,"Asal sayı tanımı, asal çarpanlara ayırma, bölen sayısı ve aralarında asal olma konularını tekrar etmelisin."
2 basamaklı en büyük asal sayı kaçtır?,Asal Sayılar,"Asal sayı tanımı, asal çarpanlara ayırma, bölen sayısı ve aralarında asal olma konularını tekrar etmelisin."
13 sayısının pozitif bölenleri nelerdir?,Asal Sayılar,"Asal sayı tanımı, asal çarpanlara ayırma, bölen sayısı ve aralarında asal olma konularını tekrar etmelisin."
60 sayısı asal çarpanlarına ayrılırsa hangi asal sayılar kullanılır?,Asal Sayılar,"Asal sayı tanımı, asal çarpanlara ayırma, bölen sayısı ve aralarında asal olma konularını tekrar etmelisin."
Aralarında asal iki sayının ortak böleni kaçtır?,Asal Sayılar,"Asal sayı tanımı, asal çarpanlara ayırma, bölen sayısı ve aralarında asal olma konularını tekrar etmelisin."
23 asal sayı mıdır?,Asal Sayılar,"Asal sayı tanımı, asal çarpanlara ayırma, bölen sayısı ve aralarında asal olma konularını tekrar etmelisin."
51 sayısı asal mıdır?,Asal Sayılar,"Asal sayı tanımı, asal çarpanlara ayırma, bölen sayısı ve aralarında asal olma konularını tekrar etmelisin."
Bir asal sayının karesi kaç farklı asal çarpan içerir?,Asal Sayılar,"Asal sayı tanımı, asal çarpanlara ayırma, bölen sayısı ve aralarında asal olma konularını tekrar etmelisin."
"2, 5 ve 10 sayılarından hangileri asaldır?",Asal Sayılar,"Asal sayı tanımı, asal çarpanlara ayırma, bölen sayısı ve aralarında asal olma konularını tekrar etmelisin."
En küçük üç asal sayının çarpımı kaçtır?,Asal Sayılar,"Asal sayı tanımı, asal çarpanlara ayırma, bölen sayısı ve aralarında asal olma konularını tekrar etmelisin."
1/2 ile 1/3 toplamı kaçtır?,Rasyonel Sayılar,"Rasyonel sayılarda dört işlem, sadeleştirme, kesir-ondalık dönüşümü ve karşılaştırma konularını tekrar etmelisin."
3/4 sayısının ondalık gösterimi nedir?,Rasyonel Sayılar,"Rasyonel sayılarda dört işlem, sadeleştirme, kesir-ondalık dönüşümü ve karşılaştırma konularını tekrar etmelisin."
2/5 ile 1/5 farkı kaçtır?,Rasyonel Sayılar,"Rasyonel sayılarda dört işlem, sadeleştirme, kesir-ondalık dönüşümü ve karşılaştırma konularını tekrar etmelisin."
"Bir kesrin payı 6, paydası 8 ise sadeleştirilmiş hali nedir?",Rasyonel Sayılar,"Rasyonel sayılarda dört işlem, sadeleştirme, kesir-ondalık dönüşümü ve karşılaştırma konularını tekrar etmelisin."
5/6 sayısı 1'den büyük müdür küçük müdür?,Rasyonel Sayılar,"Rasyonel sayılarda dört işlem, sadeleştirme, kesir-ondalık dönüşümü ve karşılaştırma konularını tekrar etmelisin."
1/4 sayısının 3 katı kaçtır?,Rasyonel Sayılar,"Rasyonel sayılarda dört işlem, sadeleştirme, kesir-ondalık dönüşümü ve karşılaştırma konularını tekrar etmelisin."
2/3 sayısının yarısı kaçtır?,Rasyonel Sayılar,"Rasyonel sayılarda dört işlem, sadeleştirme, kesir-ondalık dönüşümü ve karşılaştırma konularını tekrar etmelisin."
"0,75 sayısının kesir gösterimi nedir?",Rasyonel Sayılar,"Rasyonel sayılarda dört işlem, sadeleştirme, kesir-ondalık dönüşümü ve karşılaştırma konularını tekrar etmelisin."
7/10 ile 2/10 toplamı kaçtır?,Rasyonel Sayılar,"Rasyonel sayılarda dört işlem, sadeleştirme, kesir-ondalık dönüşümü ve karşılaştırma konularını tekrar etmelisin."
Bir pastanın 3/8'i yenirse geriye kaçta kaçı kalır?,Rasyonel Sayılar,"Rasyonel sayılarda dört işlem, sadeleştirme, kesir-ondalık dönüşümü ve karşılaştırma konularını tekrar etmelisin."
4/9 ile 2/9 toplamı kaçtır?,Rasyonel Sayılar,"Rasyonel sayılarda dört işlem, sadeleştirme, kesir-ondalık dönüşümü ve karşılaştırma konularını tekrar etmelisin."
5/12 kesrinin 2 katı kaçtır?,Rasyonel Sayılar,"Rasyonel sayılarda dört işlem, sadeleştirme, kesir-ondalık dönüşümü ve karşılaştırma konularını tekrar etmelisin."
1 tam 1/2 sayısı bileşik kesir olarak nasıl yazılır?,Rasyonel Sayılar,"Rasyonel sayılarda dört işlem, sadeleştirme, kesir-ondalık dönüşümü ve karşılaştırma konularını tekrar etmelisin."
3/5 ile 4/5 karşılaştırıldığında hangisi büyüktür?,Rasyonel Sayılar,"Rasyonel sayılarda dört işlem, sadeleştirme, kesir-ondalık dönüşümü ve karşılaştırma konularını tekrar etmelisin."
2/7 kesrinin payı 4 artırılırsa yeni kesir nedir?,Rasyonel Sayılar,"Rasyonel sayılarda dört işlem, sadeleştirme, kesir-ondalık dönüşümü ve karşılaştırma konularını tekrar etmelisin."
8/10 kesri sadeleşirse ne olur?,Rasyonel Sayılar,"Rasyonel sayılarda dört işlem, sadeleştirme, kesir-ondalık dönüşümü ve karşılaştırma konularını tekrar etmelisin."
"0,2 sayısının kesir karşılığı nedir?",Rasyonel Sayılar,"Rasyonel sayılarda dört işlem, sadeleştirme, kesir-ondalık dönüşümü ve karşılaştırma konularını tekrar etmelisin."
1/6 ile 1/2 toplamı kaçtır?,Rasyonel Sayılar,"Rasyonel sayılarda dört işlem, sadeleştirme, kesir-ondalık dönüşümü ve karşılaştırma konularını tekrar etmelisin."
9/4 kesri tam sayılı kesre nasıl çevrilir?,Rasyonel Sayılar,"Rasyonel sayılarda dört işlem, sadeleştirme, kesir-ondalık dönüşümü ve karşılaştırma konularını tekrar etmelisin."
Bir kesrin değeri 1 ise pay ve payda hakkında ne söylenebilir?,Rasyonel Sayılar,"Rasyonel sayılarda dört işlem, sadeleştirme, kesir-ondalık dönüşümü ve karşılaştırma konularını tekrar etmelisin."
3/8 sayısının ondalık gösterimi kaçtır?,Rasyonel Sayılar,"Rasyonel sayılarda dört işlem, sadeleştirme, kesir-ondalık dönüşümü ve karşılaştırma konularını tekrar etmelisin."
2/3 ile 3/4 kesirlerinden hangisi büyüktür?,Rasyonel Sayılar,"Rasyonel sayılarda dört işlem, sadeleştirme, kesir-ondalık dönüşümü ve karşılaştırma konularını tekrar etmelisin."
5/6 eksi 1/3 işleminin sonucu kaçtır?,Rasyonel Sayılar,"Rasyonel sayılarda dört işlem, sadeleştirme, kesir-ondalık dönüşümü ve karşılaştırma konularını tekrar etmelisin."
Bir sayının 2/5'i 20 ise sayı kaçtır?,Rasyonel Sayılar,"Rasyonel sayılarda dört işlem, sadeleştirme, kesir-ondalık dönüşümü ve karşılaştırma konularını tekrar etmelisin."
1/5 kesri yüzde kaçtır?,Rasyonel Sayılar,"Rasyonel sayılarda dört işlem, sadeleştirme, kesir-ondalık dönüşümü ve karşılaştırma konularını tekrar etmelisin."
"0,125 sayısı kesir olarak nasıl yazılır?",Rasyonel Sayılar,"Rasyonel sayılarda dört işlem, sadeleştirme, kesir-ondalık dönüşümü ve karşılaştırma konularını tekrar etmelisin."
6/15 kesri sadeleştirildiğinde ne olur?,Rasyonel Sayılar,"Rasyonel sayılarda dört işlem, sadeleştirme, kesir-ondalık dönüşümü ve karşılaştırma konularını tekrar etmelisin."
3/7 kesrinin paydası 14 yapılırsa pay kaç olur?,Rasyonel Sayılar,"Rasyonel sayılarda dört işlem, sadeleştirme, kesir-ondalık dönüşümü ve karşılaştırma konularını tekrar etmelisin."
4/5'in 25 ile çarpımı kaçtır?,Rasyonel Sayılar,"Rasyonel sayılarda dört işlem, sadeleştirme, kesir-ondalık dönüşümü ve karşılaştırma konularını tekrar etmelisin."
Bir bütünün 7/12'si boyanmışsa boyanmayan kısmı kaçtır?,Rasyonel Sayılar,"Rasyonel sayılarda dört işlem, sadeleştirme, kesir-ondalık dönüşümü ve karşılaştırma konularını tekrar etmelisin."
2 üzeri 5 kaçtır?,Üslü Sayılar,"Üslü sayılarda üs alma, taban eşitleme, aynı tabanlı işlemler ve negatif/sıfır üs kurallarını tekrar etmelisin."
3 üzeri x eşittir 81 ise x kaçtır?,Üslü Sayılar,"Üslü sayılarda üs alma, taban eşitleme, aynı tabanlı işlemler ve negatif/sıfır üs kurallarını tekrar etmelisin."
5 üzeri 0 değeri kaçtır?,Üslü Sayılar,"Üslü sayılarda üs alma, taban eşitleme, aynı tabanlı işlemler ve negatif/sıfır üs kurallarını tekrar etmelisin."
2 üzeri 3 ile 2 üzeri 4 çarpımı hangi üs şeklinde yazılır?,Üslü Sayılar,"Üslü sayılarda üs alma, taban eşitleme, aynı tabanlı işlemler ve negatif/sıfır üs kurallarını tekrar etmelisin."
10 üzeri 2 kaçtır?,Üslü Sayılar,"Üslü sayılarda üs alma, taban eşitleme, aynı tabanlı işlemler ve negatif/sıfır üs kurallarını tekrar etmelisin."
4 üzeri 2 ile 2 üzeri 4 değerleri eşit midir?,Üslü Sayılar,"Üslü sayılarda üs alma, taban eşitleme, aynı tabanlı işlemler ve negatif/sıfır üs kurallarını tekrar etmelisin."
2 üzeri x eşittir 64 ise x kaçtır?,Üslü Sayılar,"Üslü sayılarda üs alma, taban eşitleme, aynı tabanlı işlemler ve negatif/sıfır üs kurallarını tekrar etmelisin."
3 üzeri 2 ile 3 üzeri 1 toplamı kaçtır?,Üslü Sayılar,"Üslü sayılarda üs alma, taban eşitleme, aynı tabanlı işlemler ve negatif/sıfır üs kurallarını tekrar etmelisin."
a üzeri 3 ile a üzeri 2 çarpılırsa sonuç nasıl yazılır?,Üslü Sayılar,"Üslü sayılarda üs alma, taban eşitleme, aynı tabanlı işlemler ve negatif/sıfır üs kurallarını tekrar etmelisin."
2 üzeri 6 sayısının yarısı kaçtır?,Üslü Sayılar,"Üslü sayılarda üs alma, taban eşitleme, aynı tabanlı işlemler ve negatif/sıfır üs kurallarını tekrar etmelisin."
Üslü Sayılar konusunda verilen matematiksel ifadede temel kural uygulanarak istenen değer nasıl bulunur? Örnek 1,Üslü Sayılar,"Üslü sayılarda üs alma, taban eşitleme, aynı tabanlı işlemler ve negatif/sıfır üs kurallarını tekrar etmelisin."
Üslü Sayılar konusunda verilen matematiksel ifadede temel kural uygulanarak istenen değer nasıl bulunur? Örnek 2,Üslü Sayılar,"Üslü sayılarda üs alma, taban eşitleme, aynı tabanlı işlemler ve negatif/sıfır üs kurallarını tekrar etmelisin."
Üslü Sayılar konusunda verilen matematiksel ifadede temel kural uygulanarak istenen değer nasıl bulunur? Örnek 3,Üslü Sayılar,"Üslü sayılarda üs alma, taban eşitleme, aynı tabanlı işlemler ve negatif/sıfır üs kurallarını tekrar etmelisin."
Üslü Sayılar konusunda verilen matematiksel ifadede temel kural uygulanarak istenen değer nasıl bulunur? Örnek 4,Üslü Sayılar,"Üslü sayılarda üs alma, taban eşitleme, aynı tabanlı işlemler ve negatif/sıfır üs kurallarını tekrar etmelisin."
Üslü Sayılar konusunda verilen matematiksel ifadede temel kural uygulanarak istenen değer nasıl bulunur? Örnek 5,Üslü Sayılar,"Üslü sayılarda üs alma, taban eşitleme, aynı tabanlı işlemler ve negatif/sıfır üs kurallarını tekrar etmelisin."
Üslü Sayılar konusunda verilen matematiksel ifadede temel kural uygulanarak istenen değer nasıl bulunur? Örnek 6,Üslü Sayılar,"Üslü sayılarda üs alma, taban eşitleme, aynı tabanlı işlemler ve negatif/sıfır üs kurallarını tekrar etmelisin."
Üslü Sayılar konusunda verilen matematiksel ifadede temel kural uygulanarak istenen değer nasıl bulunur? Örnek 7,Üslü Sayılar,"Üslü sayılarda üs alma, taban eşitleme, aynı tabanlı işlemler ve negatif/sıfır üs kurallarını tekrar etmelisin."
Üslü Sayılar konusunda verilen matematiksel ifadede temel kural uygulanarak istenen değer nasıl bulunur? Örnek 8,Üslü Sayılar,"Üslü sayılarda üs alma, taban eşitleme, aynı tabanlı işlemler ve negatif/sıfır üs kurallarını tekrar etmelisin."
Üslü Sayılar konusunda verilen matematiksel ifadede temel kural uygulanarak istenen değer nasıl bulunur? Örnek 9,Üslü Sayılar,"Üslü sayılarda üs alma, taban eşitleme, aynı tabanlı işlemler ve negatif/sıfır üs kurallarını tekrar etmelisin."
Üslü Sayılar konusunda verilen matematiksel ifadede temel kural uygulanarak istenen değer nasıl bulunur? Örnek 10,Üslü Sayılar,"Üslü sayılarda üs alma, taban eşitleme, aynı tabanlı işlemler ve negatif/sıfır üs kurallarını tekrar etmelisin."
Üslü Sayılar konusunda verilen matematiksel ifadede temel kural uygulanarak istenen değer nasıl bulunur? Örnek 11,Üslü Sayılar,"Üslü sayılarda üs alma, taban eşitleme, aynı tabanlı işlemler ve negatif/sıfır üs kurallarını tekrar etmelisin."
Üslü Sayılar konusunda verilen matematiksel ifadede temel kural uygulanarak istenen değer nasıl bulunur? Örnek 12,Üslü Sayılar,"Üslü sayılarda üs alma, taban eşitleme, aynı tabanlı işlemler ve negatif/sıfır üs kurallarını tekrar etmelisin."
Üslü Sayılar konusunda verilen matematiksel ifadede temel kural uygulanarak istenen değer nasıl bulunur? Örnek 13,Üslü Sayılar,"Üslü sayılarda üs alma, taban eşitleme, aynı tabanlı işlemler ve negatif/sıfır üs kurallarını tekrar etmelisin."
Üslü Sayılar konusunda verilen matematiksel ifadede temel kural uygulanarak istenen değer nasıl bulunur? Örnek 14,Üslü Sayılar,"Üslü sayılarda üs alma, taban eşitleme, aynı tabanlı işlemler ve negatif/sıfır üs kurallarını tekrar etmelisin."
Üslü Sayılar konusunda verilen matematiksel ifadede temel kural uygulanarak istenen değer nasıl bulunur? Örnek 15,Üslü Sayılar,"Üslü sayılarda üs alma, taban eşitleme, aynı tabanlı işlemler ve negatif/sıfır üs kurallarını tekrar etmelisin."
Üslü Sayılar konusunda verilen matematiksel ifadede temel kural uygulanarak istenen değer nasıl bulunur? Örnek 16,Üslü Sayılar,"Üslü sayılarda üs alma, taban eşitleme, aynı tabanlı işlemler ve negatif/sıfır üs kurallarını tekrar etmelisin."
Üslü Sayılar konusunda verilen matematiksel ifadede temel kural uygulanarak istenen değer nasıl bulunur? Örnek 17,Üslü Sayılar,"Üslü sayılarda üs alma, taban eşitleme, aynı tabanlı işlemler ve negatif/sıfır üs kurallarını tekrar etmelisin."
Üslü Sayılar konusunda verilen matematiksel ifadede temel kural uygulanarak istenen değer nasıl bulunur? Örnek 18,Üslü Sayılar,"Üslü sayılarda üs alma, taban eşitleme, aynı tabanlı işlemler ve negatif/sıfır üs kurallarını tekrar etmelisin."
Üslü Sayılar konusunda verilen matematiksel ifadede temel kural uygulanarak istenen değer nasıl bulunur? Örnek 19,Üslü Sayılar,"Üslü sayılarda üs alma, taban eşitleme, aynı tabanlı işlemler ve negatif/sıfır üs kurallarını tekrar etmelisin."
Üslü Sayılar konusunda verilen matematiksel ifadede temel kural uygulanarak istenen değer nasıl bulunur? Örnek 20,Üslü Sayılar,"Üslü sayılarda üs alma, taban eşitleme, aynı tabanlı işlemler ve negatif/sıfır üs kurallarını tekrar etmelisin."
Karekök 49 kaçtır?,Köklü Sayılar,"Köklü sayılarda karekök alma, köklü ifadelerde işlem ve sadeleştirme konularını tekrar etmelisin."
Karekök 81 ile karekök 16 toplamı kaçtır?,Köklü Sayılar,"Köklü sayılarda karekök alma, köklü ifadelerde işlem ve sadeleştirme konularını tekrar etmelisin."
Karekök 25 sayısının karesi kaçtır?,Köklü Sayılar,"Köklü sayılarda karekök alma, köklü ifadelerde işlem ve sadeleştirme konularını tekrar etmelisin."
Karekök 144 değeri kaçtır?,Köklü Sayılar,"Köklü sayılarda karekök alma, köklü ifadelerde işlem ve sadeleştirme konularını tekrar etmelisin."
Kök 4 ile kök 9 çarpımı kaçtır?,Köklü Sayılar,"Köklü sayılarda karekök alma, köklü ifadelerde işlem ve sadeleştirme konularını tekrar etmelisin."
Karekök 36 eksi karekök 9 kaçtır?,Köklü Sayılar,"Köklü sayılarda karekök alma, köklü ifadelerde işlem ve sadeleştirme konularını tekrar etmelisin."
Karekök 100 sayısı hangi doğal sayıya eşittir?,Köklü Sayılar,"Köklü sayılarda karekök alma, köklü ifadelerde işlem ve sadeleştirme konularını tekrar etmelisin."
Kök 64 bölü kök 4 işleminin sonucu kaçtır?,Köklü Sayılar,"Köklü sayılarda karekök alma, köklü ifadelerde işlem ve sadeleştirme konularını tekrar etmelisin."
Karekök 121 kaçtır?,Köklü Sayılar,"Köklü sayılarda karekök alma, köklü ifadelerde işlem ve sadeleştirme konularını tekrar etmelisin."
Karekök 50 ifadesi hangi köklü biçimde sadeleştirilebilir?,Köklü Sayılar,"Köklü sayılarda karekök alma, köklü ifadelerde işlem ve sadeleştirme konularını tekrar etmelisin."
Köklü Sayılar konusunda verilen matematiksel ifadede temel kural uygulanarak istenen değer nasıl bulunur? Örnek 1,Köklü Sayılar,"Köklü sayılarda karekök alma, köklü ifadelerde işlem ve sadeleştirme konularını tekrar etmelisin."
Köklü Sayılar konusunda verilen matematiksel ifadede temel kural uygulanarak istenen değer nasıl bulunur? Örnek 2,Köklü Sayılar,"Köklü sayılarda karekök alma, köklü ifadelerde işlem ve sadeleştirme konularını tekrar etmelisin."
Köklü Sayılar konusunda verilen matematiksel ifadede temel kural uygulanarak istenen değer nasıl bulunur? Örnek 3,Köklü Sayılar,"Köklü sayılarda karekök alma, köklü ifadelerde işlem ve sadeleştirme konularını tekrar etmelisin."
Köklü Sayılar konusunda verilen matematiksel ifadede temel kural uygulanarak istenen değer nasıl bulunur? Örnek 4,Köklü Sayılar,"Köklü sayılarda karekök alma, köklü ifadelerde işlem ve sadeleştirme konularını tekrar etmelisin."
Köklü Sayılar konusunda verilen matematiksel ifadede temel kural uygulanarak istenen değer nasıl bulunur? Örnek 5,Köklü Sayılar,"Köklü sayılarda karekök alma, köklü ifadelerde işlem ve sadeleştirme konularını tekrar etmelisin."
Köklü Sayılar konusunda verilen matematiksel ifadede temel kural uygulanarak istenen değer nasıl bulunur? Örnek 6,Köklü Sayılar,"Köklü sayılarda karekök alma, köklü ifadelerde işlem ve sadeleştirme konularını tekrar etmelisin."
Köklü Sayılar konusunda verilen matematiksel ifadede temel kural uygulanarak istenen değer nasıl bulunur? Örnek 7,Köklü Sayılar,"Köklü sayılarda karekök alma, köklü ifadelerde işlem ve sadeleştirme konularını tekrar etmelisin."
Köklü Sayılar konusunda verilen matematiksel ifadede temel kural uygulanarak istenen değer nasıl bulunur? Örnek 8,Köklü Sayılar,"Köklü sayılarda karekök alma, köklü ifadelerde işlem ve sadeleştirme konularını tekrar etmelisin."
Köklü Sayılar konusunda verilen matematiksel ifadede temel kural uygulanarak istenen değer nasıl bulunur? Örnek 9,Köklü Sayılar,"Köklü sayılarda karekök alma, köklü ifadelerde işlem ve sadeleştirme konularını tekrar etmelisin."
Köklü Sayılar konusunda verilen matematiksel ifadede temel kural uygulanarak istenen değer nasıl bulunur? Örnek 10,Köklü Sayılar,"Köklü sayılarda karekök alma, köklü ifadelerde işlem ve sadeleştirme konularını tekrar etmelisin."
Köklü Sayılar konusunda verilen matematiksel ifadede temel kural uygulanarak istenen değer nasıl bulunur? Örnek 11,Köklü Sayılar,"Köklü sayılarda karekök alma, köklü ifadelerde işlem ve sadeleştirme konularını tekrar etmelisin."
Köklü Sayılar konusunda verilen matematiksel ifadede temel kural uygulanarak istenen değer nasıl bulunur? Örnek 12,Köklü Sayılar,"Köklü sayılarda karekök alma, köklü ifadelerde işlem ve sadeleştirme konularını tekrar etmelisin."
Köklü Sayılar konusunda verilen matematiksel ifadede temel kural uygulanarak istenen değer nasıl bulunur? Örnek 13,Köklü Sayılar,"Köklü sayılarda karekök alma, köklü ifadelerde işlem ve sadeleştirme konularını tekrar etmelisin."
Köklü Sayılar konusunda verilen matematiksel ifadede temel kural uygulanarak istenen değer nasıl bulunur? Örnek 14,Köklü Sayılar,"Köklü sayılarda karekök alma, köklü ifadelerde işlem ve sadeleştirme konularını tekrar etmelisin."
Köklü Sayılar konusunda verilen matematiksel ifadede temel kural uygulanarak istenen değer nasıl bulunur? Örnek 15,Köklü Sayılar,"Köklü sayılarda karekök alma, köklü ifadelerde işlem ve sadeleştirme konularını tekrar etmelisin."
Köklü Sayılar konusunda verilen matematiksel ifadede temel kural uygulanarak istenen değer nasıl bulunur? Örnek 16,Köklü Sayılar,"Köklü sayılarda karekök alma, köklü ifadelerde işlem ve sadeleştirme konularını tekrar etmelisin."
Köklü Sayılar konusunda verilen matematiksel ifadede temel kural uygulanarak istenen değer nasıl bulunur? Örnek 17,Köklü Sayılar,"Köklü sayılarda karekök alma, köklü ifadelerde işlem ve sadeleştirme konularını tekrar etmelisin."
Köklü Sayılar konusunda verilen matematiksel ifadede temel kural uygulanarak istenen değer nasıl bulunur? Örnek 18,Köklü Sayılar,"Köklü sayılarda karekök alma, köklü ifadelerde işlem ve sadeleştirme konularını tekrar etmelisin."
Köklü Sayılar konusunda verilen matematiksel ifadede temel kural uygulanarak istenen değer nasıl bulunur? Örnek 19,Köklü Sayılar,"Köklü sayılarda karekök alma, köklü ifadelerde işlem ve sadeleştirme konularını tekrar etmelisin."
Köklü Sayılar konusunda verilen matematiksel ifadede temel kural uygulanarak istenen değer nasıl bulunur? Örnek 20,Köklü Sayılar,"Köklü sayılarda karekök alma, köklü ifadelerde işlem ve sadeleştirme konularını tekrar etmelisin."
2x+5=17 denkleminde x kaçtır?,Denklem Çözme,"Denklem çözmede bilinmeyeni yalnız bırakma, parantez açma ve eşitliğin iki tarafına aynı işlemi uygulama konularını tekrar etmelisin."
3x-4=11 ise x değeri nedir?,Denklem Çözme,"Denklem çözmede bilinmeyeni yalnız bırakma, parantez açma ve eşitliğin iki tarafına aynı işlemi uygulama konularını tekrar etmelisin."
x/2+6=10 denkleminde x kaçtır?,Denklem Çözme,"Denklem çözmede bilinmeyeni yalnız bırakma, parantez açma ve eşitliğin iki tarafına aynı işlemi uygulama konularını tekrar etmelisin."
5x=45 ise x kaçtır?,Denklem Çözme,"Denklem çözmede bilinmeyeni yalnız bırakma, parantez açma ve eşitliğin iki tarafına aynı işlemi uygulama konularını tekrar etmelisin."
4x+3=2x+15 denkleminde x kaçtır?,Denklem Çözme,"Denklem çözmede bilinmeyeni yalnız bırakma, parantez açma ve eşitliğin iki tarafına aynı işlemi uygulama konularını tekrar etmelisin."
x-7=13 ise x kaçtır?,Denklem Çözme,"Denklem çözmede bilinmeyeni yalnız bırakma, parantez açma ve eşitliğin iki tarafına aynı işlemi uygulama konularını tekrar etmelisin."
2(x+3)=18 denkleminde x kaçtır?,Denklem Çözme,"Denklem çözmede bilinmeyeni yalnız bırakma, parantez açma ve eşitliğin iki tarafına aynı işlemi uygulama konularını tekrar etmelisin."
7x-14=0 ise x kaçtır?,Denklem Çözme,"Denklem çözmede bilinmeyeni yalnız bırakma, parantez açma ve eşitliğin iki tarafına aynı işlemi uygulama konularını tekrar etmelisin."
x+2x+3x=24 denkleminde x kaçtır?,Denklem Çözme,"Denklem çözmede bilinmeyeni yalnız bırakma, parantez açma ve eşitliğin iki tarafına aynı işlemi uygulama konularını tekrar etmelisin."
Bir sayının 4 katı 32 ise bu sayı kaçtır?,Denklem Çözme,"Denklem çözmede bilinmeyeni yalnız bırakma, parantez açma ve eşitliğin iki tarafına aynı işlemi uygulama konularını tekrar etmelisin."
Denklem Çözme konusunda verilen matematiksel ifadede temel kural uygulanarak istenen değer nasıl bulunur? Örnek 1,Denklem Çözme,"Denklem çözmede bilinmeyeni yalnız bırakma, parantez açma ve eşitliğin iki tarafına aynı işlemi uygulama konularını tekrar etmelisin."
Denklem Çözme konusunda verilen matematiksel ifadede temel kural uygulanarak istenen değer nasıl bulunur? Örnek 2,Denklem Çözme,"Denklem çözmede bilinmeyeni yalnız bırakma, parantez açma ve eşitliğin iki tarafına aynı işlemi uygulama konularını tekrar etmelisin."
Denklem Çözme konusunda verilen matematiksel ifadede temel kural uygulanarak istenen değer nasıl bulunur? Örnek 3,Denklem Çözme,"Denklem çözmede bilinmeyeni yalnız bırakma, parantez açma ve eşitliğin iki tarafına aynı işlemi uygulama konularını tekrar etmelisin."
Denklem Çözme konusunda verilen matematiksel ifadede temel kural uygulanarak istenen değer nasıl bulunur? Örnek 4,Denklem Çözme,"Denklem çözmede bilinmeyeni yalnız bırakma, parantez açma ve eşitliğin iki tarafına aynı işlemi uygulama konularını tekrar etmelisin."
Denklem Çözme konusunda verilen matematiksel ifadede temel kural uygulanarak istenen değer nasıl bulunur? Örnek 5,Denklem Çözme,"Denklem çözmede bilinmeyeni yalnız bırakma, parantez açma ve eşitliğin iki tarafına aynı işlemi uygulama konularını tekrar etmelisin."
Denklem Çözme konusunda verilen matematiksel ifadede temel kural uygulanarak istenen değer nasıl bulunur? Örnek 6,Denklem Çözme,"Denklem çözmede bilinmeyeni yalnız bırakma, parantez açma ve eşitliğin iki tarafına aynı işlemi uygulama konularını tekrar etmelisin."
Denklem Çözme konusunda verilen matematiksel ifadede temel kural uygulanarak istenen değer nasıl bulunur? Örnek 7,Denklem Çözme,"Denklem çözmede bilinmeyeni yalnız bırakma, parantez açma ve eşitliğin iki tarafına aynı işlemi uygulama konularını tekrar etmelisin."
Denklem Çözme konusunda verilen matematiksel ifadede temel kural uygulanarak istenen değer nasıl bulunur? Örnek 8,Denklem Çözme,"Denklem çözmede bilinmeyeni yalnız bırakma, parantez açma ve eşitliğin iki tarafına aynı işlemi uygulama konularını tekrar etmelisin."
Denklem Çözme konusunda verilen matematiksel ifadede temel kural uygulanarak istenen değer nasıl bulunur? Örnek 9,Denklem Çözme,"Denklem çözmede bilinmeyeni yalnız bırakma, parantez açma ve eşitliğin iki tarafına aynı işlemi uygulama konularını tekrar etmelisin."
Denklem Çözme konusunda verilen matematiksel ifadede temel kural uygulanarak istenen değer nasıl bulunur? Örnek 10,Denklem Çözme,"Denklem çözmede bilinmeyeni yalnız bırakma, parantez açma ve eşitliğin iki tarafına aynı işlemi uygulama konularını tekrar etmelisin."
Denklem Çözme konusunda verilen matematiksel ifadede temel kural uygulanarak istenen değer nasıl bulunur? Örnek 11,Denklem Çözme,"Denklem çözmede bilinmeyeni yalnız bırakma, parantez açma ve eşitliğin iki tarafına aynı işlemi uygulama konularını tekrar etmelisin."
Denklem Çözme konusunda verilen matematiksel ifadede temel kural uygulanarak istenen değer nasıl bulunur? Örnek 12,Denklem Çözme,"Denklem çözmede bilinmeyeni yalnız bırakma, parantez açma ve eşitliğin iki tarafına aynı işlemi uygulama konularını tekrar etmelisin."
Denklem Çözme konusunda verilen matematiksel ifadede temel kural uygulanarak istenen değer nasıl bulunur? Örnek 13,Denklem Çözme,"Denklem çözmede bilinmeyeni yalnız bırakma, parantez açma ve eşitliğin iki tarafına aynı işlemi uygulama konularını tekrar etmelisin."
Denklem Çözme konusunda verilen matematiksel ifadede temel kural uygulanarak istenen değer nasıl bulunur? Örnek 14,Denklem Çözme,"Denklem çözmede bilinmeyeni yalnız bırakma, parantez açma ve eşitliğin iki tarafına aynı işlemi uygulama konularını tekrar etmelisin."
Denklem Çözme konusunda verilen matematiksel ifadede temel kural uygulanarak istenen değer nasıl bulunur? Örnek 15,Denklem Çözme,"Denklem çözmede bilinmeyeni yalnız bırakma, parantez açma ve eşitliğin iki tarafına aynı işlemi uygulama konularını tekrar etmelisin."
Denklem Çözme konusunda verilen matematiksel ifadede temel kural uygulanarak istenen değer nasıl bulunur? Örnek 16,Denklem Çözme,"Denklem çözmede bilinmeyeni yalnız bırakma, parantez açma ve eşitliğin iki tarafına aynı işlemi uygulama konularını tekrar etmelisin."
Denklem Çözme konusunda verilen matematiksel ifadede temel kural uygulanarak istenen değer nasıl bulunur? Örnek 17,Denklem Çözme,"Denklem çözmede bilinmeyeni yalnız bırakma, parantez açma ve eşitliğin iki tarafına aynı işlemi uygulama konularını tekrar etmelisin."
Denklem Çözme konusunda verilen matematiksel ifadede temel kural uygulanarak istenen değer nasıl bulunur? Örnek 18,Denklem Çözme,"Denklem çözmede bilinmeyeni yalnız bırakma, parantez açma ve eşitliğin iki tarafına aynı işlemi uygulama konularını tekrar etmelisin."
Denklem Çözme konusunda verilen matematiksel ifadede temel kural uygulanarak istenen değer nasıl bulunur? Örnek 19,Denklem Çözme,"Denklem çözmede bilinmeyeni yalnız bırakma, parantez açma ve eşitliğin iki tarafına aynı işlemi uygulama konularını tekrar etmelisin."
Denklem Çözme konusunda verilen matematiksel ifadede temel kural uygulanarak istenen değer nasıl bulunur? Örnek 20,Denklem Çözme,"Denklem çözmede bilinmeyeni yalnız bırakma, parantez açma ve eşitliğin iki tarafına aynı işlemi uygulama konularını tekrar etmelisin."
x+3<8 eşitsizliğini sağlayan en büyük tam sayı kaçtır?,Basit Eşitsizlikler,"Basit eşitsizliklerde yön değiştirme, aralık gösterimi ve tam sayı çözüm sayısını tekrar etmelisin."
2x>10 ise x için hangi değerler uygundur?,Basit Eşitsizlikler,"Basit eşitsizliklerde yön değiştirme, aralık gösterimi ve tam sayı çözüm sayısını tekrar etmelisin."
x-5≤2 eşitsizliğinin çözüm aralığı nedir?,Basit Eşitsizlikler,"Basit eşitsizliklerde yön değiştirme, aralık gösterimi ve tam sayı çözüm sayısını tekrar etmelisin."
3x+1≥10 eşitsizliğinde x en az kaç olabilir?,Basit Eşitsizlikler,"Basit eşitsizliklerde yön değiştirme, aralık gösterimi ve tam sayı çözüm sayısını tekrar etmelisin."
x pozitif tam sayı ve x<6 ise x kaç farklı değer alır?,Basit Eşitsizlikler,"Basit eşitsizliklerde yön değiştirme, aralık gösterimi ve tam sayı çözüm sayısını tekrar etmelisin."
-2x<8 eşitsizliğinde her iki taraf negatif sayıya bölünürse yön ne olur?,Basit Eşitsizlikler,"Basit eşitsizliklerde yön değiştirme, aralık gösterimi ve tam sayı çözüm sayısını tekrar etmelisin."
x+4≥9 eşitsizliğini sağlayan en küçük tam sayı kaçtır?,Basit Eşitsizlikler,"Basit eşitsizliklerde yön değiştirme, aralık gösterimi ve tam sayı çözüm sayısını tekrar etmelisin."
5<x<10 aralığındaki tam sayılar kaç tanedir?,Basit Eşitsizlikler,"Basit eşitsizliklerde yön değiştirme, aralık gösterimi ve tam sayı çözüm sayısını tekrar etmelisin."
2x-3≤7 eşitsizliğinin çözümü nedir?,Basit Eşitsizlikler,"Basit eşitsizliklerde yön değiştirme, aralık gösterimi ve tam sayı çözüm sayısını tekrar etmelisin."
x negatif tam sayı ve x>-4 ise x kaç farklı değer alır?,Basit Eşitsizlikler,"Basit eşitsizliklerde yön değiştirme, aralık gösterimi ve tam sayı çözüm sayısını tekrar etmelisin."
Basit Eşitsizlikler konusunda verilen matematiksel ifadede temel kural uygulanarak istenen değer nasıl bulunur? Örnek 1,Basit Eşitsizlikler,"Basit eşitsizliklerde yön değiştirme, aralık gösterimi ve tam sayı çözüm sayısını tekrar etmelisin."
Basit Eşitsizlikler konusunda verilen matematiksel ifadede temel kural uygulanarak istenen değer nasıl bulunur? Örnek 2,Basit Eşitsizlikler,"Basit eşitsizliklerde yön değiştirme, aralık gösterimi ve tam sayı çözüm sayısını tekrar etmelisin."
Basit Eşitsizlikler konusunda verilen matematiksel ifadede temel kural uygulanarak istenen değer nasıl bulunur? Örnek 3,Basit Eşitsizlikler,"Basit eşitsizliklerde yön değiştirme, aralık gösterimi ve tam sayı çözüm sayısını tekrar etmelisin."
Basit Eşitsizlikler konusunda verilen matematiksel ifadede temel kural uygulanarak istenen değer nasıl bulunur? Örnek 4,Basit Eşitsizlikler,"Basit eşitsizliklerde yön değiştirme, aralık gösterimi ve tam sayı çözüm sayısını tekrar etmelisin."
Basit Eşitsizlikler konusunda verilen matematiksel ifadede temel kural uygulanarak istenen değer nasıl bulunur? Örnek 5,Basit Eşitsizlikler,"Basit eşitsizliklerde yön değiştirme, aralık gösterimi ve tam sayı çözüm sayısını tekrar etmelisin."
Basit Eşitsizlikler konusunda verilen matematiksel ifadede temel kural uygulanarak istenen değer nasıl bulunur? Örnek 6,Basit Eşitsizlikler,"Basit eşitsizliklerde yön değiştirme, aralık gösterimi ve tam sayı çözüm sayısını tekrar etmelisin."
Basit Eşitsizlikler konusunda verilen matematiksel ifadede temel kural uygulanarak istenen değer nasıl bulunur? Örnek 7,Basit Eşitsizlikler,"Basit eşitsizliklerde yön değiştirme, aralık gösterimi ve tam sayı çözüm sayısını tekrar etmelisin."
Basit Eşitsizlikler konusunda verilen matematiksel ifadede temel kural uygulanarak istenen değer nasıl bulunur? Örnek 8,Basit Eşitsizlikler,"Basit eşitsizliklerde yön değiştirme, aralık gösterimi ve tam sayı çözüm sayısını tekrar etmelisin."
Basit Eşitsizlikler konusunda verilen matematiksel ifadede temel kural uygulanarak istenen değer nasıl bulunur? Örnek 9,Basit Eşitsizlikler,"Basit eşitsizliklerde yön değiştirme, aralık gösterimi ve tam sayı çözüm sayısını tekrar etmelisin."
Basit Eşitsizlikler konusunda verilen matematiksel ifadede temel kural uygulanarak istenen değer nasıl bulunur? Örnek 10,Basit Eşitsizlikler,"Basit eşitsizliklerde yön değiştirme, aralık gösterimi ve tam sayı çözüm sayısını tekrar etmelisin."
Basit Eşitsizlikler konusunda verilen matematiksel ifadede temel kural uygulanarak istenen değer nasıl bulunur? Örnek 11,Basit Eşitsizlikler,"Basit eşitsizliklerde yön değiştirme, aralık gösterimi ve tam sayı çözüm sayısını tekrar etmelisin."
Basit Eşitsizlikler konusunda verilen matematiksel ifadede temel kural uygulanarak istenen değer nasıl bulunur? Örnek 12,Basit Eşitsizlikler,"Basit eşitsizliklerde yön değiştirme, aralık gösterimi ve tam sayı çözüm sayısını tekrar etmelisin."
Basit Eşitsizlikler konusunda verilen matematiksel ifadede temel kural uygulanarak istenen değer nasıl bulunur? Örnek 13,Basit Eşitsizlikler,"Basit eşitsizliklerde yön değiştirme, aralık gösterimi ve tam sayı çözüm sayısını tekrar etmelisin."
Basit Eşitsizlikler konusunda verilen matematiksel ifadede temel kural uygulanarak istenen değer nasıl bulunur? Örnek 14,Basit Eşitsizlikler,"Basit eşitsizliklerde yön değiştirme, aralık gösterimi ve tam sayı çözüm sayısını tekrar etmelisin."
Basit Eşitsizlikler konusunda verilen matematiksel ifadede temel kural uygulanarak istenen değer nasıl bulunur? Örnek 15,Basit Eşitsizlikler,"Basit eşitsizliklerde yön değiştirme, aralık gösterimi ve tam sayı çözüm sayısını tekrar etmelisin."
Basit Eşitsizlikler konusunda verilen matematiksel ifadede temel kural uygulanarak istenen değer nasıl bulunur? Örnek 16,Basit Eşitsizlikler,"Basit eşitsizliklerde yön değiştirme, aralık gösterimi ve tam sayı çözüm sayısını tekrar etmelisin."
Basit Eşitsizlikler konusunda verilen matematiksel ifadede temel kural uygulanarak istenen değer nasıl bulunur? Örnek 17,Basit Eşitsizlikler,"Basit eşitsizliklerde yön değiştirme, aralık gösterimi ve tam sayı çözüm sayısını tekrar etmelisin."
Basit Eşitsizlikler konusunda verilen matematiksel ifadede temel kural uygulanarak istenen değer nasıl bulunur? Örnek 18,Basit Eşitsizlikler,"Basit eşitsizliklerde yön değiştirme, aralık gösterimi ve tam sayı çözüm sayısını tekrar etmelisin."
Basit Eşitsizlikler konusunda verilen matematiksel ifadede temel kural uygulanarak istenen değer nasıl bulunur? Örnek 19,Basit Eşitsizlikler,"Basit eşitsizliklerde yön değiştirme, aralık gösterimi ve tam sayı çözüm sayısını tekrar etmelisin."
Basit Eşitsizlikler konusunda verilen matematiksel ifadede temel kural uygulanarak istenen değer nasıl bulunur? Örnek 20,Basit Eşitsizlikler,"Basit eşitsizliklerde yön değiştirme, aralık gösterimi ve tam sayı çözüm sayısını tekrar etmelisin."
Mutlak değer içinde -7 ifadesinin sonucu kaçtır?,Mutlak Değer,"Mutlak değerde uzaklık mantığını, mutlak değer denklemlerini ve eşitsizliklerini tekrar etmelisin."
|x|=5 ise x hangi değerleri alabilir?,Mutlak Değer,"Mutlak değerde uzaklık mantığını, mutlak değer denklemlerini ve eşitsizliklerini tekrar etmelisin."
|-3|+|4| işleminin sonucu kaçtır?,Mutlak Değer,"Mutlak değerde uzaklık mantığını, mutlak değer denklemlerini ve eşitsizliklerini tekrar etmelisin."
|x-2|=0 ise x kaçtır?,Mutlak Değer,"Mutlak değerde uzaklık mantığını, mutlak değer denklemlerini ve eşitsizliklerini tekrar etmelisin."
|6-10| değeri kaçtır?,Mutlak Değer,"Mutlak değerde uzaklık mantığını, mutlak değer denklemlerini ve eşitsizliklerini tekrar etmelisin."
|x|<3 eşitsizliğini sağlayan tam sayılar hangileridir?,Mutlak Değer,"Mutlak değerde uzaklık mantığını, mutlak değer denklemlerini ve eşitsizliklerini tekrar etmelisin."
|-8| ile |8| değerleri eşit midir?,Mutlak Değer,"Mutlak değerde uzaklık mantığını, mutlak değer denklemlerini ve eşitsizliklerini tekrar etmelisin."
|2x|=10 ise x hangi değerleri alabilir?,Mutlak Değer,"Mutlak değerde uzaklık mantığını, mutlak değer denklemlerini ve eşitsizliklerini tekrar etmelisin."
|x+1|=4 denkleminin çözüm değerleri nelerdir?,Mutlak Değer,"Mutlak değerde uzaklık mantığını, mutlak değer denklemlerini ve eşitsizliklerini tekrar etmelisin."
|5|-|-2| işleminin sonucu kaçtır?,Mutlak Değer,"Mutlak değerde uzaklık mantığını, mutlak değer denklemlerini ve eşitsizliklerini tekrar etmelisin."
Mutlak Değer konusunda verilen matematiksel ifadede temel kural uygulanarak istenen değer nasıl bulunur? Örnek 1,Mutlak Değer,"Mutlak değerde uzaklık mantığını, mutlak değer denklemlerini ve eşitsizliklerini tekrar etmelisin."
Mutlak Değer konusunda verilen matematiksel ifadede temel kural uygulanarak istenen değer nasıl bulunur? Örnek 2,Mutlak Değer,"Mutlak değerde uzaklık mantığını, mutlak değer denklemlerini ve eşitsizliklerini tekrar etmelisin."
Mutlak Değer konusunda verilen matematiksel ifadede temel kural uygulanarak istenen değer nasıl bulunur? Örnek 3,Mutlak Değer,"Mutlak değerde uzaklık mantığını, mutlak değer denklemlerini ve eşitsizliklerini tekrar etmelisin."
Mutlak Değer konusunda verilen matematiksel ifadede temel kural uygulanarak istenen değer nasıl bulunur? Örnek 4,Mutlak Değer,"Mutlak değerde uzaklık mantığını, mutlak değer denklemlerini ve eşitsizliklerini tekrar etmelisin."
Mutlak Değer konusunda verilen matematiksel ifadede temel kural uygulanarak istenen değer nasıl bulunur? Örnek 5,Mutlak Değer,"Mutlak değerde uzaklık mantığını, mutlak değer denklemlerini ve eşitsizliklerini tekrar etmelisin."
Mutlak Değer konusunda verilen matematiksel ifadede temel kural uygulanarak istenen değer nasıl bulunur? Örnek 6,Mutlak Değer,"Mutlak değerde uzaklık mantığını, mutlak değer denklemlerini ve eşitsizliklerini tekrar etmelisin."
Mutlak Değer konusunda verilen matematiksel ifadede temel kural uygulanarak istenen değer nasıl bulunur? Örnek 7,Mutlak Değer,"Mutlak değerde uzaklık mantığını, mutlak değer denklemlerini ve eşitsizliklerini tekrar etmelisin."
Mutlak Değer konusunda verilen matematiksel ifadede temel kural uygulanarak istenen değer nasıl bulunur? Örnek 8,Mutlak Değer,"Mutlak değerde uzaklık mantığını, mutlak değer denklemlerini ve eşitsizliklerini tekrar etmelisin."
Mutlak Değer konusunda verilen matematiksel ifadede temel kural uygulanarak istenen değer nasıl bulunur? Örnek 9,Mutlak Değer,"Mutlak değerde uzaklık mantığını, mutlak değer denklemlerini ve eşitsizliklerini tekrar etmelisin."
Mutlak Değer konusunda verilen matematiksel ifadede temel kural uygulanarak istenen değer nasıl bulunur? Örnek 10,Mutlak Değer,"Mutlak değerde uzaklık mantığını, mutlak değer denklemlerini ve eşitsizliklerini tekrar etmelisin."
Mutlak Değer konusunda verilen matematiksel ifadede temel kural uygulanarak istenen değer nasıl bulunur? Örnek 11,Mutlak Değer,"Mutlak değerde uzaklık mantığını, mutlak değer denklemlerini ve eşitsizliklerini tekrar etmelisin."
Mutlak Değer konusunda verilen matematiksel ifadede temel kural uygulanarak istenen değer nasıl bulunur? Örnek 12,Mutlak Değer,"Mutlak değerde uzaklık mantığını, mutlak değer denklemlerini ve eşitsizliklerini tekrar etmelisin."
Mutlak Değer konusunda verilen matematiksel ifadede temel kural uygulanarak istenen değer nasıl bulunur? Örnek 13,Mutlak Değer,"Mutlak değerde uzaklık mantığını, mutlak değer denklemlerini ve eşitsizliklerini tekrar etmelisin."
Mutlak Değer konusunda verilen matematiksel ifadede temel kural uygulanarak istenen değer nasıl bulunur? Örnek 14,Mutlak Değer,"Mutlak değerde uzaklık mantığını, mutlak değer denklemlerini ve eşitsizliklerini tekrar etmelisin."
Mutlak Değer konusunda verilen matematiksel ifadede temel kural uygulanarak istenen değer nasıl bulunur? Örnek 15,Mutlak Değer,"Mutlak değerde uzaklık mantığını, mutlak değer denklemlerini ve eşitsizliklerini tekrar etmelisin."
Mutlak Değer konusunda verilen matematiksel ifadede temel kural uygulanarak istenen değer nasıl bulunur? Örnek 16,Mutlak Değer,"Mutlak değerde uzaklık mantığını, mutlak değer denklemlerini ve eşitsizliklerini tekrar etmelisin."
Mutlak Değer konusunda verilen matematiksel ifadede temel kural uygulanarak istenen değer nasıl bulunur? Örnek 17,Mutlak Değer,"Mutlak değerde uzaklık mantığını, mutlak değer denklemlerini ve eşitsizliklerini tekrar etmelisin."
Mutlak Değer konusunda verilen matematiksel ifadede temel kural uygulanarak istenen değer nasıl bulunur? Örnek 18,Mutlak Değer,"Mutlak değerde uzaklık mantığını, mutlak değer denklemlerini ve eşitsizliklerini tekrar etmelisin."
Mutlak Değer konusunda verilen matematiksel ifadede temel kural uygulanarak istenen değer nasıl bulunur? Örnek 19,Mutlak Değer,"Mutlak değerde uzaklık mantığını, mutlak değer denklemlerini ve eşitsizliklerini tekrar etmelisin."
Mutlak Değer konusunda verilen matematiksel ifadede temel kural uygulanarak istenen değer nasıl bulunur? Örnek 20,Mutlak Değer,"Mutlak değerde uzaklık mantığını, mutlak değer denklemlerini ve eşitsizliklerini tekrar etmelisin."
x kare eksi 9 ifadesi çarpanlarına nasıl ayrılır?,Çarpanlara Ayırma,"Çarpanlara ayırmada ortak çarpan, iki kare farkı ve tam kare özdeşliklerini tekrar etmelisin."
x kare artı 5x ifadesinde ortak çarpan nedir?,Çarpanlara Ayırma,"Çarpanlara ayırmada ortak çarpan, iki kare farkı ve tam kare özdeşliklerini tekrar etmelisin."
a kare eksi b kare hangi özdeşlikle açılır?,Çarpanlara Ayırma,"Çarpanlara ayırmada ortak çarpan, iki kare farkı ve tam kare özdeşliklerini tekrar etmelisin."
x kare artı 6x artı 9 ifadesi hangi tam kareye eşittir?,Çarpanlara Ayırma,"Çarpanlara ayırmada ortak çarpan, iki kare farkı ve tam kare özdeşliklerini tekrar etmelisin."
2x+2y ifadesinde ortak çarpan parantezine alma sonucu nedir?,Çarpanlara Ayırma,"Çarpanlara ayırmada ortak çarpan, iki kare farkı ve tam kare özdeşliklerini tekrar etmelisin."
x kare eksi 4 ifadesinin çarpanları nelerdir?,Çarpanlara Ayırma,"Çarpanlara ayırmada ortak çarpan, iki kare farkı ve tam kare özdeşliklerini tekrar etmelisin."
3a+6 ifadesi ortak çarpanla nasıl yazılır?,Çarpanlara Ayırma,"Çarpanlara ayırmada ortak çarpan, iki kare farkı ve tam kare özdeşliklerini tekrar etmelisin."
x kare artı 2x artı 1 ifadesi hangi çarpım biçimindedir?,Çarpanlara Ayırma,"Çarpanlara ayırmada ortak çarpan, iki kare farkı ve tam kare özdeşliklerini tekrar etmelisin."
ab+ac ifadesinde ortak çarpan nedir?,Çarpanlara Ayırma,"Çarpanlara ayırmada ortak çarpan, iki kare farkı ve tam kare özdeşliklerini tekrar etmelisin."
4x kare eksi 25 ifadesi hangi iki çarpanın çarpımıdır?,Çarpanlara Ayırma,"Çarpanlara ayırmada ortak çarpan, iki kare farkı ve tam kare özdeşliklerini tekrar etmelisin."
Çarpanlara Ayırma konusunda verilen matematiksel ifadede temel kural uygulanarak istenen değer nasıl bulunur? Örnek 1,Çarpanlara Ayırma,"Çarpanlara ayırmada ortak çarpan, iki kare farkı ve tam kare özdeşliklerini tekrar etmelisin."
Çarpanlara Ayırma konusunda verilen matematiksel ifadede temel kural uygulanarak istenen değer nasıl bulunur? Örnek 2,Çarpanlara Ayırma,"Çarpanlara ayırmada ortak çarpan, iki kare farkı ve tam kare özdeşliklerini tekrar etmelisin."
Çarpanlara Ayırma konusunda verilen matematiksel ifadede temel kural uygulanarak istenen değer nasıl bulunur? Örnek 3,Çarpanlara Ayırma,"Çarpanlara ayırmada ortak çarpan, iki kare farkı ve tam kare özdeşliklerini tekrar etmelisin."
Çarpanlara Ayırma konusunda verilen matematiksel ifadede temel kural uygulanarak istenen değer nasıl bulunur? Örnek 4,Çarpanlara Ayırma,"Çarpanlara ayırmada ortak çarpan, iki kare farkı ve tam kare özdeşliklerini tekrar etmelisin."
Çarpanlara Ayırma konusunda verilen matematiksel ifadede temel kural uygulanarak istenen değer nasıl bulunur? Örnek 5,Çarpanlara Ayırma,"Çarpanlara ayırmada ortak çarpan, iki kare farkı ve tam kare özdeşliklerini tekrar etmelisin."
Çarpanlara Ayırma konusunda verilen matematiksel ifadede temel kural uygulanarak istenen değer nasıl bulunur? Örnek 6,Çarpanlara Ayırma,"Çarpanlara ayırmada ortak çarpan, iki kare farkı ve tam kare özdeşliklerini tekrar etmelisin."
Çarpanlara Ayırma konusunda verilen matematiksel ifadede temel kural uygulanarak istenen değer nasıl bulunur? Örnek 7,Çarpanlara Ayırma,"Çarpanlara ayırmada ortak çarpan, iki kare farkı ve tam kare özdeşliklerini tekrar etmelisin."
Çarpanlara Ayırma konusunda verilen matematiksel ifadede temel kural uygulanarak istenen değer nasıl bulunur? Örnek 8,Çarpanlara Ayırma,"Çarpanlara ayırmada ortak çarpan, iki kare farkı ve tam kare özdeşliklerini tekrar etmelisin."
Çarpanlara Ayırma konusunda verilen matematiksel ifadede temel kural uygulanarak istenen değer nasıl bulunur? Örnek 9,Çarpanlara Ayırma,"Çarpanlara ayırmada ortak çarpan, iki kare farkı ve tam kare özdeşliklerini tekrar etmelisin."
Çarpanlara Ayırma konusunda verilen matematiksel ifadede temel kural uygulanarak istenen değer nasıl bulunur? Örnek 10,Çarpanlara Ayırma,"Çarpanlara ayırmada ortak çarpan, iki kare farkı ve tam kare özdeşliklerini tekrar etmelisin."
Çarpanlara Ayırma konusunda verilen matematiksel ifadede temel kural uygulanarak istenen değer nasıl bulunur? Örnek 11,Çarpanlara Ayırma,"Çarpanlara ayırmada ortak çarpan, iki kare farkı ve tam kare özdeşliklerini tekrar etmelisin."
Çarpanlara Ayırma konusunda verilen matematiksel ifadede temel kural uygulanarak istenen değer nasıl bulunur? Örnek 12,Çarpanlara Ayırma,"Çarpanlara ayırmada ortak çarpan, iki kare farkı ve tam kare özdeşliklerini tekrar etmelisin."
Çarpanlara Ayırma konusunda verilen matematiksel ifadede temel kural uygulanarak istenen değer nasıl bulunur? Örnek 13,Çarpanlara Ayırma,"Çarpanlara ayırmada ortak çarpan, iki kare farkı ve tam kare özdeşliklerini tekrar etmelisin."
Çarpanlara Ayırma konusunda verilen matematiksel ifadede temel kural uygulanarak istenen değer nasıl bulunur? Örnek 14,Çarpanlara Ayırma,"Çarpanlara ayırmada ortak çarpan, iki kare farkı ve tam kare özdeşliklerini tekrar etmelisin."
Çarpanlara Ayırma konusunda verilen matematiksel ifadede temel kural uygulanarak istenen değer nasıl bulunur? Örnek 15,Çarpanlara Ayırma,"Çarpanlara ayırmada ortak çarpan, iki kare farkı ve tam kare özdeşliklerini tekrar etmelisin."
Çarpanlara Ayırma konusunda verilen matematiksel ifadede temel kural uygulanarak istenen değer nasıl bulunur? Örnek 16,Çarpanlara Ayırma,"Çarpanlara ayırmada ortak çarpan, iki kare farkı ve tam kare özdeşliklerini tekrar etmelisin."
Çarpanlara Ayırma konusunda verilen matematiksel ifadede temel kural uygulanarak istenen değer nasıl bulunur? Örnek 17,Çarpanlara Ayırma,"Çarpanlara ayırmada ortak çarpan, iki kare farkı ve tam kare özdeşliklerini tekrar etmelisin."
Çarpanlara Ayırma konusunda verilen matematiksel ifadede temel kural uygulanarak istenen değer nasıl bulunur? Örnek 18,Çarpanlara Ayırma,"Çarpanlara ayırmada ortak çarpan, iki kare farkı ve tam kare özdeşliklerini tekrar etmelisin."
Çarpanlara Ayırma konusunda verilen matematiksel ifadede temel kural uygulanarak istenen değer nasıl bulunur? Örnek 19,Çarpanlara Ayırma,"Çarpanlara ayırmada ortak çarpan, iki kare farkı ve tam kare özdeşliklerini tekrar etmelisin."
Çarpanlara Ayırma konusunda verilen matematiksel ifadede temel kural uygulanarak istenen değer nasıl bulunur? Örnek 20,Çarpanlara Ayırma,"Çarpanlara ayırmada ortak çarpan, iki kare farkı ve tam kare özdeşliklerini tekrar etmelisin."
"A={1,2,3} ve B={3,4,5} ise A kesişim B nedir?",Kümeler,"Kümelerde eleman, alt küme, birleşim, kesişim ve fark işlemlerini tekrar etmelisin."
"A={a,b,c} kümesinin eleman sayısı kaçtır?",Kümeler,"Kümelerde eleman, alt küme, birleşim, kesişim ve fark işlemlerini tekrar etmelisin."
Boş kümenin eleman sayısı kaçtır?,Kümeler,"Kümelerde eleman, alt küme, birleşim, kesişim ve fark işlemlerini tekrar etmelisin."
"A={1,2} kümesinin alt küme sayısı kaçtır?",Kümeler,"Kümelerde eleman, alt küme, birleşim, kesişim ve fark işlemlerini tekrar etmelisin."
A birleşim B işlemi hangi elemanları içerir?,Kümeler,"Kümelerde eleman, alt küme, birleşim, kesişim ve fark işlemlerini tekrar etmelisin."
Evrensel küme kavramı neyi ifade eder?,Kümeler,"Kümelerde eleman, alt küme, birleşim, kesişim ve fark işlemlerini tekrar etmelisin."
"A={2,4,6} kümesinde 4 eleman mıdır?",Kümeler,"Kümelerde eleman, alt küme, birleşim, kesişim ve fark işlemlerini tekrar etmelisin."
"A={1,3,5} ve B={2,4} ise A ile B ayrık küme midir?",Kümeler,"Kümelerde eleman, alt küme, birleşim, kesişim ve fark işlemlerini tekrar etmelisin."
Bir kümenin kendisi alt kümesi midir?,Kümeler,"Kümelerde eleman, alt küme, birleşim, kesişim ve fark işlemlerini tekrar etmelisin."
A-B işlemi hangi elemanları gösterir?,Kümeler,"Kümelerde eleman, alt küme, birleşim, kesişim ve fark işlemlerini tekrar etmelisin."
Kümeler konusunda verilen matematiksel ifadede temel kural uygulanarak istenen değer nasıl bulunur? Örnek 1,Kümeler,"Kümelerde eleman, alt küme, birleşim, kesişim ve fark işlemlerini tekrar etmelisin."
Kümeler konusunda verilen matematiksel ifadede temel kural uygulanarak istenen değer nasıl bulunur? Örnek 2,Kümeler,"Kümelerde eleman, alt küme, birleşim, kesişim ve fark işlemlerini tekrar etmelisin."
Kümeler konusunda verilen matematiksel ifadede temel kural uygulanarak istenen değer nasıl bulunur? Örnek 3,Kümeler,"Kümelerde eleman, alt küme, birleşim, kesişim ve fark işlemlerini tekrar etmelisin."
Kümeler konusunda verilen matematiksel ifadede temel kural uygulanarak istenen değer nasıl bulunur? Örnek 4,Kümeler,"Kümelerde eleman, alt küme, birleşim, kesişim ve fark işlemlerini tekrar etmelisin."
Kümeler konusunda verilen matematiksel ifadede temel kural uygulanarak istenen değer nasıl bulunur? Örnek 5,Kümeler,"Kümelerde eleman, alt küme, birleşim, kesişim ve fark işlemlerini tekrar etmelisin."
Kümeler konusunda verilen matematiksel ifadede temel kural uygulanarak istenen değer nasıl bulunur? Örnek 6,Kümeler,"Kümelerde eleman, alt küme, birleşim, kesişim ve fark işlemlerini tekrar etmelisin."
Kümeler konusunda verilen matematiksel ifadede temel kural uygulanarak istenen değer nasıl bulunur? Örnek 7,Kümeler,"Kümelerde eleman, alt küme, birleşim, kesişim ve fark işlemlerini tekrar etmelisin."
Kümeler konusunda verilen matematiksel ifadede temel kural uygulanarak istenen değer nasıl bulunur? Örnek 8,Kümeler,"Kümelerde eleman, alt küme, birleşim, kesişim ve fark işlemlerini tekrar etmelisin."
Kümeler konusunda verilen matematiksel ifadede temel kural uygulanarak istenen değer nasıl bulunur? Örnek 9,Kümeler,"Kümelerde eleman, alt küme, birleşim, kesişim ve fark işlemlerini tekrar etmelisin."
Kümeler konusunda verilen matematiksel ifadede temel kural uygulanarak istenen değer nasıl bulunur? Örnek 10,Kümeler,"Kümelerde eleman, alt küme, birleşim, kesişim ve fark işlemlerini tekrar etmelisin."
Kümeler konusunda verilen matematiksel ifadede temel kural uygulanarak istenen değer nasıl bulunur? Örnek 11,Kümeler,"Kümelerde eleman, alt küme, birleşim, kesişim ve fark işlemlerini tekrar etmelisin."
Kümeler konusunda verilen matematiksel ifadede temel kural uygulanarak istenen değer nasıl bulunur? Örnek 12,Kümeler,"Kümelerde eleman, alt küme, birleşim, kesişim ve fark işlemlerini tekrar etmelisin."
Kümeler konusunda verilen matematiksel ifadede temel kural uygulanarak istenen değer nasıl bulunur? Örnek 13,Kümeler,"Kümelerde eleman, alt küme, birleşim, kesişim ve fark işlemlerini tekrar etmelisin."
Kümeler konusunda verilen matematiksel ifadede temel kural uygulanarak istenen değer nasıl bulunur? Örnek 14,Kümeler,"Kümelerde eleman, alt küme, birleşim, kesişim ve fark işlemlerini tekrar etmelisin."
Kümeler konusunda verilen matematiksel ifadede temel kural uygulanarak istenen değer nasıl bulunur? Örnek 15,Kümeler,"Kümelerde eleman, alt küme, birleşim, kesişim ve fark işlemlerini tekrar etmelisin."
Kümeler konusunda verilen matematiksel ifadede temel kural uygulanarak istenen değer nasıl bulunur? Örnek 16,Kümeler,"Kümelerde eleman, alt küme, birleşim, kesişim ve fark işlemlerini tekrar etmelisin."
Kümeler konusunda verilen matematiksel ifadede temel kural uygulanarak istenen değer nasıl bulunur? Örnek 17,Kümeler,"Kümelerde eleman, alt küme, birleşim, kesişim ve fark işlemlerini tekrar etmelisin."
Kümeler konusunda verilen matematiksel ifadede temel kural uygulanarak istenen değer nasıl bulunur? Örnek 18,Kümeler,"Kümelerde eleman, alt küme, birleşim, kesişim ve fark işlemlerini tekrar etmelisin."
Kümeler konusunda verilen matematiksel ifadede temel kural uygulanarak istenen değer nasıl bulunur? Örnek 19,Kümeler,"Kümelerde eleman, alt küme, birleşim, kesişim ve fark işlemlerini tekrar etmelisin."
Kümeler konusunda verilen matematiksel ifadede temel kural uygulanarak istenen değer nasıl bulunur? Örnek 20,Kümeler,"Kümelerde eleman, alt küme, birleşim, kesişim ve fark işlemlerini tekrar etmelisin."
f(x)=2x+3 ise f(4) kaçtır?,Fonksiyon,"Fonksiyonlarda değer bulma, bileşke mantığı ve fonksiyon tanımını tekrar etmelisin."
f(x)=x kare ise f(5) değeri kaçtır?,Fonksiyon,"Fonksiyonlarda değer bulma, bileşke mantığı ve fonksiyon tanımını tekrar etmelisin."
f(x)=3x-1 fonksiyonunda f(2) kaçtır?,Fonksiyon,"Fonksiyonlarda değer bulma, bileşke mantığı ve fonksiyon tanımını tekrar etmelisin."
f(x)=x+7 ise f(a) ifadesi nedir?,Fonksiyon,"Fonksiyonlarda değer bulma, bileşke mantığı ve fonksiyon tanımını tekrar etmelisin."
f(x)=2x ve g(x)=x+1 ise f(g(2)) kaçtır?,Fonksiyon,"Fonksiyonlarda değer bulma, bileşke mantığı ve fonksiyon tanımını tekrar etmelisin."
f(x)=x-4 olduğuna göre f(10) kaçtır?,Fonksiyon,"Fonksiyonlarda değer bulma, bileşke mantığı ve fonksiyon tanımını tekrar etmelisin."
f(x)=5 ise bu fonksiyon sabit fonksiyon mudur?,Fonksiyon,"Fonksiyonlarda değer bulma, bileşke mantığı ve fonksiyon tanımını tekrar etmelisin."
f(x)=x/2 ise f(8) kaçtır?,Fonksiyon,"Fonksiyonlarda değer bulma, bileşke mantığı ve fonksiyon tanımını tekrar etmelisin."
Bir fonksiyonda her x değerine kaç çıktı karşılık gelmelidir?,Fonksiyon,"Fonksiyonlarda değer bulma, bileşke mantığı ve fonksiyon tanımını tekrar etmelisin."
f(x)=x kare -1 ise f(3) kaçtır?,Fonksiyon,"Fonksiyonlarda değer bulma, bileşke mantığı ve fonksiyon tanımını tekrar etmelisin."
Fonksiyon konusunda verilen kurala göre değişken yerine değer yazılıp sonuç nasıl bulunur? Örnek 1,Fonksiyon,"Fonksiyonlarda değer bulma, bileşke mantığı ve fonksiyon tanımını tekrar etmelisin."
Fonksiyon konusunda verilen kurala göre değişken yerine değer yazılıp sonuç nasıl bulunur? Örnek 2,Fonksiyon,"Fonksiyonlarda değer bulma, bileşke mantığı ve fonksiyon tanımını tekrar etmelisin."
Fonksiyon konusunda verilen kurala göre değişken yerine değer yazılıp sonuç nasıl bulunur? Örnek 3,Fonksiyon,"Fonksiyonlarda değer bulma, bileşke mantığı ve fonksiyon tanımını tekrar etmelisin."
Fonksiyon konusunda verilen kurala göre değişken yerine değer yazılıp sonuç nasıl bulunur? Örnek 4,Fonksiyon,"Fonksiyonlarda değer bulma, bileşke mantığı ve fonksiyon tanımını tekrar etmelisin."
Fonksiyon konusunda verilen kurala göre değişken yerine değer yazılıp sonuç nasıl bulunur? Örnek 5,Fonksiyon,"Fonksiyonlarda değer bulma, bileşke mantığı ve fonksiyon tanımını tekrar etmelisin."
Fonksiyon konusunda verilen kurala göre değişken yerine değer yazılıp sonuç nasıl bulunur? Örnek 6,Fonksiyon,"Fonksiyonlarda değer bulma, bileşke mantığı ve fonksiyon tanımını tekrar etmelisin."
Fonksiyon konusunda verilen kurala göre değişken yerine değer yazılıp sonuç nasıl bulunur? Örnek 7,Fonksiyon,"Fonksiyonlarda değer bulma, bileşke mantığı ve fonksiyon tanımını tekrar etmelisin."
Fonksiyon konusunda verilen kurala göre değişken yerine değer yazılıp sonuç nasıl bulunur? Örnek 8,Fonksiyon,"Fonksiyonlarda değer bulma, bileşke mantığı ve fonksiyon tanımını tekrar etmelisin."
Fonksiyon konusunda verilen kurala göre değişken yerine değer yazılıp sonuç nasıl bulunur? Örnek 9,Fonksiyon,"Fonksiyonlarda değer bulma, bileşke mantığı ve fonksiyon tanımını tekrar etmelisin."
Fonksiyon konusunda verilen kurala göre değişken yerine değer yazılıp sonuç nasıl bulunur? Örnek 10,Fonksiyon,"Fonksiyonlarda değer bulma, bileşke mantığı ve fonksiyon tanımını tekrar etmelisin."
Fonksiyon konusunda verilen kurala göre değişken yerine değer yazılıp sonuç nasıl bulunur? Örnek 11,Fonksiyon,"Fonksiyonlarda değer bulma, bileşke mantığı ve fonksiyon tanımını tekrar etmelisin."
Fonksiyon konusunda verilen kurala göre değişken yerine değer yazılıp sonuç nasıl bulunur? Örnek 12,Fonksiyon,"Fonksiyonlarda değer bulma, bileşke mantığı ve fonksiyon tanımını tekrar etmelisin."
Fonksiyon konusunda verilen kurala göre değişken yerine değer yazılıp sonuç nasıl bulunur? Örnek 13,Fonksiyon,"Fonksiyonlarda değer bulma, bileşke mantığı ve fonksiyon tanımını tekrar etmelisin."
Fonksiyon konusunda verilen kurala göre değişken yerine değer yazılıp sonuç nasıl bulunur? Örnek 14,Fonksiyon,"Fonksiyonlarda değer bulma, bileşke mantığı ve fonksiyon tanımını tekrar etmelisin."
Fonksiyon konusunda verilen kurala göre değişken yerine değer yazılıp sonuç nasıl bulunur? Örnek 15,Fonksiyon,"Fonksiyonlarda değer bulma, bileşke mantığı ve fonksiyon tanımını tekrar etmelisin."
Fonksiyon konusunda verilen kurala göre değişken yerine değer yazılıp sonuç nasıl bulunur? Örnek 16,Fonksiyon,"Fonksiyonlarda değer bulma, bileşke mantığı ve fonksiyon tanımını tekrar etmelisin."
Fonksiyon konusunda verilen kurala göre değişken yerine değer yazılıp sonuç nasıl bulunur? Örnek 17,Fonksiyon,"Fonksiyonlarda değer bulma, bileşke mantığı ve fonksiyon tanımını tekrar etmelisin."
Fonksiyon konusunda verilen kurala göre değişken yerine değer yazılıp sonuç nasıl bulunur? Örnek 18,Fonksiyon,"Fonksiyonlarda değer bulma, bileşke mantığı ve fonksiyon tanımını tekrar etmelisin."
Fonksiyon konusunda verilen kurala göre değişken yerine değer yazılıp sonuç nasıl bulunur? Örnek 19,Fonksiyon,"Fonksiyonlarda değer bulma, bileşke mantığı ve fonksiyon tanımını tekrar etmelisin."
Fonksiyon konusunda verilen kurala göre değişken yerine değer yazılıp sonuç nasıl bulunur? Örnek 20,Fonksiyon,"Fonksiyonlarda değer bulma, bileşke mantığı ve fonksiyon tanımını tekrar etmelisin."
a işlem b = a+b+2 olarak tanımlanıyor. 3 işlem 4 kaçtır?,İşlem,Tanımlı işlemlerde verilen kuralı doğru uygulama ve değişken yerine değer yazma becerisini tekrar etmelisin.
x yıldız y = 2x-y ise 5 yıldız 3 kaçtır?,İşlem,Tanımlı işlemlerde verilen kuralı doğru uygulama ve değişken yerine değer yazma becerisini tekrar etmelisin.
a kare işlem b = a*b+1 ise 2 işlem 6 kaçtır?,İşlem,Tanımlı işlemlerde verilen kuralı doğru uygulama ve değişken yerine değer yazma becerisini tekrar etmelisin.
m üçgen n = m-n+5 ise 8 üçgen 2 kaçtır?,İşlem,Tanımlı işlemlerde verilen kuralı doğru uygulama ve değişken yerine değer yazma becerisini tekrar etmelisin.
x işlem y = xy olduğuna göre 4 işlem 7 kaçtır?,İşlem,Tanımlı işlemlerde verilen kuralı doğru uygulama ve değişken yerine değer yazma becerisini tekrar etmelisin.
a işlem b = a kare + b ise 3 işlem 2 kaçtır?,İşlem,Tanımlı işlemlerde verilen kuralı doğru uygulama ve değişken yerine değer yazma becerisini tekrar etmelisin.
x yıldız y = x+y ise 6 yıldız 9 kaçtır?,İşlem,Tanımlı işlemlerde verilen kuralı doğru uygulama ve değişken yerine değer yazma becerisini tekrar etmelisin.
a işlem b = 3a-b ise 4 işlem 5 kaçtır?,İşlem,Tanımlı işlemlerde verilen kuralı doğru uygulama ve değişken yerine değer yazma becerisini tekrar etmelisin.
x işlem y = y-x ise 2 işlem 10 kaçtır?,İşlem,Tanımlı işlemlerde verilen kuralı doğru uygulama ve değişken yerine değer yazma becerisini tekrar etmelisin.
a işlem b = a/b ise 12 işlem 3 kaçtır?,İşlem,Tanımlı işlemlerde verilen kuralı doğru uygulama ve değişken yerine değer yazma becerisini tekrar etmelisin.
İşlem konusunda verilen kurala göre değişken yerine değer yazılıp sonuç nasıl bulunur? Örnek 1,İşlem,Tanımlı işlemlerde verilen kuralı doğru uygulama ve değişken yerine değer yazma becerisini tekrar etmelisin.
İşlem konusunda verilen kurala göre değişken yerine değer yazılıp sonuç nasıl bulunur? Örnek 2,İşlem,Tanımlı işlemlerde verilen kuralı doğru uygulama ve değişken yerine değer yazma becerisini tekrar etmelisin.
İşlem konusunda verilen kurala göre değişken yerine değer yazılıp sonuç nasıl bulunur? Örnek 3,İşlem,Tanımlı işlemlerde verilen kuralı doğru uygulama ve değişken yerine değer yazma becerisini tekrar etmelisin.
İşlem konusunda verilen kurala göre değişken yerine değer yazılıp sonuç nasıl bulunur? Örnek 4,İşlem,Tanımlı işlemlerde verilen kuralı doğru uygulama ve değişken yerine değer yazma becerisini tekrar etmelisin.
İşlem konusunda verilen kurala göre değişken yerine değer yazılıp sonuç nasıl bulunur? Örnek 5,İşlem,Tanımlı işlemlerde verilen kuralı doğru uygulama ve değişken yerine değer yazma becerisini tekrar etmelisin.
İşlem konusunda verilen kurala göre değişken yerine değer yazılıp sonuç nasıl bulunur? Örnek 6,İşlem,Tanımlı işlemlerde verilen kuralı doğru uygulama ve değişken yerine değer yazma becerisini tekrar etmelisin.
İşlem konusunda verilen kurala göre değişken yerine değer yazılıp sonuç nasıl bulunur? Örnek 7,İşlem,Tanımlı işlemlerde verilen kuralı doğru uygulama ve değişken yerine değer yazma becerisini tekrar etmelisin.
İşlem konusunda verilen kurala göre değişken yerine değer yazılıp sonuç nasıl bulunur? Örnek 8,İşlem,Tanımlı işlemlerde verilen kuralı doğru uygulama ve değişken yerine değer yazma becerisini tekrar etmelisin.
İşlem konusunda verilen kurala göre değişken yerine değer yazılıp sonuç nasıl bulunur? Örnek 9,İşlem,Tanımlı işlemlerde verilen kuralı doğru uygulama ve değişken yerine değer yazma becerisini tekrar etmelisin.
İşlem konusunda verilen kurala göre değişken yerine değer yazılıp sonuç nasıl bulunur? Örnek 10,İşlem,Tanımlı işlemlerde verilen kuralı doğru uygulama ve değişken yerine değer yazma becerisini tekrar etmelisin.
İşlem konusunda verilen kurala göre değişken yerine değer yazılıp sonuç nasıl bulunur? Örnek 11,İşlem,Tanımlı işlemlerde verilen kuralı doğru uygulama ve değişken yerine değer yazma becerisini tekrar etmelisin.
İşlem konusunda verilen kurala göre değişken yerine değer yazılıp sonuç nasıl bulunur? Örnek 12,İşlem,Tanımlı işlemlerde verilen kuralı doğru uygulama ve değişken yerine değer yazma becerisini tekrar etmelisin.
İşlem konusunda verilen kurala göre değişken yerine değer yazılıp sonuç nasıl bulunur? Örnek 13,İşlem,Tanımlı işlemlerde verilen kuralı doğru uygulama ve değişken yerine değer yazma becerisini tekrar etmelisin.
İşlem konusunda verilen kurala göre değişken yerine değer yazılıp sonuç nasıl bulunur? Örnek 14,İşlem,Tanımlı işlemlerde verilen kuralı doğru uygulama ve değişken yerine değer yazma becerisini tekrar etmelisin.
İşlem konusunda verilen kurala göre değişken yerine değer yazılıp sonuç nasıl bulunur? Örnek 15,İşlem,Tanımlı işlemlerde verilen kuralı doğru uygulama ve değişken yerine değer yazma becerisini tekrar etmelisin.
İşlem konusunda verilen kurala göre değişken yerine değer yazılıp sonuç nasıl bulunur? Örnek 16,İşlem,Tanımlı işlemlerde verilen kuralı doğru uygulama ve değişken yerine değer yazma becerisini tekrar etmelisin.
İşlem konusunda verilen kurala göre değişken yerine değer yazılıp sonuç nasıl bulunur? Örnek 17,İşlem,Tanımlı işlemlerde verilen kuralı doğru uygulama ve değişken yerine değer yazma becerisini tekrar etmelisin.
İşlem konusunda verilen kurala göre değişken yerine değer yazılıp sonuç nasıl bulunur? Örnek 18,İşlem,Tanımlı işlemlerde verilen kuralı doğru uygulama ve değişken yerine değer yazma becerisini tekrar etmelisin.
İşlem konusunda verilen kurala göre değişken yerine değer yazılıp sonuç nasıl bulunur? Örnek 19,İşlem,Tanımlı işlemlerde verilen kuralı doğru uygulama ve değişken yerine değer yazma becerisini tekrar etmelisin.
İşlem konusunda verilen kurala göre değişken yerine değer yazılıp sonuç nasıl bulunur? Örnek 20,İşlem,Tanımlı işlemlerde verilen kuralı doğru uygulama ve değişken yerine değer yazma becerisini tekrar etmelisin.
17 sayısının 5 ile bölümünden kalan kaçtır?,Modüler Aritmetik,"Modüler aritmetikte kalan bulma, mod gösterimi ve bölünebilme ilişkisini tekrar etmelisin."
23 mod 4 değeri kaçtır?,Modüler Aritmetik,"Modüler aritmetikte kalan bulma, mod gösterimi ve bölünebilme ilişkisini tekrar etmelisin."
Bir sayı 7 ile bölündüğünde kalan 3 ise bu sayı 7k+ kaç biçiminde yazılır?,Modüler Aritmetik,"Modüler aritmetikte kalan bulma, mod gösterimi ve bölünebilme ilişkisini tekrar etmelisin."
12 mod 5 ile 19 mod 5 değerlerinin toplamı kaçtır?,Modüler Aritmetik,"Modüler aritmetikte kalan bulma, mod gösterimi ve bölünebilme ilişkisini tekrar etmelisin."
30 sayısının 6 ile bölümünden kalan kaçtır?,Modüler Aritmetik,"Modüler aritmetikte kalan bulma, mod gösterimi ve bölünebilme ilişkisini tekrar etmelisin."
45 mod 8 değeri kaçtır?,Modüler Aritmetik,"Modüler aritmetikte kalan bulma, mod gösterimi ve bölünebilme ilişkisini tekrar etmelisin."
Bir çift sayının 2 ile bölümünden kalan kaçtır?,Modüler Aritmetik,"Modüler aritmetikte kalan bulma, mod gösterimi ve bölünebilme ilişkisini tekrar etmelisin."
10 mod 3 değeri kaçtır?,Modüler Aritmetik,"Modüler aritmetikte kalan bulma, mod gösterimi ve bölünebilme ilişkisini tekrar etmelisin."
28 sayısı 9 ile bölündüğünde kalan kaç olur?,Modüler Aritmetik,"Modüler aritmetikte kalan bulma, mod gösterimi ve bölünebilme ilişkisini tekrar etmelisin."
Kalanı 0 olan sayılar için bölünebilme hakkında ne söylenebilir?,Modüler Aritmetik,"Modüler aritmetikte kalan bulma, mod gösterimi ve bölünebilme ilişkisini tekrar etmelisin."
Modüler Aritmetik konusunda verilen kurala göre değişken yerine değer yazılıp sonuç nasıl bulunur? Örnek 1,Modüler Aritmetik,"Modüler aritmetikte kalan bulma, mod gösterimi ve bölünebilme ilişkisini tekrar etmelisin."
Modüler Aritmetik konusunda verilen kurala göre değişken yerine değer yazılıp sonuç nasıl bulunur? Örnek 2,Modüler Aritmetik,"Modüler aritmetikte kalan bulma, mod gösterimi ve bölünebilme ilişkisini tekrar etmelisin."
Modüler Aritmetik konusunda verilen kurala göre değişken yerine değer yazılıp sonuç nasıl bulunur? Örnek 3,Modüler Aritmetik,"Modüler aritmetikte kalan bulma, mod gösterimi ve bölünebilme ilişkisini tekrar etmelisin."
Modüler Aritmetik konusunda verilen kurala göre değişken yerine değer yazılıp sonuç nasıl bulunur? Örnek 4,Modüler Aritmetik,"Modüler aritmetikte kalan bulma, mod gösterimi ve bölünebilme ilişkisini tekrar etmelisin."
Modüler Aritmetik konusunda verilen kurala göre değişken yerine değer yazılıp sonuç nasıl bulunur? Örnek 5,Modüler Aritmetik,"Modüler aritmetikte kalan bulma, mod gösterimi ve bölünebilme ilişkisini tekrar etmelisin."
Modüler Aritmetik konusunda verilen kurala göre değişken yerine değer yazılıp sonuç nasıl bulunur? Örnek 6,Modüler Aritmetik,"Modüler aritmetikte kalan bulma, mod gösterimi ve bölünebilme ilişkisini tekrar etmelisin."
Modüler Aritmetik konusunda verilen kurala göre değişken yerine değer yazılıp sonuç nasıl bulunur? Örnek 7,Modüler Aritmetik,"Modüler aritmetikte kalan bulma, mod gösterimi ve bölünebilme ilişkisini tekrar etmelisin."
Modüler Aritmetik konusunda verilen kurala göre değişken yerine değer yazılıp sonuç nasıl bulunur? Örnek 8,Modüler Aritmetik,"Modüler aritmetikte kalan bulma, mod gösterimi ve bölünebilme ilişkisini tekrar etmelisin."
Modüler Aritmetik konusunda verilen kurala göre değişken yerine değer yazılıp sonuç nasıl bulunur? Örnek 9,Modüler Aritmetik,"Modüler aritmetikte kalan bulma, mod gösterimi ve bölünebilme ilişkisini tekrar etmelisin."
Modüler Aritmetik konusunda verilen kurala göre değişken yerine değer yazılıp sonuç nasıl bulunur? Örnek 10,Modüler Aritmetik,"Modüler aritmetikte kalan bulma, mod gösterimi ve bölünebilme ilişkisini tekrar etmelisin."
Modüler Aritmetik konusunda verilen kurala göre değişken yerine değer yazılıp sonuç nasıl bulunur? Örnek 11,Modüler Aritmetik,"Modüler aritmetikte kalan bulma, mod gösterimi ve bölünebilme ilişkisini tekrar etmelisin."
Modüler Aritmetik konusunda verilen kurala göre değişken yerine değer yazılıp sonuç nasıl bulunur? Örnek 12,Modüler Aritmetik,"Modüler aritmetikte kalan bulma, mod gösterimi ve bölünebilme ilişkisini tekrar etmelisin."
Modüler Aritmetik konusunda verilen kurala göre değişken yerine değer yazılıp sonuç nasıl bulunur? Örnek 13,Modüler Aritmetik,"Modüler aritmetikte kalan bulma, mod gösterimi ve bölünebilme ilişkisini tekrar etmelisin."
Modüler Aritmetik konusunda verilen kurala göre değişken yerine değer yazılıp sonuç nasıl bulunur? Örnek 14,Modüler Aritmetik,"Modüler aritmetikte kalan bulma, mod gösterimi ve bölünebilme ilişkisini tekrar etmelisin."
Modüler Aritmetik konusunda verilen kurala göre değişken yerine değer yazılıp sonuç nasıl bulunur? Örnek 15,Modüler Aritmetik,"Modüler aritmetikte kalan bulma, mod gösterimi ve bölünebilme ilişkisini tekrar etmelisin."
Modüler Aritmetik konusunda verilen kurala göre değişken yerine değer yazılıp sonuç nasıl bulunur? Örnek 16,Modüler Aritmetik,"Modüler aritmetikte kalan bulma, mod gösterimi ve bölünebilme ilişkisini tekrar etmelisin."
Modüler Aritmetik konusunda verilen kurala göre değişken yerine değer yazılıp sonuç nasıl bulunur? Örnek 17,Modüler Aritmetik,"Modüler aritmetikte kalan bulma, mod gösterimi ve bölünebilme ilişkisini tekrar etmelisin."
Modüler Aritmetik konusunda verilen kurala göre değişken yerine değer yazılıp sonuç nasıl bulunur? Örnek 18,Modüler Aritmetik,"Modüler aritmetikte kalan bulma, mod gösterimi ve bölünebilme ilişkisini tekrar etmelisin."
Modüler Aritmetik konusunda verilen kurala göre değişken yerine değer yazılıp sonuç nasıl bulunur? Örnek 19,Modüler Aritmetik,"Modüler aritmetikte kalan bulma, mod gösterimi ve bölünebilme ilişkisini tekrar etmelisin."
Modüler Aritmetik konusunda verilen kurala göre değişken yerine değer yazılıp sonuç nasıl bulunur? Örnek 20,Modüler Aritmetik,"Modüler aritmetikte kalan bulma, mod gösterimi ve bölünebilme ilişkisini tekrar etmelisin."
5 farklı kitap bir rafa kaç farklı şekilde dizilir?,Permütasyon,Permütasyonda sıralamanın önemli olduğu durumları ve faktöriyel kullanımını tekrar etmelisin.
4 kişi yan yana kaç farklı şekilde sıralanabilir?,Permütasyon,Permütasyonda sıralamanın önemli olduğu durumları ve faktöriyel kullanımını tekrar etmelisin.
6 kişiden 3'ü sıralı olarak seçilecekse kaç farklı seçim olur?,Permütasyon,Permütasyonda sıralamanın önemli olduğu durumları ve faktöriyel kullanımını tekrar etmelisin.
"A, B, C harfleri kaç farklı şekilde dizilebilir?",Permütasyon,Permütasyonda sıralamanın önemli olduğu durumları ve faktöriyel kullanımını tekrar etmelisin.
3 farklı renkli kalem yan yana kaç farklı sırayla dizilir?,Permütasyon,Permütasyonda sıralamanın önemli olduğu durumları ve faktöriyel kullanımını tekrar etmelisin.
7 öğrenciden başkan ve başkan yardımcısı kaç farklı şekilde seçilir?,Permütasyon,Permütasyonda sıralamanın önemli olduğu durumları ve faktöriyel kullanımını tekrar etmelisin.
n elemanlı bir kümenin tüm elemanları sıralanırsa kaç düzenleme olur?,Permütasyon,Permütasyonda sıralamanın önemli olduğu durumları ve faktöriyel kullanımını tekrar etmelisin.
5 kişilik sırada ilk iki yer kaç farklı şekilde doldurulur?,Permütasyon,Permütasyonda sıralamanın önemli olduğu durumları ve faktöriyel kullanımını tekrar etmelisin.
Rakamları farklı 3 basamaklı kaç sayı yazılabilir?,Permütasyon,Permütasyonda sıralamanın önemli olduğu durumları ve faktöriyel kullanımını tekrar etmelisin.
4 yarışmacı birincilik ve ikincilik için kaç farklı sonuç oluşturur?,Permütasyon,Permütasyonda sıralamanın önemli olduğu durumları ve faktöriyel kullanımını tekrar etmelisin.
"Permütasyon konusunda verilen seçim, sıralama veya olasılık durumunda uygun yöntem kullanılarak sonuç nasıl hesaplanır? Örnek 1",Permütasyon,Permütasyonda sıralamanın önemli olduğu durumları ve faktöriyel kullanımını tekrar etmelisin.
"Permütasyon konusunda verilen seçim, sıralama veya olasılık durumunda uygun yöntem kullanılarak sonuç nasıl hesaplanır? Örnek 2",Permütasyon,Permütasyonda sıralamanın önemli olduğu durumları ve faktöriyel kullanımını tekrar etmelisin.
"Permütasyon konusunda verilen seçim, sıralama veya olasılık durumunda uygun yöntem kullanılarak sonuç nasıl hesaplanır? Örnek 3",Permütasyon,Permütasyonda sıralamanın önemli olduğu durumları ve faktöriyel kullanımını tekrar etmelisin.
"Permütasyon konusunda verilen seçim, sıralama veya olasılık durumunda uygun yöntem kullanılarak sonuç nasıl hesaplanır? Örnek 4",Permütasyon,Permütasyonda sıralamanın önemli olduğu durumları ve faktöriyel kullanımını tekrar etmelisin.
"Permütasyon konusunda verilen seçim, sıralama veya olasılık durumunda uygun yöntem kullanılarak sonuç nasıl hesaplanır? Örnek 5",Permütasyon,Permütasyonda sıralamanın önemli olduğu durumları ve faktöriyel kullanımını tekrar etmelisin.
"Permütasyon konusunda verilen seçim, sıralama veya olasılık durumunda uygun yöntem kullanılarak sonuç nasıl hesaplanır? Örnek 6",Permütasyon,Permütasyonda sıralamanın önemli olduğu durumları ve faktöriyel kullanımını tekrar etmelisin.
"Permütasyon konusunda verilen seçim, sıralama veya olasılık durumunda uygun yöntem kullanılarak sonuç nasıl hesaplanır? Örnek 7",Permütasyon,Permütasyonda sıralamanın önemli olduğu durumları ve faktöriyel kullanımını tekrar etmelisin.
"Permütasyon konusunda verilen seçim, sıralama veya olasılık durumunda uygun yöntem kullanılarak sonuç nasıl hesaplanır? Örnek 8",Permütasyon,Permütasyonda sıralamanın önemli olduğu durumları ve faktöriyel kullanımını tekrar etmelisin.
"Permütasyon konusunda verilen seçim, sıralama veya olasılık durumunda uygun yöntem kullanılarak sonuç nasıl hesaplanır? Örnek 9",Permütasyon,Permütasyonda sıralamanın önemli olduğu durumları ve faktöriyel kullanımını tekrar etmelisin.
"Permütasyon konusunda verilen seçim, sıralama veya olasılık durumunda uygun yöntem kullanılarak sonuç nasıl hesaplanır? Örnek 10",Permütasyon,Permütasyonda sıralamanın önemli olduğu durumları ve faktöriyel kullanımını tekrar etmelisin.
"Permütasyon konusunda verilen seçim, sıralama veya olasılık durumunda uygun yöntem kullanılarak sonuç nasıl hesaplanır? Örnek 11",Permütasyon,Permütasyonda sıralamanın önemli olduğu durumları ve faktöriyel kullanımını tekrar etmelisin.
"Permütasyon konusunda verilen seçim, sıralama veya olasılık durumunda uygun yöntem kullanılarak sonuç nasıl hesaplanır? Örnek 12",Permütasyon,Permütasyonda sıralamanın önemli olduğu durumları ve faktöriyel kullanımını tekrar etmelisin.
"Permütasyon konusunda verilen seçim, sıralama veya olasılık durumunda uygun yöntem kullanılarak sonuç nasıl hesaplanır? Örnek 13",Permütasyon,Permütasyonda sıralamanın önemli olduğu durumları ve faktöriyel kullanımını tekrar etmelisin.
"Permütasyon konusunda verilen seçim, sıralama veya olasılık durumunda uygun yöntem kullanılarak sonuç nasıl hesaplanır? Örnek 14",Permütasyon,Permütasyonda sıralamanın önemli olduğu durumları ve faktöriyel kullanımını tekrar etmelisin.
"Permütasyon konusunda verilen seçim, sıralama veya olasılık durumunda uygun yöntem kullanılarak sonuç nasıl hesaplanır? Örnek 15",Permütasyon,Permütasyonda sıralamanın önemli olduğu durumları ve faktöriyel kullanımını tekrar etmelisin.
"Permütasyon konusunda verilen seçim, sıralama veya olasılık durumunda uygun yöntem kullanılarak sonuç nasıl hesaplanır? Örnek 16",Permütasyon,Permütasyonda sıralamanın önemli olduğu durumları ve faktöriyel kullanımını tekrar etmelisin.
"Permütasyon konusunda verilen seçim, sıralama veya olasılık durumunda uygun yöntem kullanılarak sonuç nasıl hesaplanır? Örnek 17",Permütasyon,Permütasyonda sıralamanın önemli olduğu durumları ve faktöriyel kullanımını tekrar etmelisin.
"Permütasyon konusunda verilen seçim, sıralama veya olasılık durumunda uygun yöntem kullanılarak sonuç nasıl hesaplanır? Örnek 18",Permütasyon,Permütasyonda sıralamanın önemli olduğu durumları ve faktöriyel kullanımını tekrar etmelisin.
"Permütasyon konusunda verilen seçim, sıralama veya olasılık durumunda uygun yöntem kullanılarak sonuç nasıl hesaplanır? Örnek 19",Permütasyon,Permütasyonda sıralamanın önemli olduğu durumları ve faktöriyel kullanımını tekrar etmelisin.
"Permütasyon konusunda verilen seçim, sıralama veya olasılık durumunda uygun yöntem kullanılarak sonuç nasıl hesaplanır? Örnek 20",Permütasyon,Permütasyonda sıralamanın önemli olduğu durumları ve faktöriyel kullanımını tekrar etmelisin.
5 kişiden 2 kişi kaç farklı şekilde seçilir?,Kombinasyon,Kombinasyonda sıralamanın önemsiz olduğu seçim problemlerini ve nCr mantığını tekrar etmelisin.
6 elemanlı bir kümeden 3 elemanlı kaç alt küme seçilir?,Kombinasyon,Kombinasyonda sıralamanın önemsiz olduğu seçim problemlerini ve nCr mantığını tekrar etmelisin.
Bir sınıftan 4 öğrenci arasından 2 temsilci kaç farklı şekilde seçilir?,Kombinasyon,Kombinasyonda sıralamanın önemsiz olduğu seçim problemlerini ve nCr mantığını tekrar etmelisin.
7 sorudan 3 soru seçilecekse kaç farklı seçim yapılır?,Kombinasyon,Kombinasyonda sıralamanın önemsiz olduğu seçim problemlerini ve nCr mantığını tekrar etmelisin.
8 kişilik ekipten 5 kişi kaç farklı şekilde seçilir?,Kombinasyon,Kombinasyonda sıralamanın önemsiz olduğu seçim problemlerini ve nCr mantığını tekrar etmelisin.
Sıralama önemli değilse hangi sayma yöntemi kullanılır?,Kombinasyon,Kombinasyonda sıralamanın önemsiz olduğu seçim problemlerini ve nCr mantığını tekrar etmelisin.
10 farklı kitaptan 2 kitap kaç farklı şekilde seçilir?,Kombinasyon,Kombinasyonda sıralamanın önemsiz olduğu seçim problemlerini ve nCr mantığını tekrar etmelisin.
4 kişiden 4 kişi seçmenin kaç farklı yolu vardır?,Kombinasyon,Kombinasyonda sıralamanın önemsiz olduğu seçim problemlerini ve nCr mantığını tekrar etmelisin.
6 meyveden 1 meyve seçimi kaç farklıdır?,Kombinasyon,Kombinasyonda sıralamanın önemsiz olduğu seçim problemlerini ve nCr mantığını tekrar etmelisin.
Bir torbadan 3 farklı bilye seçme sayısı hangi kombinasyonla bulunur?,Kombinasyon,Kombinasyonda sıralamanın önemsiz olduğu seçim problemlerini ve nCr mantığını tekrar etmelisin.
"Kombinasyon konusunda verilen seçim, sıralama veya olasılık durumunda uygun yöntem kullanılarak sonuç nasıl hesaplanır? Örnek 1",Kombinasyon,Kombinasyonda sıralamanın önemsiz olduğu seçim problemlerini ve nCr mantığını tekrar etmelisin.
"Kombinasyon konusunda verilen seçim, sıralama veya olasılık durumunda uygun yöntem kullanılarak sonuç nasıl hesaplanır? Örnek 2",Kombinasyon,Kombinasyonda sıralamanın önemsiz olduğu seçim problemlerini ve nCr mantığını tekrar etmelisin.
"Kombinasyon konusunda verilen seçim, sıralama veya olasılık durumunda uygun yöntem kullanılarak sonuç nasıl hesaplanır? Örnek 3",Kombinasyon,Kombinasyonda sıralamanın önemsiz olduğu seçim problemlerini ve nCr mantığını tekrar etmelisin.
"Kombinasyon konusunda verilen seçim, sıralama veya olasılık durumunda uygun yöntem kullanılarak sonuç nasıl hesaplanır? Örnek 4",Kombinasyon,Kombinasyonda sıralamanın önemsiz olduğu seçim problemlerini ve nCr mantığını tekrar etmelisin.
"Kombinasyon konusunda verilen seçim, sıralama veya olasılık durumunda uygun yöntem kullanılarak sonuç nasıl hesaplanır? Örnek 5",Kombinasyon,Kombinasyonda sıralamanın önemsiz olduğu seçim problemlerini ve nCr mantığını tekrar etmelisin.
"Kombinasyon konusunda verilen seçim, sıralama veya olasılık durumunda uygun yöntem kullanılarak sonuç nasıl hesaplanır? Örnek 6",Kombinasyon,Kombinasyonda sıralamanın önemsiz olduğu seçim problemlerini ve nCr mantığını tekrar etmelisin.
"Kombinasyon konusunda verilen seçim, sıralama veya olasılık durumunda uygun yöntem kullanılarak sonuç nasıl hesaplanır? Örnek 7",Kombinasyon,Kombinasyonda sıralamanın önemsiz olduğu seçim problemlerini ve nCr mantığını tekrar etmelisin.
"Kombinasyon konusunda verilen seçim, sıralama veya olasılık durumunda uygun yöntem kullanılarak sonuç nasıl hesaplanır? Örnek 8",Kombinasyon,Kombinasyonda sıralamanın önemsiz olduğu seçim problemlerini ve nCr mantığını tekrar etmelisin.
"Kombinasyon konusunda verilen seçim, sıralama veya olasılık durumunda uygun yöntem kullanılarak sonuç nasıl hesaplanır? Örnek 9",Kombinasyon,Kombinasyonda sıralamanın önemsiz olduğu seçim problemlerini ve nCr mantığını tekrar etmelisin.
"Kombinasyon konusunda verilen seçim, sıralama veya olasılık durumunda uygun yöntem kullanılarak sonuç nasıl hesaplanır? Örnek 10",Kombinasyon,Kombinasyonda sıralamanın önemsiz olduğu seçim problemlerini ve nCr mantığını tekrar etmelisin.
"Kombinasyon konusunda verilen seçim, sıralama veya olasılık durumunda uygun yöntem kullanılarak sonuç nasıl hesaplanır? Örnek 11",Kombinasyon,Kombinasyonda sıralamanın önemsiz olduğu seçim problemlerini ve nCr mantığını tekrar etmelisin.
"Kombinasyon konusunda verilen seçim, sıralama veya olasılık durumunda uygun yöntem kullanılarak sonuç nasıl hesaplanır? Örnek 12",Kombinasyon,Kombinasyonda sıralamanın önemsiz olduğu seçim problemlerini ve nCr mantığını tekrar etmelisin.
"Kombinasyon konusunda verilen seçim, sıralama veya olasılık durumunda uygun yöntem kullanılarak sonuç nasıl hesaplanır? Örnek 13",Kombinasyon,Kombinasyonda sıralamanın önemsiz olduğu seçim problemlerini ve nCr mantığını tekrar etmelisin.
"Kombinasyon konusunda verilen seçim, sıralama veya olasılık durumunda uygun yöntem kullanılarak sonuç nasıl hesaplanır? Örnek 14",Kombinasyon,Kombinasyonda sıralamanın önemsiz olduğu seçim problemlerini ve nCr mantığını tekrar etmelisin.
"Kombinasyon konusunda verilen seçim, sıralama veya olasılık durumunda uygun yöntem kullanılarak sonuç nasıl hesaplanır? Örnek 15",Kombinasyon,Kombinasyonda sıralamanın önemsiz olduğu seçim problemlerini ve nCr mantığını tekrar etmelisin.
"Kombinasyon konusunda verilen seçim, sıralama veya olasılık durumunda uygun yöntem kullanılarak sonuç nasıl hesaplanır? Örnek 16",Kombinasyon,Kombinasyonda sıralamanın önemsiz olduğu seçim problemlerini ve nCr mantığını tekrar etmelisin.
"Kombinasyon konusunda verilen seçim, sıralama veya olasılık durumunda uygun yöntem kullanılarak sonuç nasıl hesaplanır? Örnek 17",Kombinasyon,Kombinasyonda sıralamanın önemsiz olduğu seçim problemlerini ve nCr mantığını tekrar etmelisin.
"Kombinasyon konusunda verilen seçim, sıralama veya olasılık durumunda uygun yöntem kullanılarak sonuç nasıl hesaplanır? Örnek 18",Kombinasyon,Kombinasyonda sıralamanın önemsiz olduğu seçim problemlerini ve nCr mantığını tekrar etmelisin.
"Kombinasyon konusunda verilen seçim, sıralama veya olasılık durumunda uygun yöntem kullanılarak sonuç nasıl hesaplanır? Örnek 19",Kombinasyon,Kombinasyonda sıralamanın önemsiz olduğu seçim problemlerini ve nCr mantığını tekrar etmelisin.
"Kombinasyon konusunda verilen seçim, sıralama veya olasılık durumunda uygun yöntem kullanılarak sonuç nasıl hesaplanır? Örnek 20",Kombinasyon,Kombinasyonda sıralamanın önemsiz olduğu seçim problemlerini ve nCr mantığını tekrar etmelisin.
Bir zar atıldığında çift sayı gelme olasılığı kaçtır?,Olasılık,"Olasılıkta istenen durum, tüm durum ve olasılık aralığı kavramlarını tekrar etmelisin."
Bir madeni para atıldığında yazı gelme olasılığı nedir?,Olasılık,"Olasılıkta istenen durum, tüm durum ve olasılık aralığı kavramlarını tekrar etmelisin."
1'den 10'a kadar sayılardan rastgele biri seçiliyor. Asal gelme olasılığı kaçtır?,Olasılık,"Olasılıkta istenen durum, tüm durum ve olasılık aralığı kavramlarını tekrar etmelisin."
Bir torbada 3 kırmızı 2 mavi bilye vardır. Kırmızı çekme olasılığı nedir?,Olasılık,"Olasılıkta istenen durum, tüm durum ve olasılık aralığı kavramlarını tekrar etmelisin."
Bir zar atıldığında 6 gelme olasılığı kaçtır?,Olasılık,"Olasılıkta istenen durum, tüm durum ve olasılık aralığı kavramlarını tekrar etmelisin."
Bir kutuda 4 siyah 6 beyaz top vardır. Beyaz seçilme olasılığı kaçtır?,Olasılık,"Olasılıkta istenen durum, tüm durum ve olasılık aralığı kavramlarını tekrar etmelisin."
Rastgele seçilen bir rakamın tek olma olasılığı kaçtır?,Olasılık,"Olasılıkta istenen durum, tüm durum ve olasılık aralığı kavramlarını tekrar etmelisin."
Bir zar atıldığında 7 gelme olasılığı kaçtır?,Olasılık,"Olasılıkta istenen durum, tüm durum ve olasılık aralığı kavramlarını tekrar etmelisin."
Bir torbada sadece sarı toplar varsa sarı çekme olasılığı kaçtır?,Olasılık,"Olasılıkta istenen durum, tüm durum ve olasılık aralığı kavramlarını tekrar etmelisin."
Olasılık değeri hangi aralıkta olur?,Olasılık,"Olasılıkta istenen durum, tüm durum ve olasılık aralığı kavramlarını tekrar etmelisin."
"Olasılık konusunda verilen seçim, sıralama veya olasılık durumunda uygun yöntem kullanılarak sonuç nasıl hesaplanır? Örnek 1",Olasılık,"Olasılıkta istenen durum, tüm durum ve olasılık aralığı kavramlarını tekrar etmelisin."
"Olasılık konusunda verilen seçim, sıralama veya olasılık durumunda uygun yöntem kullanılarak sonuç nasıl hesaplanır? Örnek 2",Olasılık,"Olasılıkta istenen durum, tüm durum ve olasılık aralığı kavramlarını tekrar etmelisin."
"Olasılık konusunda verilen seçim, sıralama veya olasılık durumunda uygun yöntem kullanılarak sonuç nasıl hesaplanır? Örnek 3",Olasılık,"Olasılıkta istenen durum, tüm durum ve olasılık aralığı kavramlarını tekrar etmelisin."
"Olasılık konusunda verilen seçim, sıralama veya olasılık durumunda uygun yöntem kullanılarak sonuç nasıl hesaplanır? Örnek 4",Olasılık,"Olasılıkta istenen durum, tüm durum ve olasılık aralığı kavramlarını tekrar etmelisin."
"Olasılık konusunda verilen seçim, sıralama veya olasılık durumunda uygun yöntem kullanılarak sonuç nasıl hesaplanır? Örnek 5",Olasılık,"Olasılıkta istenen durum, tüm durum ve olasılık aralığı kavramlarını tekrar etmelisin."
"Olasılık konusunda verilen seçim, sıralama veya olasılık durumunda uygun yöntem kullanılarak sonuç nasıl hesaplanır? Örnek 6",Olasılık,"Olasılıkta istenen durum, tüm durum ve olasılık aralığı kavramlarını tekrar etmelisin."
"Olasılık konusunda verilen seçim, sıralama veya olasılık durumunda uygun yöntem kullanılarak sonuç nasıl hesaplanır? Örnek 7",Olasılık,"Olasılıkta istenen durum, tüm durum ve olasılık aralığı kavramlarını tekrar etmelisin."
"Olasılık konusunda verilen seçim, sıralama veya olasılık durumunda uygun yöntem kullanılarak sonuç nasıl hesaplanır? Örnek 8",Olasılık,"Olasılıkta istenen durum, tüm durum ve olasılık aralığı kavramlarını tekrar etmelisin."
"Olasılık konusunda verilen seçim, sıralama veya olasılık durumunda uygun yöntem kullanılarak sonuç nasıl hesaplanır? Örnek 9",Olasılık,"Olasılıkta istenen durum, tüm durum ve olasılık aralığı kavramlarını tekrar etmelisin."
"Olasılık konusunda verilen seçim, sıralama veya olasılık durumunda uygun yöntem kullanılarak sonuç nasıl hesaplanır? Örnek 10",Olasılık,"Olasılıkta istenen durum, tüm durum ve olasılık aralığı kavramlarını tekrar etmelisin."
"Olasılık konusunda verilen seçim, sıralama veya olasılık durumunda uygun yöntem kullanılarak sonuç nasıl hesaplanır? Örnek 11",Olasılık,"Olasılıkta istenen durum, tüm durum ve olasılık aralığı kavramlarını tekrar etmelisin."
"Olasılık konusunda verilen seçim, sıralama veya olasılık durumunda uygun yöntem kullanılarak sonuç nasıl hesaplanır? Örnek 12",Olasılık,"Olasılıkta istenen durum, tüm durum ve olasılık aralığı kavramlarını tekrar etmelisin."
"Olasılık konusunda verilen seçim, sıralama veya olasılık durumunda uygun yöntem kullanılarak sonuç nasıl hesaplanır? Örnek 13",Olasılık,"Olasılıkta istenen durum, tüm durum ve olasılık aralığı kavramlarını tekrar etmelisin."
"Olasılık konusunda verilen seçim, sıralama veya olasılık durumunda uygun yöntem kullanılarak sonuç nasıl hesaplanır? Örnek 14",Olasılık,"Olasılıkta istenen durum, tüm durum ve olasılık aralığı kavramlarını tekrar etmelisin."
"Olasılık konusunda verilen seçim, sıralama veya olasılık durumunda uygun yöntem kullanılarak sonuç nasıl hesaplanır? Örnek 15",Olasılık,"Olasılıkta istenen durum, tüm durum ve olasılık aralığı kavramlarını tekrar etmelisin."
"Olasılık konusunda verilen seçim, sıralama veya olasılık durumunda uygun yöntem kullanılarak sonuç nasıl hesaplanır? Örnek 16",Olasılık,"Olasılıkta istenen durum, tüm durum ve olasılık aralığı kavramlarını tekrar etmelisin."
"Olasılık konusunda verilen seçim, sıralama veya olasılık durumunda uygun yöntem kullanılarak sonuç nasıl hesaplanır? Örnek 17",Olasılık,"Olasılıkta istenen durum, tüm durum ve olasılık aralığı kavramlarını tekrar etmelisin."
"Olasılık konusunda verilen seçim, sıralama veya olasılık durumunda uygun yöntem kullanılarak sonuç nasıl hesaplanır? Örnek 18",Olasılık,"Olasılıkta istenen durum, tüm durum ve olasılık aralığı kavramlarını tekrar etmelisin."
"Olasılık konusunda verilen seçim, sıralama veya olasılık durumunda uygun yöntem kullanılarak sonuç nasıl hesaplanır? Örnek 19",Olasılık,"Olasılıkta istenen durum, tüm durum ve olasılık aralığı kavramlarını tekrar etmelisin."
"Olasılık konusunda verilen seçim, sıralama veya olasılık durumunda uygun yöntem kullanılarak sonuç nasıl hesaplanır? Örnek 20",Olasılık,"Olasılıkta istenen durum, tüm durum ve olasılık aralığı kavramlarını tekrar etmelisin."
"Bir sayının 4 katının 7 eksiği, aynı sayının 2 katının 15 fazlasına eşittir. Bu sayı kaçtır?",Sayı Problemleri,"Sayı problemlerinde verilenleri değişkene çevirme, denklem kurma ve işlem ilişkilerini doğru yorumlama konularını tekrar etmelisin."
"Bir sınıftaki öğrencilerin sayısı 3'erli gruplandığında 2 kişi artıyor, 5'erli gruplandığında 1 kişi eksik kalıyor. Sınıfta en az kaç öğrenci olabilir?",Sayı Problemleri,"Sayı problemlerinde verilenleri değişkene çevirme, denklem kurma ve işlem ilişkilerini doğru yorumlama konularını tekrar etmelisin."
Bir sayının yarısı ile üçte birinin toplamı 25 olduğuna göre bu sayı kaçtır?,Sayı Problemleri,"Sayı problemlerinde verilenleri değişkene çevirme, denklem kurma ve işlem ilişkilerini doğru yorumlama konularını tekrar etmelisin."
İki sayının toplamı 84'tür. Büyük sayı küçük sayının 2 katından 6 fazladır. Küçük sayı kaçtır?,Sayı Problemleri,"Sayı problemlerinde verilenleri değişkene çevirme, denklem kurma ve işlem ilişkilerini doğru yorumlama konularını tekrar etmelisin."
Bir sayı 8 artırılıp 3 ile çarpıldığında 57 elde ediliyor. Bu sayı kaçtır?,Sayı Problemleri,"Sayı problemlerinde verilenleri değişkene çevirme, denklem kurma ve işlem ilişkilerini doğru yorumlama konularını tekrar etmelisin."
Ardışık üç çift sayının toplamı 78 olduğuna göre en büyük sayı kaçtır?,Sayı Problemleri,"Sayı problemlerinde verilenleri değişkene çevirme, denklem kurma ve işlem ilişkilerini doğru yorumlama konularını tekrar etmelisin."
Bir sayının 5 fazlası ile 2 eksiğinin toplamı 43 ise bu sayı kaçtır?,Sayı Problemleri,"Sayı problemlerinde verilenleri değişkene çevirme, denklem kurma ve işlem ilişkilerini doğru yorumlama konularını tekrar etmelisin."
İki basamaklı bir sayının rakamları toplamı 11'dir. Rakamları yer değiştirince sayı 27 azalıyor. İlk sayı kaçtır?,Sayı Problemleri,"Sayı problemlerinde verilenleri değişkene çevirme, denklem kurma ve işlem ilişkilerini doğru yorumlama konularını tekrar etmelisin."
Bir otobüsteki yolcuların 12'si inip 8'i bindiğinde yolcu sayısı 34 oluyor. Başlangıçta otobüste kaç yolcu vardı?,Sayı Problemleri,"Sayı problemlerinde verilenleri değişkene çevirme, denklem kurma ve işlem ilişkilerini doğru yorumlama konularını tekrar etmelisin."
"Bir sayının 3 katı, aynı sayının 7 fazlasının 2 katına eşittir. Bu sayı kaçtır?",Sayı Problemleri,"Sayı problemlerinde verilenleri değişkene çevirme, denklem kurma ve işlem ilişkilerini doğru yorumlama konularını tekrar etmelisin."
Sayı Problemleri konusu için verilen günlük yaşam senaryosunda bilinmeyen değer x olarak seçiliyor. Verilen ilişkilerden denklem kurularak sonuç nasıl bulunur? Örnek 1,Sayı Problemleri,"Sayı problemlerinde verilenleri değişkene çevirme, denklem kurma ve işlem ilişkilerini doğru yorumlama konularını tekrar etmelisin."
Sayı Problemleri konusu için verilen günlük yaşam senaryosunda bilinmeyen değer x olarak seçiliyor. Verilen ilişkilerden denklem kurularak sonuç nasıl bulunur? Örnek 2,Sayı Problemleri,"Sayı problemlerinde verilenleri değişkene çevirme, denklem kurma ve işlem ilişkilerini doğru yorumlama konularını tekrar etmelisin."
Sayı Problemleri konusu için verilen günlük yaşam senaryosunda bilinmeyen değer x olarak seçiliyor. Verilen ilişkilerden denklem kurularak sonuç nasıl bulunur? Örnek 3,Sayı Problemleri,"Sayı problemlerinde verilenleri değişkene çevirme, denklem kurma ve işlem ilişkilerini doğru yorumlama konularını tekrar etmelisin."
Sayı Problemleri konusu için verilen günlük yaşam senaryosunda bilinmeyen değer x olarak seçiliyor. Verilen ilişkilerden denklem kurularak sonuç nasıl bulunur? Örnek 4,Sayı Problemleri,"Sayı problemlerinde verilenleri değişkene çevirme, denklem kurma ve işlem ilişkilerini doğru yorumlama konularını tekrar etmelisin."
Sayı Problemleri konusu için verilen günlük yaşam senaryosunda bilinmeyen değer x olarak seçiliyor. Verilen ilişkilerden denklem kurularak sonuç nasıl bulunur? Örnek 5,Sayı Problemleri,"Sayı problemlerinde verilenleri değişkene çevirme, denklem kurma ve işlem ilişkilerini doğru yorumlama konularını tekrar etmelisin."
Sayı Problemleri konusu için verilen günlük yaşam senaryosunda bilinmeyen değer x olarak seçiliyor. Verilen ilişkilerden denklem kurularak sonuç nasıl bulunur? Örnek 6,Sayı Problemleri,"Sayı problemlerinde verilenleri değişkene çevirme, denklem kurma ve işlem ilişkilerini doğru yorumlama konularını tekrar etmelisin."
Sayı Problemleri konusu için verilen günlük yaşam senaryosunda bilinmeyen değer x olarak seçiliyor. Verilen ilişkilerden denklem kurularak sonuç nasıl bulunur? Örnek 7,Sayı Problemleri,"Sayı problemlerinde verilenleri değişkene çevirme, denklem kurma ve işlem ilişkilerini doğru yorumlama konularını tekrar etmelisin."
Sayı Problemleri konusu için verilen günlük yaşam senaryosunda bilinmeyen değer x olarak seçiliyor. Verilen ilişkilerden denklem kurularak sonuç nasıl bulunur? Örnek 8,Sayı Problemleri,"Sayı problemlerinde verilenleri değişkene çevirme, denklem kurma ve işlem ilişkilerini doğru yorumlama konularını tekrar etmelisin."
Sayı Problemleri konusu için verilen günlük yaşam senaryosunda bilinmeyen değer x olarak seçiliyor. Verilen ilişkilerden denklem kurularak sonuç nasıl bulunur? Örnek 9,Sayı Problemleri,"Sayı problemlerinde verilenleri değişkene çevirme, denklem kurma ve işlem ilişkilerini doğru yorumlama konularını tekrar etmelisin."
Sayı Problemleri konusu için verilen günlük yaşam senaryosunda bilinmeyen değer x olarak seçiliyor. Verilen ilişkilerden denklem kurularak sonuç nasıl bulunur? Örnek 10,Sayı Problemleri,"Sayı problemlerinde verilenleri değişkene çevirme, denklem kurma ve işlem ilişkilerini doğru yorumlama konularını tekrar etmelisin."
Sayı Problemleri konusu için verilen günlük yaşam senaryosunda bilinmeyen değer x olarak seçiliyor. Verilen ilişkilerden denklem kurularak sonuç nasıl bulunur? Örnek 11,Sayı Problemleri,"Sayı problemlerinde verilenleri değişkene çevirme, denklem kurma ve işlem ilişkilerini doğru yorumlama konularını tekrar etmelisin."
Sayı Problemleri konusu için verilen günlük yaşam senaryosunda bilinmeyen değer x olarak seçiliyor. Verilen ilişkilerden denklem kurularak sonuç nasıl bulunur? Örnek 12,Sayı Problemleri,"Sayı problemlerinde verilenleri değişkene çevirme, denklem kurma ve işlem ilişkilerini doğru yorumlama konularını tekrar etmelisin."
Sayı Problemleri konusu için verilen günlük yaşam senaryosunda bilinmeyen değer x olarak seçiliyor. Verilen ilişkilerden denklem kurularak sonuç nasıl bulunur? Örnek 13,Sayı Problemleri,"Sayı problemlerinde verilenleri değişkene çevirme, denklem kurma ve işlem ilişkilerini doğru yorumlama konularını tekrar etmelisin."
Sayı Problemleri konusu için verilen günlük yaşam senaryosunda bilinmeyen değer x olarak seçiliyor. Verilen ilişkilerden denklem kurularak sonuç nasıl bulunur? Örnek 14,Sayı Problemleri,"Sayı problemlerinde verilenleri değişkene çevirme, denklem kurma ve işlem ilişkilerini doğru yorumlama konularını tekrar etmelisin."
Sayı Problemleri konusu için verilen günlük yaşam senaryosunda bilinmeyen değer x olarak seçiliyor. Verilen ilişkilerden denklem kurularak sonuç nasıl bulunur? Örnek 15,Sayı Problemleri,"Sayı problemlerinde verilenleri değişkene çevirme, denklem kurma ve işlem ilişkilerini doğru yorumlama konularını tekrar etmelisin."
Sayı Problemleri konusu için verilen günlük yaşam senaryosunda bilinmeyen değer x olarak seçiliyor. Verilen ilişkilerden denklem kurularak sonuç nasıl bulunur? Örnek 16,Sayı Problemleri,"Sayı problemlerinde verilenleri değişkene çevirme, denklem kurma ve işlem ilişkilerini doğru yorumlama konularını tekrar etmelisin."
Sayı Problemleri konusu için verilen günlük yaşam senaryosunda bilinmeyen değer x olarak seçiliyor. Verilen ilişkilerden denklem kurularak sonuç nasıl bulunur? Örnek 17,Sayı Problemleri,"Sayı problemlerinde verilenleri değişkene çevirme, denklem kurma ve işlem ilişkilerini doğru yorumlama konularını tekrar etmelisin."
Sayı Problemleri konusu için verilen günlük yaşam senaryosunda bilinmeyen değer x olarak seçiliyor. Verilen ilişkilerden denklem kurularak sonuç nasıl bulunur? Örnek 18,Sayı Problemleri,"Sayı problemlerinde verilenleri değişkene çevirme, denklem kurma ve işlem ilişkilerini doğru yorumlama konularını tekrar etmelisin."
Sayı Problemleri konusu için verilen günlük yaşam senaryosunda bilinmeyen değer x olarak seçiliyor. Verilen ilişkilerden denklem kurularak sonuç nasıl bulunur? Örnek 19,Sayı Problemleri,"Sayı problemlerinde verilenleri değişkene çevirme, denklem kurma ve işlem ilişkilerini doğru yorumlama konularını tekrar etmelisin."
Sayı Problemleri konusu için verilen günlük yaşam senaryosunda bilinmeyen değer x olarak seçiliyor. Verilen ilişkilerden denklem kurularak sonuç nasıl bulunur? Örnek 20,Sayı Problemleri,"Sayı problemlerinde verilenleri değişkene çevirme, denklem kurma ve işlem ilişkilerini doğru yorumlama konularını tekrar etmelisin."
"Bir kitabın önce 1/4'ü, sonra kalanının 1/3'ü okunuyor. Geriye 60 sayfa kaldığına göre kitap kaç sayfadır?",Kesir Problemleri,"Kesir problemlerinde bütünü parçalara ayırma, pay-payda ilişkisi ve kalan miktarı bulma konularını tekrar etmelisin."
Bir deponun 2/5'i doludur. Depoya 90 litre su eklenince deponun 3/4'ü doluyor. Deponun tamamı kaç litredir?,Kesir Problemleri,"Kesir problemlerinde bütünü parçalara ayırma, pay-payda ilişkisi ve kalan miktarı bulma konularını tekrar etmelisin."
Bir sınıftaki öğrencilerin 3/8'i kızdır. Kız öğrenci sayısı 12 ise sınıfta toplam kaç öğrenci vardır?,Kesir Problemleri,"Kesir problemlerinde bütünü parçalara ayırma, pay-payda ilişkisi ve kalan miktarı bulma konularını tekrar etmelisin."
Bir yolun 1/3'ü gidildikten sonra geriye 80 km kalıyor. Yolun tamamı kaç km'dir?,Kesir Problemleri,"Kesir problemlerinde bütünü parçalara ayırma, pay-payda ilişkisi ve kalan miktarı bulma konularını tekrar etmelisin."
Bir paranın 2/7'si harcanıyor. Geriye 250 TL kaldığına göre başlangıçtaki para kaç TL'dir?,Kesir Problemleri,"Kesir problemlerinde bütünü parçalara ayırma, pay-payda ilişkisi ve kalan miktarı bulma konularını tekrar etmelisin."
"Bir torbadaki bilyelerin 1/5'i kırmızı, 2/5'i mavidir. Geri kalan 24 bilye yeşil olduğuna göre torbada kaç bilye vardır?",Kesir Problemleri,"Kesir problemlerinde bütünü parçalara ayırma, pay-payda ilişkisi ve kalan miktarı bulma konularını tekrar etmelisin."
Bir işin 3/10'u tamamlandığında geriye 140 sayfalık bölüm kalıyor. İşin tamamı kaç sayfadır?,Kesir Problemleri,"Kesir problemlerinde bütünü parçalara ayırma, pay-payda ilişkisi ve kalan miktarı bulma konularını tekrar etmelisin."
Bir sayının 1/2'si ile 1/6'sının toplamı 40 ise bu sayı kaçtır?,Kesir Problemleri,"Kesir problemlerinde bütünü parçalara ayırma, pay-payda ilişkisi ve kalan miktarı bulma konularını tekrar etmelisin."
Bir karışımın 2/9'u şekerden oluşuyor. Şeker miktarı 18 gram ise karışımın tamamı kaç gramdır?,Kesir Problemleri,"Kesir problemlerinde bütünü parçalara ayırma, pay-payda ilişkisi ve kalan miktarı bulma konularını tekrar etmelisin."
"Bir öğrenci parasının 1/4'üyle kitap, 1/3'üyle defter alıyor. Geriye 50 TL kaldığına göre başlangıçta kaç TL'si vardır?",Kesir Problemleri,"Kesir problemlerinde bütünü parçalara ayırma, pay-payda ilişkisi ve kalan miktarı bulma konularını tekrar etmelisin."
Kesir Problemleri konusu için verilen günlük yaşam senaryosunda bilinmeyen değer x olarak seçiliyor. Verilen ilişkilerden denklem kurularak sonuç nasıl bulunur? Örnek 1,Kesir Problemleri,"Kesir problemlerinde bütünü parçalara ayırma, pay-payda ilişkisi ve kalan miktarı bulma konularını tekrar etmelisin."
Kesir Problemleri konusu için verilen günlük yaşam senaryosunda bilinmeyen değer x olarak seçiliyor. Verilen ilişkilerden denklem kurularak sonuç nasıl bulunur? Örnek 2,Kesir Problemleri,"Kesir problemlerinde bütünü parçalara ayırma, pay-payda ilişkisi ve kalan miktarı bulma konularını tekrar etmelisin."
Kesir Problemleri konusu için verilen günlük yaşam senaryosunda bilinmeyen değer x olarak seçiliyor. Verilen ilişkilerden denklem kurularak sonuç nasıl bulunur? Örnek 3,Kesir Problemleri,"Kesir problemlerinde bütünü parçalara ayırma, pay-payda ilişkisi ve kalan miktarı bulma konularını tekrar etmelisin."
Kesir Problemleri konusu için verilen günlük yaşam senaryosunda bilinmeyen değer x olarak seçiliyor. Verilen ilişkilerden denklem kurularak sonuç nasıl bulunur? Örnek 4,Kesir Problemleri,"Kesir problemlerinde bütünü parçalara ayırma, pay-payda ilişkisi ve kalan miktarı bulma konularını tekrar etmelisin."
Kesir Problemleri konusu için verilen günlük yaşam senaryosunda bilinmeyen değer x olarak seçiliyor. Verilen ilişkilerden denklem kurularak sonuç nasıl bulunur? Örnek 5,Kesir Problemleri,"Kesir problemlerinde bütünü parçalara ayırma, pay-payda ilişkisi ve kalan miktarı bulma konularını tekrar etmelisin."
Kesir Problemleri konusu için verilen günlük yaşam senaryosunda bilinmeyen değer x olarak seçiliyor. Verilen ilişkilerden denklem kurularak sonuç nasıl bulunur? Örnek 6,Kesir Problemleri,"Kesir problemlerinde bütünü parçalara ayırma, pay-payda ilişkisi ve kalan miktarı bulma konularını tekrar etmelisin."
Kesir Problemleri konusu için verilen günlük yaşam senaryosunda bilinmeyen değer x olarak seçiliyor. Verilen ilişkilerden denklem kurularak sonuç nasıl bulunur? Örnek 7,Kesir Problemleri,"Kesir problemlerinde bütünü parçalara ayırma, pay-payda ilişkisi ve kalan miktarı bulma konularını tekrar etmelisin."
Kesir Problemleri konusu için verilen günlük yaşam senaryosunda bilinmeyen değer x olarak seçiliyor. Verilen ilişkilerden denklem kurularak sonuç nasıl bulunur? Örnek 8,Kesir Problemleri,"Kesir problemlerinde bütünü parçalara ayırma, pay-payda ilişkisi ve kalan miktarı bulma konularını tekrar etmelisin."
Kesir Problemleri konusu için verilen günlük yaşam senaryosunda bilinmeyen değer x olarak seçiliyor. Verilen ilişkilerden denklem kurularak sonuç nasıl bulunur? Örnek 9,Kesir Problemleri,"Kesir problemlerinde bütünü parçalara ayırma, pay-payda ilişkisi ve kalan miktarı bulma konularını tekrar etmelisin."
Kesir Problemleri konusu için verilen günlük yaşam senaryosunda bilinmeyen değer x olarak seçiliyor. Verilen ilişkilerden denklem kurularak sonuç nasıl bulunur? Örnek 10,Kesir Problemleri,"Kesir problemlerinde bütünü parçalara ayırma, pay-payda ilişkisi ve kalan miktarı bulma konularını tekrar etmelisin."
Kesir Problemleri konusu için verilen günlük yaşam senaryosunda bilinmeyen değer x olarak seçiliyor. Verilen ilişkilerden denklem kurularak sonuç nasıl bulunur? Örnek 11,Kesir Problemleri,"Kesir problemlerinde bütünü parçalara ayırma, pay-payda ilişkisi ve kalan miktarı bulma konularını tekrar etmelisin."
Kesir Problemleri konusu için verilen günlük yaşam senaryosunda bilinmeyen değer x olarak seçiliyor. Verilen ilişkilerden denklem kurularak sonuç nasıl bulunur? Örnek 12,Kesir Problemleri,"Kesir problemlerinde bütünü parçalara ayırma, pay-payda ilişkisi ve kalan miktarı bulma konularını tekrar etmelisin."
Kesir Problemleri konusu için verilen günlük yaşam senaryosunda bilinmeyen değer x olarak seçiliyor. Verilen ilişkilerden denklem kurularak sonuç nasıl bulunur? Örnek 13,Kesir Problemleri,"Kesir problemlerinde bütünü parçalara ayırma, pay-payda ilişkisi ve kalan miktarı bulma konularını tekrar etmelisin."
Kesir Problemleri konusu için verilen günlük yaşam senaryosunda bilinmeyen değer x olarak seçiliyor. Verilen ilişkilerden denklem kurularak sonuç nasıl bulunur? Örnek 14,Kesir Problemleri,"Kesir problemlerinde bütünü parçalara ayırma, pay-payda ilişkisi ve kalan miktarı bulma konularını tekrar etmelisin."
Kesir Problemleri konusu için verilen günlük yaşam senaryosunda bilinmeyen değer x olarak seçiliyor. Verilen ilişkilerden denklem kurularak sonuç nasıl bulunur? Örnek 15,Kesir Problemleri,"Kesir problemlerinde bütünü parçalara ayırma, pay-payda ilişkisi ve kalan miktarı bulma konularını tekrar etmelisin."
Kesir Problemleri konusu için verilen günlük yaşam senaryosunda bilinmeyen değer x olarak seçiliyor. Verilen ilişkilerden denklem kurularak sonuç nasıl bulunur? Örnek 16,Kesir Problemleri,"Kesir problemlerinde bütünü parçalara ayırma, pay-payda ilişkisi ve kalan miktarı bulma konularını tekrar etmelisin."
Kesir Problemleri konusu için verilen günlük yaşam senaryosunda bilinmeyen değer x olarak seçiliyor. Verilen ilişkilerden denklem kurularak sonuç nasıl bulunur? Örnek 17,Kesir Problemleri,"Kesir problemlerinde bütünü parçalara ayırma, pay-payda ilişkisi ve kalan miktarı bulma konularını tekrar etmelisin."
Kesir Problemleri konusu için verilen günlük yaşam senaryosunda bilinmeyen değer x olarak seçiliyor. Verilen ilişkilerden denklem kurularak sonuç nasıl bulunur? Örnek 18,Kesir Problemleri,"Kesir problemlerinde bütünü parçalara ayırma, pay-payda ilişkisi ve kalan miktarı bulma konularını tekrar etmelisin."
Kesir Problemleri konusu için verilen günlük yaşam senaryosunda bilinmeyen değer x olarak seçiliyor. Verilen ilişkilerden denklem kurularak sonuç nasıl bulunur? Örnek 19,Kesir Problemleri,"Kesir problemlerinde bütünü parçalara ayırma, pay-payda ilişkisi ve kalan miktarı bulma konularını tekrar etmelisin."
Kesir Problemleri konusu için verilen günlük yaşam senaryosunda bilinmeyen değer x olarak seçiliyor. Verilen ilişkilerden denklem kurularak sonuç nasıl bulunur? Örnek 20,Kesir Problemleri,"Kesir problemlerinde bütünü parçalara ayırma, pay-payda ilişkisi ve kalan miktarı bulma konularını tekrar etmelisin."
"Bir işçi bir işi 12 günde, başka bir işçi aynı işi 18 günde bitiriyor. İkisi birlikte çalışırsa iş kaç günde biter?",İşçi-Havuz Problemleri,"İşçi-havuz problemlerinde birim zamanda yapılan iş, birlikte çalışma ve dolma-boşalma hızlarını tekrar etmelisin."
"A musluğu bir havuzu 8 saatte, B musluğu 12 saatte dolduruyor. İkisi birlikte açılırsa havuz kaç saatte dolar?",İşçi-Havuz Problemleri,"İşçi-havuz problemlerinde birim zamanda yapılan iş, birlikte çalışma ve dolma-boşalma hızlarını tekrar etmelisin."
"Bir usta işi 10 günde, çırağı 15 günde bitiriyor. Birlikte 3 gün çalıştıktan sonra kalan işi usta tek başına kaç günde bitirir?",İşçi-Havuz Problemleri,"İşçi-havuz problemlerinde birim zamanda yapılan iş, birlikte çalışma ve dolma-boşalma hızlarını tekrar etmelisin."
Bir musluk havuzu 6 saatte doldururken alttaki gider havuzu 18 saatte boşaltıyor. İkisi birlikte açıkken havuz kaç saatte dolar?,İşçi-Havuz Problemleri,"İşçi-havuz problemlerinde birim zamanda yapılan iş, birlikte çalışma ve dolma-boşalma hızlarını tekrar etmelisin."
3 işçi bir işi 9 günde bitiriyorsa aynı hızla çalışan 6 işçi aynı işi kaç günde bitirir?,İşçi-Havuz Problemleri,"İşçi-havuz problemlerinde birim zamanda yapılan iş, birlikte çalışma ve dolma-boşalma hızlarını tekrar etmelisin."
"A işçisi bir işi 20 günde, B işçisi 30 günde yapıyor. Birlikte 5 gün çalışırlarsa işin kaçta kaçı biter?",İşçi-Havuz Problemleri,"İşçi-havuz problemlerinde birim zamanda yapılan iş, birlikte çalışma ve dolma-boşalma hızlarını tekrar etmelisin."
"Bir havuzun 1. musluğu 5 saatte, 2. musluğu 10 saatte dolduruyor. İki musluk birlikte açılırsa havuz kaç saatte dolar?",İşçi-Havuz Problemleri,"İşçi-havuz problemlerinde birim zamanda yapılan iş, birlikte çalışma ve dolma-boşalma hızlarını tekrar etmelisin."
"Bir işi Ali 24 günde, Veli 8 günde bitiriyor. Veli tek başına 2 gün çalıştıktan sonra ikisi birlikte çalışırsa iş kaç günde biter?",İşçi-Havuz Problemleri,"İşçi-havuz problemlerinde birim zamanda yapılan iş, birlikte çalışma ve dolma-boşalma hızlarını tekrar etmelisin."
"Bir makine bir ürünü 4 dakikada, başka bir makine 6 dakikada üretiyor. İkisi birlikte 1 saatte kaç ürün üretir?",İşçi-Havuz Problemleri,"İşçi-havuz problemlerinde birim zamanda yapılan iş, birlikte çalışma ve dolma-boşalma hızlarını tekrar etmelisin."
"Bir depo bir muslukla 9 saatte doluyor, başka bir muslukla 12 saatte boşalıyor. İkisi aynı anda çalışırsa depo kaç saatte dolar?",İşçi-Havuz Problemleri,"İşçi-havuz problemlerinde birim zamanda yapılan iş, birlikte çalışma ve dolma-boşalma hızlarını tekrar etmelisin."
İşçi-Havuz Problemleri konusu için verilen günlük yaşam senaryosunda bilinmeyen değer x olarak seçiliyor. Verilen ilişkilerden denklem kurularak sonuç nasıl bulunur? Örnek 1,İşçi-Havuz Problemleri,"İşçi-havuz problemlerinde birim zamanda yapılan iş, birlikte çalışma ve dolma-boşalma hızlarını tekrar etmelisin."
İşçi-Havuz Problemleri konusu için verilen günlük yaşam senaryosunda bilinmeyen değer x olarak seçiliyor. Verilen ilişkilerden denklem kurularak sonuç nasıl bulunur? Örnek 2,İşçi-Havuz Problemleri,"İşçi-havuz problemlerinde birim zamanda yapılan iş, birlikte çalışma ve dolma-boşalma hızlarını tekrar etmelisin."
İşçi-Havuz Problemleri konusu için verilen günlük yaşam senaryosunda bilinmeyen değer x olarak seçiliyor. Verilen ilişkilerden denklem kurularak sonuç nasıl bulunur? Örnek 3,İşçi-Havuz Problemleri,"İşçi-havuz problemlerinde birim zamanda yapılan iş, birlikte çalışma ve dolma-boşalma hızlarını tekrar etmelisin."
İşçi-Havuz Problemleri konusu için verilen günlük yaşam senaryosunda bilinmeyen değer x olarak seçiliyor. Verilen ilişkilerden denklem kurularak sonuç nasıl bulunur? Örnek 4,İşçi-Havuz Problemleri,"İşçi-havuz problemlerinde birim zamanda yapılan iş, birlikte çalışma ve dolma-boşalma hızlarını tekrar etmelisin."
İşçi-Havuz Problemleri konusu için verilen günlük yaşam senaryosunda bilinmeyen değer x olarak seçiliyor. Verilen ilişkilerden denklem kurularak sonuç nasıl bulunur? Örnek 5,İşçi-Havuz Problemleri,"İşçi-havuz problemlerinde birim zamanda yapılan iş, birlikte çalışma ve dolma-boşalma hızlarını tekrar etmelisin."
İşçi-Havuz Problemleri konusu için verilen günlük yaşam senaryosunda bilinmeyen değer x olarak seçiliyor. Verilen ilişkilerden denklem kurularak sonuç nasıl bulunur? Örnek 6,İşçi-Havuz Problemleri,"İşçi-havuz problemlerinde birim zamanda yapılan iş, birlikte çalışma ve dolma-boşalma hızlarını tekrar etmelisin."
İşçi-Havuz Problemleri konusu için verilen günlük yaşam senaryosunda bilinmeyen değer x olarak seçiliyor. Verilen ilişkilerden denklem kurularak sonuç nasıl bulunur? Örnek 7,İşçi-Havuz Problemleri,"İşçi-havuz problemlerinde birim zamanda yapılan iş, birlikte çalışma ve dolma-boşalma hızlarını tekrar etmelisin."
İşçi-Havuz Problemleri konusu için verilen günlük yaşam senaryosunda bilinmeyen değer x olarak seçiliyor. Verilen ilişkilerden denklem kurularak sonuç nasıl bulunur? Örnek 8,İşçi-Havuz Problemleri,"İşçi-havuz problemlerinde birim zamanda yapılan iş, birlikte çalışma ve dolma-boşalma hızlarını tekrar etmelisin."
İşçi-Havuz Problemleri konusu için verilen günlük yaşam senaryosunda bilinmeyen değer x olarak seçiliyor. Verilen ilişkilerden denklem kurularak sonuç nasıl bulunur? Örnek 9,İşçi-Havuz Problemleri,"İşçi-havuz problemlerinde birim zamanda yapılan iş, birlikte çalışma ve dolma-boşalma hızlarını tekrar etmelisin."
İşçi-Havuz Problemleri konusu için verilen günlük yaşam senaryosunda bilinmeyen değer x olarak seçiliyor. Verilen ilişkilerden denklem kurularak sonuç nasıl bulunur? Örnek 10,İşçi-Havuz Problemleri,"İşçi-havuz problemlerinde birim zamanda yapılan iş, birlikte çalışma ve dolma-boşalma hızlarını tekrar etmelisin."
İşçi-Havuz Problemleri konusu için verilen günlük yaşam senaryosunda bilinmeyen değer x olarak seçiliyor. Verilen ilişkilerden denklem kurularak sonuç nasıl bulunur? Örnek 11,İşçi-Havuz Problemleri,"İşçi-havuz problemlerinde birim zamanda yapılan iş, birlikte çalışma ve dolma-boşalma hızlarını tekrar etmelisin."
İşçi-Havuz Problemleri konusu için verilen günlük yaşam senaryosunda bilinmeyen değer x olarak seçiliyor. Verilen ilişkilerden denklem kurularak sonuç nasıl bulunur? Örnek 12,İşçi-Havuz Problemleri,"İşçi-havuz problemlerinde birim zamanda yapılan iş, birlikte çalışma ve dolma-boşalma hızlarını tekrar etmelisin."
İşçi-Havuz Problemleri konusu için verilen günlük yaşam senaryosunda bilinmeyen değer x olarak seçiliyor. Verilen ilişkilerden denklem kurularak sonuç nasıl bulunur? Örnek 13,İşçi-Havuz Problemleri,"İşçi-havuz problemlerinde birim zamanda yapılan iş, birlikte çalışma ve dolma-boşalma hızlarını tekrar etmelisin."
İşçi-Havuz Problemleri konusu için verilen günlük yaşam senaryosunda bilinmeyen değer x olarak seçiliyor. Verilen ilişkilerden denklem kurularak sonuç nasıl bulunur? Örnek 14,İşçi-Havuz Problemleri,"İşçi-havuz problemlerinde birim zamanda yapılan iş, birlikte çalışma ve dolma-boşalma hızlarını tekrar etmelisin."
İşçi-Havuz Problemleri konusu için verilen günlük yaşam senaryosunda bilinmeyen değer x olarak seçiliyor. Verilen ilişkilerden denklem kurularak sonuç nasıl bulunur? Örnek 15,İşçi-Havuz Problemleri,"İşçi-havuz problemlerinde birim zamanda yapılan iş, birlikte çalışma ve dolma-boşalma hızlarını tekrar etmelisin."
İşçi-Havuz Problemleri konusu için verilen günlük yaşam senaryosunda bilinmeyen değer x olarak seçiliyor. Verilen ilişkilerden denklem kurularak sonuç nasıl bulunur? Örnek 16,İşçi-Havuz Problemleri,"İşçi-havuz problemlerinde birim zamanda yapılan iş, birlikte çalışma ve dolma-boşalma hızlarını tekrar etmelisin."
İşçi-Havuz Problemleri konusu için verilen günlük yaşam senaryosunda bilinmeyen değer x olarak seçiliyor. Verilen ilişkilerden denklem kurularak sonuç nasıl bulunur? Örnek 17,İşçi-Havuz Problemleri,"İşçi-havuz problemlerinde birim zamanda yapılan iş, birlikte çalışma ve dolma-boşalma hızlarını tekrar etmelisin."
İşçi-Havuz Problemleri konusu için verilen günlük yaşam senaryosunda bilinmeyen değer x olarak seçiliyor. Verilen ilişkilerden denklem kurularak sonuç nasıl bulunur? Örnek 18,İşçi-Havuz Problemleri,"İşçi-havuz problemlerinde birim zamanda yapılan iş, birlikte çalışma ve dolma-boşalma hızlarını tekrar etmelisin."
İşçi-Havuz Problemleri konusu için verilen günlük yaşam senaryosunda bilinmeyen değer x olarak seçiliyor. Verilen ilişkilerden denklem kurularak sonuç nasıl bulunur? Örnek 19,İşçi-Havuz Problemleri,"İşçi-havuz problemlerinde birim zamanda yapılan iş, birlikte çalışma ve dolma-boşalma hızlarını tekrar etmelisin."
İşçi-Havuz Problemleri konusu için verilen günlük yaşam senaryosunda bilinmeyen değer x olarak seçiliyor. Verilen ilişkilerden denklem kurularak sonuç nasıl bulunur? Örnek 20,İşçi-Havuz Problemleri,"İşçi-havuz problemlerinde birim zamanda yapılan iş, birlikte çalışma ve dolma-boşalma hızlarını tekrar etmelisin."
Ali'nin yaşı Ayşe'nin yaşının 2 katıdır. 5 yıl sonra yaşları toplamı 55 olacaksa Ali bugün kaç yaşındadır?,Yaş Problemleri,"Yaş problemlerinde bugünkü yaş, geçmiş-gelecek yaş ilişkisi ve yaş farkının sabit kalması mantığını tekrar etmelisin."
Bir babanın yaşı oğlunun yaşının 4 katıdır. 6 yıl sonra baba oğlunun yaşının 3 katı olacaksa oğul bugün kaç yaşındadır?,Yaş Problemleri,"Yaş problemlerinde bugünkü yaş, geçmiş-gelecek yaş ilişkisi ve yaş farkının sabit kalması mantığını tekrar etmelisin."
İki kardeşin yaşları farkı 7'dir. 4 yıl sonra yaşları toplamı 39 olacağına göre küçük kardeş bugün kaç yaşındadır?,Yaş Problemleri,"Yaş problemlerinde bugünkü yaş, geçmiş-gelecek yaş ilişkisi ve yaş farkının sabit kalması mantığını tekrar etmelisin."
Bir annenin yaşı kızının yaşının 3 katından 5 fazladır. Yaşları toplamı 45 ise kız kaç yaşındadır?,Yaş Problemleri,"Yaş problemlerinde bugünkü yaş, geçmiş-gelecek yaş ilişkisi ve yaş farkının sabit kalması mantığını tekrar etmelisin."
"Mert'in bugünkü yaşı, 4 yıl önceki yaşının 2 katından 6 eksiktir. Mert bugün kaç yaşındadır?",Yaş Problemleri,"Yaş problemlerinde bugünkü yaş, geçmiş-gelecek yaş ilişkisi ve yaş farkının sabit kalması mantığını tekrar etmelisin."
"Bir kişinin 8 yıl sonraki yaşı, 4 yıl önceki yaşının 2 katına eşittir. Bu kişi bugün kaç yaşındadır?",Yaş Problemleri,"Yaş problemlerinde bugünkü yaş, geçmiş-gelecek yaş ilişkisi ve yaş farkının sabit kalması mantığını tekrar etmelisin."
Dede ile torunun yaşları toplamı 86'dır. Dedenin yaşı torunun yaşının 5 katından 2 fazladır. Torun kaç yaşındadır?,Yaş Problemleri,"Yaş problemlerinde bugünkü yaş, geçmiş-gelecek yaş ilişkisi ve yaş farkının sabit kalması mantığını tekrar etmelisin."
Elif'in yaşı Ece'nin yaşından 6 fazladır. 3 yıl önce yaşları toplamı 24 ise Elif bugün kaç yaşındadır?,Yaş Problemleri,"Yaş problemlerinde bugünkü yaş, geçmiş-gelecek yaş ilişkisi ve yaş farkının sabit kalması mantığını tekrar etmelisin."
Bir babanın bugünkü yaşı oğlunun bugünkü yaşının 5 katıdır. 10 yıl sonra baba oğlunun yaşının 3 katı olursa oğul bugün kaç yaşındadır?,Yaş Problemleri,"Yaş problemlerinde bugünkü yaş, geçmiş-gelecek yaş ilişkisi ve yaş farkının sabit kalması mantığını tekrar etmelisin."
İki kişinin yaşları oranı 3/5'tir. Yaşları toplamı 64 olduğuna göre küçük olan kaç yaşındadır?,Yaş Problemleri,"Yaş problemlerinde bugünkü yaş, geçmiş-gelecek yaş ilişkisi ve yaş farkının sabit kalması mantığını tekrar etmelisin."
Yaş Problemleri konusu için verilen günlük yaşam senaryosunda bilinmeyen değer x olarak seçiliyor. Verilen ilişkilerden denklem kurularak sonuç nasıl bulunur? Örnek 1,Yaş Problemleri,"Yaş problemlerinde bugünkü yaş, geçmiş-gelecek yaş ilişkisi ve yaş farkının sabit kalması mantığını tekrar etmelisin."
Yaş Problemleri konusu için verilen günlük yaşam senaryosunda bilinmeyen değer x olarak seçiliyor. Verilen ilişkilerden denklem kurularak sonuç nasıl bulunur? Örnek 2,Yaş Problemleri,"Yaş problemlerinde bugünkü yaş, geçmiş-gelecek yaş ilişkisi ve yaş farkının sabit kalması mantığını tekrar etmelisin."
Yaş Problemleri konusu için verilen günlük yaşam senaryosunda bilinmeyen değer x olarak seçiliyor. Verilen ilişkilerden denklem kurularak sonuç nasıl bulunur? Örnek 3,Yaş Problemleri,"Yaş problemlerinde bugünkü yaş, geçmiş-gelecek yaş ilişkisi ve yaş farkının sabit kalması mantığını tekrar etmelisin."
Yaş Problemleri konusu için verilen günlük yaşam senaryosunda bilinmeyen değer x olarak seçiliyor. Verilen ilişkilerden denklem kurularak sonuç nasıl bulunur? Örnek 4,Yaş Problemleri,"Yaş problemlerinde bugünkü yaş, geçmiş-gelecek yaş ilişkisi ve yaş farkının sabit kalması mantığını tekrar etmelisin."
Yaş Problemleri konusu için verilen günlük yaşam senaryosunda bilinmeyen değer x olarak seçiliyor. Verilen ilişkilerden denklem kurularak sonuç nasıl bulunur? Örnek 5,Yaş Problemleri,"Yaş problemlerinde bugünkü yaş, geçmiş-gelecek yaş ilişkisi ve yaş farkının sabit kalması mantığını tekrar etmelisin."
Yaş Problemleri konusu için verilen günlük yaşam senaryosunda bilinmeyen değer x olarak seçiliyor. Verilen ilişkilerden denklem kurularak sonuç nasıl bulunur? Örnek 6,Yaş Problemleri,"Yaş problemlerinde bugünkü yaş, geçmiş-gelecek yaş ilişkisi ve yaş farkının sabit kalması mantığını tekrar etmelisin."
Yaş Problemleri konusu için verilen günlük yaşam senaryosunda bilinmeyen değer x olarak seçiliyor. Verilen ilişkilerden denklem kurularak sonuç nasıl bulunur? Örnek 7,Yaş Problemleri,"Yaş problemlerinde bugünkü yaş, geçmiş-gelecek yaş ilişkisi ve yaş farkının sabit kalması mantığını tekrar etmelisin."
Yaş Problemleri konusu için verilen günlük yaşam senaryosunda bilinmeyen değer x olarak seçiliyor. Verilen ilişkilerden denklem kurularak sonuç nasıl bulunur? Örnek 8,Yaş Problemleri,"Yaş problemlerinde bugünkü yaş, geçmiş-gelecek yaş ilişkisi ve yaş farkının sabit kalması mantığını tekrar etmelisin."
Yaş Problemleri konusu için verilen günlük yaşam senaryosunda bilinmeyen değer x olarak seçiliyor. Verilen ilişkilerden denklem kurularak sonuç nasıl bulunur? Örnek 9,Yaş Problemleri,"Yaş problemlerinde bugünkü yaş, geçmiş-gelecek yaş ilişkisi ve yaş farkının sabit kalması mantığını tekrar etmelisin."
Yaş Problemleri konusu için verilen günlük yaşam senaryosunda bilinmeyen değer x olarak seçiliyor. Verilen ilişkilerden denklem kurularak sonuç nasıl bulunur? Örnek 10,Yaş Problemleri,"Yaş problemlerinde bugünkü yaş, geçmiş-gelecek yaş ilişkisi ve yaş farkının sabit kalması mantığını tekrar etmelisin."
Yaş Problemleri konusu için verilen günlük yaşam senaryosunda bilinmeyen değer x olarak seçiliyor. Verilen ilişkilerden denklem kurularak sonuç nasıl bulunur? Örnek 11,Yaş Problemleri,"Yaş problemlerinde bugünkü yaş, geçmiş-gelecek yaş ilişkisi ve yaş farkının sabit kalması mantığını tekrar etmelisin."
Yaş Problemleri konusu için verilen günlük yaşam senaryosunda bilinmeyen değer x olarak seçiliyor. Verilen ilişkilerden denklem kurularak sonuç nasıl bulunur? Örnek 12,Yaş Problemleri,"Yaş problemlerinde bugünkü yaş, geçmiş-gelecek yaş ilişkisi ve yaş farkının sabit kalması mantığını tekrar etmelisin."
Yaş Problemleri konusu için verilen günlük yaşam senaryosunda bilinmeyen değer x olarak seçiliyor. Verilen ilişkilerden denklem kurularak sonuç nasıl bulunur? Örnek 13,Yaş Problemleri,"Yaş problemlerinde bugünkü yaş, geçmiş-gelecek yaş ilişkisi ve yaş farkının sabit kalması mantığını tekrar etmelisin."
Yaş Problemleri konusu için verilen günlük yaşam senaryosunda bilinmeyen değer x olarak seçiliyor. Verilen ilişkilerden denklem kurularak sonuç nasıl bulunur? Örnek 14,Yaş Problemleri,"Yaş problemlerinde bugünkü yaş, geçmiş-gelecek yaş ilişkisi ve yaş farkının sabit kalması mantığını tekrar etmelisin."
Yaş Problemleri konusu için verilen günlük yaşam senaryosunda bilinmeyen değer x olarak seçiliyor. Verilen ilişkilerden denklem kurularak sonuç nasıl bulunur? Örnek 15,Yaş Problemleri,"Yaş problemlerinde bugünkü yaş, geçmiş-gelecek yaş ilişkisi ve yaş farkının sabit kalması mantığını tekrar etmelisin."
Yaş Problemleri konusu için verilen günlük yaşam senaryosunda bilinmeyen değer x olarak seçiliyor. Verilen ilişkilerden denklem kurularak sonuç nasıl bulunur? Örnek 16,Yaş Problemleri,"Yaş problemlerinde bugünkü yaş, geçmiş-gelecek yaş ilişkisi ve yaş farkının sabit kalması mantığını tekrar etmelisin."
Yaş Problemleri konusu için verilen günlük yaşam senaryosunda bilinmeyen değer x olarak seçiliyor. Verilen ilişkilerden denklem kurularak sonuç nasıl bulunur? Örnek 17,Yaş Problemleri,"Yaş problemlerinde bugünkü yaş, geçmiş-gelecek yaş ilişkisi ve yaş farkının sabit kalması mantığını tekrar etmelisin."
Yaş Problemleri konusu için verilen günlük yaşam senaryosunda bilinmeyen değer x olarak seçiliyor. Verilen ilişkilerden denklem kurularak sonuç nasıl bulunur? Örnek 18,Yaş Problemleri,"Yaş problemlerinde bugünkü yaş, geçmiş-gelecek yaş ilişkisi ve yaş farkının sabit kalması mantığını tekrar etmelisin."
Yaş Problemleri konusu için verilen günlük yaşam senaryosunda bilinmeyen değer x olarak seçiliyor. Verilen ilişkilerden denklem kurularak sonuç nasıl bulunur? Örnek 19,Yaş Problemleri,"Yaş problemlerinde bugünkü yaş, geçmiş-gelecek yaş ilişkisi ve yaş farkının sabit kalması mantığını tekrar etmelisin."
Yaş Problemleri konusu için verilen günlük yaşam senaryosunda bilinmeyen değer x olarak seçiliyor. Verilen ilişkilerden denklem kurularak sonuç nasıl bulunur? Örnek 20,Yaş Problemleri,"Yaş problemlerinde bugünkü yaş, geçmiş-gelecek yaş ilişkisi ve yaş farkının sabit kalması mantığını tekrar etmelisin."
Bir ürünün fiyatı %20 artırılınca 240 TL oluyor. Ürünün ilk fiyatı kaç TL'dir?,Yüzde Problemleri,"Yüzde problemlerinde yüzde artış-azalış, oranı kesre çevirme ve başlangıç değerini bulma konularını tekrar etmelisin."
Bir sınıftaki öğrencilerin %40'ı kızdır. Kız öğrenci sayısı 18 ise sınıfta toplam kaç öğrenci vardır?,Yüzde Problemleri,"Yüzde problemlerinde yüzde artış-azalış, oranı kesre çevirme ve başlangıç değerini bulma konularını tekrar etmelisin."
Bir sayının %25'i 60 ise bu sayı kaçtır?,Yüzde Problemleri,"Yüzde problemlerinde yüzde artış-azalış, oranı kesre çevirme ve başlangıç değerini bulma konularını tekrar etmelisin."
Bir mağazada 300 TL'lik ürüne %15 indirim yapılıyor. İndirimli fiyat kaç TL'dir?,Yüzde Problemleri,"Yüzde problemlerinde yüzde artış-azalış, oranı kesre çevirme ve başlangıç değerini bulma konularını tekrar etmelisin."
Bir ürün önce %10 artırılıp sonra yeni fiyat üzerinden %10 azaltılıyor. Son fiyat başlangıca göre nasıl değişir?,Yüzde Problemleri,"Yüzde problemlerinde yüzde artış-azalış, oranı kesre çevirme ve başlangıç değerini bulma konularını tekrar etmelisin."
Bir depodaki suyun %30'u kullanıldığında geriye 140 litre kalıyor. Başlangıçta depoda kaç litre su vardı?,Yüzde Problemleri,"Yüzde problemlerinde yüzde artış-azalış, oranı kesre çevirme ve başlangıç değerini bulma konularını tekrar etmelisin."
Bir sınavda 80 sorunun %75'ini doğru yapan öğrenci kaç doğru yapmıştır?,Yüzde Problemleri,"Yüzde problemlerinde yüzde artış-azalış, oranı kesre çevirme ve başlangıç değerini bulma konularını tekrar etmelisin."
Bir telefonun fiyatı %12 zamla 5600 TL oluyor. Zamdan önceki fiyat kaç TL'dir?,Yüzde Problemleri,"Yüzde problemlerinde yüzde artış-azalış, oranı kesre çevirme ve başlangıç değerini bulma konularını tekrar etmelisin."
Bir karışımın %18'i tuzdur. Tuz miktarı 36 gram ise karışımın tamamı kaç gramdır?,Yüzde Problemleri,"Yüzde problemlerinde yüzde artış-azalış, oranı kesre çevirme ve başlangıç değerini bulma konularını tekrar etmelisin."
Bir okulda öğrenci sayısı %25 artarak 500 olmuştur. Artmadan önce öğrenci sayısı kaçtır?,Yüzde Problemleri,"Yüzde problemlerinde yüzde artış-azalış, oranı kesre çevirme ve başlangıç değerini bulma konularını tekrar etmelisin."
Yüzde Problemleri konusu için verilen günlük yaşam senaryosunda bilinmeyen değer x olarak seçiliyor. Verilen ilişkilerden denklem kurularak sonuç nasıl bulunur? Örnek 1,Yüzde Problemleri,"Yüzde problemlerinde yüzde artış-azalış, oranı kesre çevirme ve başlangıç değerini bulma konularını tekrar etmelisin."
Yüzde Problemleri konusu için verilen günlük yaşam senaryosunda bilinmeyen değer x olarak seçiliyor. Verilen ilişkilerden denklem kurularak sonuç nasıl bulunur? Örnek 2,Yüzde Problemleri,"Yüzde problemlerinde yüzde artış-azalış, oranı kesre çevirme ve başlangıç değerini bulma konularını tekrar etmelisin."
Yüzde Problemleri konusu için verilen günlük yaşam senaryosunda bilinmeyen değer x olarak seçiliyor. Verilen ilişkilerden denklem kurularak sonuç nasıl bulunur? Örnek 3,Yüzde Problemleri,"Yüzde problemlerinde yüzde artış-azalış, oranı kesre çevirme ve başlangıç değerini bulma konularını tekrar etmelisin."
Yüzde Problemleri konusu için verilen günlük yaşam senaryosunda bilinmeyen değer x olarak seçiliyor. Verilen ilişkilerden denklem kurularak sonuç nasıl bulunur? Örnek 4,Yüzde Problemleri,"Yüzde problemlerinde yüzde artış-azalış, oranı kesre çevirme ve başlangıç değerini bulma konularını tekrar etmelisin."
Yüzde Problemleri konusu için verilen günlük yaşam senaryosunda bilinmeyen değer x olarak seçiliyor. Verilen ilişkilerden denklem kurularak sonuç nasıl bulunur? Örnek 5,Yüzde Problemleri,"Yüzde problemlerinde yüzde artış-azalış, oranı kesre çevirme ve başlangıç değerini bulma konularını tekrar etmelisin."
Yüzde Problemleri konusu için verilen günlük yaşam senaryosunda bilinmeyen değer x olarak seçiliyor. Verilen ilişkilerden denklem kurularak sonuç nasıl bulunur? Örnek 6,Yüzde Problemleri,"Yüzde problemlerinde yüzde artış-azalış, oranı kesre çevirme ve başlangıç değerini bulma konularını tekrar etmelisin."
Yüzde Problemleri konusu için verilen günlük yaşam senaryosunda bilinmeyen değer x olarak seçiliyor. Verilen ilişkilerden denklem kurularak sonuç nasıl bulunur? Örnek 7,Yüzde Problemleri,"Yüzde problemlerinde yüzde artış-azalış, oranı kesre çevirme ve başlangıç değerini bulma konularını tekrar etmelisin."
Yüzde Problemleri konusu için verilen günlük yaşam senaryosunda bilinmeyen değer x olarak seçiliyor. Verilen ilişkilerden denklem kurularak sonuç nasıl bulunur? Örnek 8,Yüzde Problemleri,"Yüzde problemlerinde yüzde artış-azalış, oranı kesre çevirme ve başlangıç değerini bulma konularını tekrar etmelisin."
Yüzde Problemleri konusu için verilen günlük yaşam senaryosunda bilinmeyen değer x olarak seçiliyor. Verilen ilişkilerden denklem kurularak sonuç nasıl bulunur? Örnek 9,Yüzde Problemleri,"Yüzde problemlerinde yüzde artış-azalış, oranı kesre çevirme ve başlangıç değerini bulma konularını tekrar etmelisin."
Yüzde Problemleri konusu için verilen günlük yaşam senaryosunda bilinmeyen değer x olarak seçiliyor. Verilen ilişkilerden denklem kurularak sonuç nasıl bulunur? Örnek 10,Yüzde Problemleri,"Yüzde problemlerinde yüzde artış-azalış, oranı kesre çevirme ve başlangıç değerini bulma konularını tekrar etmelisin."
Yüzde Problemleri konusu için verilen günlük yaşam senaryosunda bilinmeyen değer x olarak seçiliyor. Verilen ilişkilerden denklem kurularak sonuç nasıl bulunur? Örnek 11,Yüzde Problemleri,"Yüzde problemlerinde yüzde artış-azalış, oranı kesre çevirme ve başlangıç değerini bulma konularını tekrar etmelisin."
Yüzde Problemleri konusu için verilen günlük yaşam senaryosunda bilinmeyen değer x olarak seçiliyor. Verilen ilişkilerden denklem kurularak sonuç nasıl bulunur? Örnek 12,Yüzde Problemleri,"Yüzde problemlerinde yüzde artış-azalış, oranı kesre çevirme ve başlangıç değerini bulma konularını tekrar etmelisin."
Yüzde Problemleri konusu için verilen günlük yaşam senaryosunda bilinmeyen değer x olarak seçiliyor. Verilen ilişkilerden denklem kurularak sonuç nasıl bulunur? Örnek 13,Yüzde Problemleri,"Yüzde problemlerinde yüzde artış-azalış, oranı kesre çevirme ve başlangıç değerini bulma konularını tekrar etmelisin."
Yüzde Problemleri konusu için verilen günlük yaşam senaryosunda bilinmeyen değer x olarak seçiliyor. Verilen ilişkilerden denklem kurularak sonuç nasıl bulunur? Örnek 14,Yüzde Problemleri,"Yüzde problemlerinde yüzde artış-azalış, oranı kesre çevirme ve başlangıç değerini bulma konularını tekrar etmelisin."
Yüzde Problemleri konusu için verilen günlük yaşam senaryosunda bilinmeyen değer x olarak seçiliyor. Verilen ilişkilerden denklem kurularak sonuç nasıl bulunur? Örnek 15,Yüzde Problemleri,"Yüzde problemlerinde yüzde artış-azalış, oranı kesre çevirme ve başlangıç değerini bulma konularını tekrar etmelisin."
Yüzde Problemleri konusu için verilen günlük yaşam senaryosunda bilinmeyen değer x olarak seçiliyor. Verilen ilişkilerden denklem kurularak sonuç nasıl bulunur? Örnek 16,Yüzde Problemleri,"Yüzde problemlerinde yüzde artış-azalış, oranı kesre çevirme ve başlangıç değerini bulma konularını tekrar etmelisin."
Yüzde Problemleri konusu için verilen günlük yaşam senaryosunda bilinmeyen değer x olarak seçiliyor. Verilen ilişkilerden denklem kurularak sonuç nasıl bulunur? Örnek 17,Yüzde Problemleri,"Yüzde problemlerinde yüzde artış-azalış, oranı kesre çevirme ve başlangıç değerini bulma konularını tekrar etmelisin."
Yüzde Problemleri konusu için verilen günlük yaşam senaryosunda bilinmeyen değer x olarak seçiliyor. Verilen ilişkilerden denklem kurularak sonuç nasıl bulunur? Örnek 18,Yüzde Problemleri,"Yüzde problemlerinde yüzde artış-azalış, oranı kesre çevirme ve başlangıç değerini bulma konularını tekrar etmelisin."
Yüzde Problemleri konusu için verilen günlük yaşam senaryosunda bilinmeyen değer x olarak seçiliyor. Verilen ilişkilerden denklem kurularak sonuç nasıl bulunur? Örnek 19,Yüzde Problemleri,"Yüzde problemlerinde yüzde artış-azalış, oranı kesre çevirme ve başlangıç değerini bulma konularını tekrar etmelisin."
Yüzde Problemleri konusu için verilen günlük yaşam senaryosunda bilinmeyen değer x olarak seçiliyor. Verilen ilişkilerden denklem kurularak sonuç nasıl bulunur? Örnek 20,Yüzde Problemleri,"Yüzde problemlerinde yüzde artış-azalış, oranı kesre çevirme ve başlangıç değerini bulma konularını tekrar etmelisin."
Bir ürün 200 TL'ye alınıp %25 karla satılıyor. Satış fiyatı kaç TL'dir?,Kar-Zarar Problemleri,"Kar-zarar problemlerinde alış fiyatı, satış fiyatı, kar oranı ve zarar oranı ilişkilerini tekrar etmelisin."
Bir satıcı 360 TL'ye sattığı üründen %20 zarar ediyor. Ürünün alış fiyatı kaç TL'dir?,Kar-Zarar Problemleri,"Kar-zarar problemlerinde alış fiyatı, satış fiyatı, kar oranı ve zarar oranı ilişkilerini tekrar etmelisin."
Alış fiyatı 500 TL olan bir ürün 650 TL'ye satılıyor. Kar yüzdesi kaçtır?,Kar-Zarar Problemleri,"Kar-zarar problemlerinde alış fiyatı, satış fiyatı, kar oranı ve zarar oranı ilişkilerini tekrar etmelisin."
Bir ürün %15 zararla 170 TL'ye satılmıştır. Ürünün alış fiyatı kaç TL'dir?,Kar-Zarar Problemleri,"Kar-zarar problemlerinde alış fiyatı, satış fiyatı, kar oranı ve zarar oranı ilişkilerini tekrar etmelisin."
Bir mağaza ürünün etiket fiyatına %20 indirim yapınca 400 TL'ye satıyor. Etiket fiyatı kaç TL'dir?,Kar-Zarar Problemleri,"Kar-zarar problemlerinde alış fiyatı, satış fiyatı, kar oranı ve zarar oranı ilişkilerini tekrar etmelisin."
Bir ürün önce %30 karla fiyatlandırılıp sonra bu fiyat üzerinden %10 indirimle satılıyor. Alış fiyatı 100 TL ise satış fiyatı kaç TL'dir?,Kar-Zarar Problemleri,"Kar-zarar problemlerinde alış fiyatı, satış fiyatı, kar oranı ve zarar oranı ilişkilerini tekrar etmelisin."
"Bir satıcı iki üründen birini %20 karla, diğerini %20 zararla satıyor. Alış fiyatları eşitse toplam durumda ne olur?",Kar-Zarar Problemleri,"Kar-zarar problemlerinde alış fiyatı, satış fiyatı, kar oranı ve zarar oranı ilişkilerini tekrar etmelisin."
120 TL'ye alınan bir ürün 150 TL'ye satılırsa kar oranı kaçtır?,Kar-Zarar Problemleri,"Kar-zarar problemlerinde alış fiyatı, satış fiyatı, kar oranı ve zarar oranı ilişkilerini tekrar etmelisin."
Bir ürünün satış fiyatı alış fiyatının 4/5'i kadardır. Zarar yüzdesi kaçtır?,Kar-Zarar Problemleri,"Kar-zarar problemlerinde alış fiyatı, satış fiyatı, kar oranı ve zarar oranı ilişkilerini tekrar etmelisin."
Bir satıcı 80 TL kar ederek ürünü 480 TL'ye satıyor. Kar oranı kaçtır?,Kar-Zarar Problemleri,"Kar-zarar problemlerinde alış fiyatı, satış fiyatı, kar oranı ve zarar oranı ilişkilerini tekrar etmelisin."
Kar-Zarar Problemleri konusu için verilen günlük yaşam senaryosunda bilinmeyen değer x olarak seçiliyor. Verilen ilişkilerden denklem kurularak sonuç nasıl bulunur? Örnek 1,Kar-Zarar Problemleri,"Kar-zarar problemlerinde alış fiyatı, satış fiyatı, kar oranı ve zarar oranı ilişkilerini tekrar etmelisin."
Kar-Zarar Problemleri konusu için verilen günlük yaşam senaryosunda bilinmeyen değer x olarak seçiliyor. Verilen ilişkilerden denklem kurularak sonuç nasıl bulunur? Örnek 2,Kar-Zarar Problemleri,"Kar-zarar problemlerinde alış fiyatı, satış fiyatı, kar oranı ve zarar oranı ilişkilerini tekrar etmelisin."
Kar-Zarar Problemleri konusu için verilen günlük yaşam senaryosunda bilinmeyen değer x olarak seçiliyor. Verilen ilişkilerden denklem kurularak sonuç nasıl bulunur? Örnek 3,Kar-Zarar Problemleri,"Kar-zarar problemlerinde alış fiyatı, satış fiyatı, kar oranı ve zarar oranı ilişkilerini tekrar etmelisin."
Kar-Zarar Problemleri konusu için verilen günlük yaşam senaryosunda bilinmeyen değer x olarak seçiliyor. Verilen ilişkilerden denklem kurularak sonuç nasıl bulunur? Örnek 4,Kar-Zarar Problemleri,"Kar-zarar problemlerinde alış fiyatı, satış fiyatı, kar oranı ve zarar oranı ilişkilerini tekrar etmelisin."
Kar-Zarar Problemleri konusu için verilen günlük yaşam senaryosunda bilinmeyen değer x olarak seçiliyor. Verilen ilişkilerden denklem kurularak sonuç nasıl bulunur? Örnek 5,Kar-Zarar Problemleri,"Kar-zarar problemlerinde alış fiyatı, satış fiyatı, kar oranı ve zarar oranı ilişkilerini tekrar etmelisin."
Kar-Zarar Problemleri konusu için verilen günlük yaşam senaryosunda bilinmeyen değer x olarak seçiliyor. Verilen ilişkilerden denklem kurularak sonuç nasıl bulunur? Örnek 6,Kar-Zarar Problemleri,"Kar-zarar problemlerinde alış fiyatı, satış fiyatı, kar oranı ve zarar oranı ilişkilerini tekrar etmelisin."
Kar-Zarar Problemleri konusu için verilen günlük yaşam senaryosunda bilinmeyen değer x olarak seçiliyor. Verilen ilişkilerden denklem kurularak sonuç nasıl bulunur? Örnek 7,Kar-Zarar Problemleri,"Kar-zarar problemlerinde alış fiyatı, satış fiyatı, kar oranı ve zarar oranı ilişkilerini tekrar etmelisin."
Kar-Zarar Problemleri konusu için verilen günlük yaşam senaryosunda bilinmeyen değer x olarak seçiliyor. Verilen ilişkilerden denklem kurularak sonuç nasıl bulunur? Örnek 8,Kar-Zarar Problemleri,"Kar-zarar problemlerinde alış fiyatı, satış fiyatı, kar oranı ve zarar oranı ilişkilerini tekrar etmelisin."
Kar-Zarar Problemleri konusu için verilen günlük yaşam senaryosunda bilinmeyen değer x olarak seçiliyor. Verilen ilişkilerden denklem kurularak sonuç nasıl bulunur? Örnek 9,Kar-Zarar Problemleri,"Kar-zarar problemlerinde alış fiyatı, satış fiyatı, kar oranı ve zarar oranı ilişkilerini tekrar etmelisin."
Kar-Zarar Problemleri konusu için verilen günlük yaşam senaryosunda bilinmeyen değer x olarak seçiliyor. Verilen ilişkilerden denklem kurularak sonuç nasıl bulunur? Örnek 10,Kar-Zarar Problemleri,"Kar-zarar problemlerinde alış fiyatı, satış fiyatı, kar oranı ve zarar oranı ilişkilerini tekrar etmelisin."
Kar-Zarar Problemleri konusu için verilen günlük yaşam senaryosunda bilinmeyen değer x olarak seçiliyor. Verilen ilişkilerden denklem kurularak sonuç nasıl bulunur? Örnek 11,Kar-Zarar Problemleri,"Kar-zarar problemlerinde alış fiyatı, satış fiyatı, kar oranı ve zarar oranı ilişkilerini tekrar etmelisin."
Kar-Zarar Problemleri konusu için verilen günlük yaşam senaryosunda bilinmeyen değer x olarak seçiliyor. Verilen ilişkilerden denklem kurularak sonuç nasıl bulunur? Örnek 12,Kar-Zarar Problemleri,"Kar-zarar problemlerinde alış fiyatı, satış fiyatı, kar oranı ve zarar oranı ilişkilerini tekrar etmelisin."
Kar-Zarar Problemleri konusu için verilen günlük yaşam senaryosunda bilinmeyen değer x olarak seçiliyor. Verilen ilişkilerden denklem kurularak sonuç nasıl bulunur? Örnek 13,Kar-Zarar Problemleri,"Kar-zarar problemlerinde alış fiyatı, satış fiyatı, kar oranı ve zarar oranı ilişkilerini tekrar etmelisin."
Kar-Zarar Problemleri konusu için verilen günlük yaşam senaryosunda bilinmeyen değer x olarak seçiliyor. Verilen ilişkilerden denklem kurularak sonuç nasıl bulunur? Örnek 14,Kar-Zarar Problemleri,"Kar-zarar problemlerinde alış fiyatı, satış fiyatı, kar oranı ve zarar oranı ilişkilerini tekrar etmelisin."
Kar-Zarar Problemleri konusu için verilen günlük yaşam senaryosunda bilinmeyen değer x olarak seçiliyor. Verilen ilişkilerden denklem kurularak sonuç nasıl bulunur? Örnek 15,Kar-Zarar Problemleri,"Kar-zarar problemlerinde alış fiyatı, satış fiyatı, kar oranı ve zarar oranı ilişkilerini tekrar etmelisin."
Kar-Zarar Problemleri konusu için verilen günlük yaşam senaryosunda bilinmeyen değer x olarak seçiliyor. Verilen ilişkilerden denklem kurularak sonuç nasıl bulunur? Örnek 16,Kar-Zarar Problemleri,"Kar-zarar problemlerinde alış fiyatı, satış fiyatı, kar oranı ve zarar oranı ilişkilerini tekrar etmelisin."
Kar-Zarar Problemleri konusu için verilen günlük yaşam senaryosunda bilinmeyen değer x olarak seçiliyor. Verilen ilişkilerden denklem kurularak sonuç nasıl bulunur? Örnek 17,Kar-Zarar Problemleri,"Kar-zarar problemlerinde alış fiyatı, satış fiyatı, kar oranı ve zarar oranı ilişkilerini tekrar etmelisin."
Kar-Zarar Problemleri konusu için verilen günlük yaşam senaryosunda bilinmeyen değer x olarak seçiliyor. Verilen ilişkilerden denklem kurularak sonuç nasıl bulunur? Örnek 18,Kar-Zarar Problemleri,"Kar-zarar problemlerinde alış fiyatı, satış fiyatı, kar oranı ve zarar oranı ilişkilerini tekrar etmelisin."
Kar-Zarar Problemleri konusu için verilen günlük yaşam senaryosunda bilinmeyen değer x olarak seçiliyor. Verilen ilişkilerden denklem kurularak sonuç nasıl bulunur? Örnek 19,Kar-Zarar Problemleri,"Kar-zarar problemlerinde alış fiyatı, satış fiyatı, kar oranı ve zarar oranı ilişkilerini tekrar etmelisin."
Kar-Zarar Problemleri konusu için verilen günlük yaşam senaryosunda bilinmeyen değer x olarak seçiliyor. Verilen ilişkilerden denklem kurularak sonuç nasıl bulunur? Örnek 20,Kar-Zarar Problemleri,"Kar-zarar problemlerinde alış fiyatı, satış fiyatı, kar oranı ve zarar oranı ilişkilerini tekrar etmelisin."
"Bir tabloda A ürününün satışları pazartesi 20, salı 35, çarşamba 25 verilmiştir. En çok satış hangi gün yapılmıştır?",Tablo-Grafik Problemleri,"Tablo-grafik problemlerinde verilen veriyi okuma, karşılaştırma, toplam-fark bulma ve grafikten sonuç çıkarma becerilerini tekrar etmelisin."
"Bir grafikte 2021'de 40, 2022'de 55, 2023'te 70 öğrenci gösteriliyor. 2021'den 2023'e artış kaçtır?",Tablo-Grafik Problemleri,"Tablo-grafik problemlerinde verilen veriyi okuma, karşılaştırma, toplam-fark bulma ve grafikten sonuç çıkarma becerilerini tekrar etmelisin."
"A, B ve C sınıflarının öğrenci sayıları sırasıyla 28, 32 ve 30'dur. Ortalama öğrenci sayısı kaçtır?",Tablo-Grafik Problemleri,"Tablo-grafik problemlerinde verilen veriyi okuma, karşılaştırma, toplam-fark bulma ve grafikten sonuç çıkarma becerilerini tekrar etmelisin."
"Bir sütun grafikte matematik doğru sayısı 18, Türkçe doğru sayısı 24 verilmiştir. Türkçe doğru sayısı matematikten kaç fazladır?",Tablo-Grafik Problemleri,"Tablo-grafik problemlerinde verilen veriyi okuma, karşılaştırma, toplam-fark bulma ve grafikten sonuç çıkarma becerilerini tekrar etmelisin."
"Bir tabloda dört ayın gelirleri 1200, 1500, 1800 ve 1500 TL'dir. En yüksek gelir ile en düşük gelir farkı kaçtır?",Tablo-Grafik Problemleri,"Tablo-grafik problemlerinde verilen veriyi okuma, karşılaştırma, toplam-fark bulma ve grafikten sonuç çıkarma becerilerini tekrar etmelisin."
"Bir çizgi grafikte sıcaklıklar 12, 15, 21, 18 derece olarak verilmiştir. En büyük artış hangi iki ölçüm arasındadır?",Tablo-Grafik Problemleri,"Tablo-grafik problemlerinde verilen veriyi okuma, karşılaştırma, toplam-fark bulma ve grafikten sonuç çıkarma becerilerini tekrar etmelisin."
"Bir tabloda kitap türlerine göre sayılar roman 40, hikaye 25, şiir 15'tir. Toplam kitap sayısı kaçtır?",Tablo-Grafik Problemleri,"Tablo-grafik problemlerinde verilen veriyi okuma, karşılaştırma, toplam-fark bulma ve grafikten sonuç çıkarma becerilerini tekrar etmelisin."
"Bir daire grafikte bir grubun %30'u kadın, %70'i erkektir. Toplam 200 kişi varsa kadın sayısı kaçtır?",Tablo-Grafik Problemleri,"Tablo-grafik problemlerinde verilen veriyi okuma, karşılaştırma, toplam-fark bulma ve grafikten sonuç çıkarma becerilerini tekrar etmelisin."
"Bir satış tablosunda A mağazası 60, B mağazası 75, C mağazası 45 ürün satmıştır. En fazla ve en az satış yapan mağazaların farkı kaçtır?",Tablo-Grafik Problemleri,"Tablo-grafik problemlerinde verilen veriyi okuma, karşılaştırma, toplam-fark bulma ve grafikten sonuç çıkarma becerilerini tekrar etmelisin."
"Bir grafikte giderler kira 4000, fatura 1200, ulaşım 800 olarak verilmiştir. Toplam gider kaç TL'dir?",Tablo-Grafik Problemleri,"Tablo-grafik problemlerinde verilen veriyi okuma, karşılaştırma, toplam-fark bulma ve grafikten sonuç çıkarma becerilerini tekrar etmelisin."
Tablo-Grafik Problemleri konusu için verilen günlük yaşam senaryosunda bilinmeyen değer x olarak seçiliyor. Verilen ilişkilerden denklem kurularak sonuç nasıl bulunur? Örnek 1,Tablo-Grafik Problemleri,"Tablo-grafik problemlerinde verilen veriyi okuma, karşılaştırma, toplam-fark bulma ve grafikten sonuç çıkarma becerilerini tekrar etmelisin."
Tablo-Grafik Problemleri konusu için verilen günlük yaşam senaryosunda bilinmeyen değer x olarak seçiliyor. Verilen ilişkilerden denklem kurularak sonuç nasıl bulunur? Örnek 2,Tablo-Grafik Problemleri,"Tablo-grafik problemlerinde verilen veriyi okuma, karşılaştırma, toplam-fark bulma ve grafikten sonuç çıkarma becerilerini tekrar etmelisin."
Tablo-Grafik Problemleri konusu için verilen günlük yaşam senaryosunda bilinmeyen değer x olarak seçiliyor. Verilen ilişkilerden denklem kurularak sonuç nasıl bulunur? Örnek 3,Tablo-Grafik Problemleri,"Tablo-grafik problemlerinde verilen veriyi okuma, karşılaştırma, toplam-fark bulma ve grafikten sonuç çıkarma becerilerini tekrar etmelisin."
Tablo-Grafik Problemleri konusu için verilen günlük yaşam senaryosunda bilinmeyen değer x olarak seçiliyor. Verilen ilişkilerden denklem kurularak sonuç nasıl bulunur? Örnek 4,Tablo-Grafik Problemleri,"Tablo-grafik problemlerinde verilen veriyi okuma, karşılaştırma, toplam-fark bulma ve grafikten sonuç çıkarma becerilerini tekrar etmelisin."
Tablo-Grafik Problemleri konusu için verilen günlük yaşam senaryosunda bilinmeyen değer x olarak seçiliyor. Verilen ilişkilerden denklem kurularak sonuç nasıl bulunur? Örnek 5,Tablo-Grafik Problemleri,"Tablo-grafik problemlerinde verilen veriyi okuma, karşılaştırma, toplam-fark bulma ve grafikten sonuç çıkarma becerilerini tekrar etmelisin."
Tablo-Grafik Problemleri konusu için verilen günlük yaşam senaryosunda bilinmeyen değer x olarak seçiliyor. Verilen ilişkilerden denklem kurularak sonuç nasıl bulunur? Örnek 6,Tablo-Grafik Problemleri,"Tablo-grafik problemlerinde verilen veriyi okuma, karşılaştırma, toplam-fark bulma ve grafikten sonuç çıkarma becerilerini tekrar etmelisin."
Tablo-Grafik Problemleri konusu için verilen günlük yaşam senaryosunda bilinmeyen değer x olarak seçiliyor. Verilen ilişkilerden denklem kurularak sonuç nasıl bulunur? Örnek 7,Tablo-Grafik Problemleri,"Tablo-grafik problemlerinde verilen veriyi okuma, karşılaştırma, toplam-fark bulma ve grafikten sonuç çıkarma becerilerini tekrar etmelisin."
Tablo-Grafik Problemleri konusu için verilen günlük yaşam senaryosunda bilinmeyen değer x olarak seçiliyor. Verilen ilişkilerden denklem kurularak sonuç nasıl bulunur? Örnek 8,Tablo-Grafik Problemleri,"Tablo-grafik problemlerinde verilen veriyi okuma, karşılaştırma, toplam-fark bulma ve grafikten sonuç çıkarma becerilerini tekrar etmelisin."
Tablo-Grafik Problemleri konusu için verilen günlük yaşam senaryosunda bilinmeyen değer x olarak seçiliyor. Verilen ilişkilerden denklem kurularak sonuç nasıl bulunur? Örnek 9,Tablo-Grafik Problemleri,"Tablo-grafik problemlerinde verilen veriyi okuma, karşılaştırma, toplam-fark bulma ve grafikten sonuç çıkarma becerilerini tekrar etmelisin."
Tablo-Grafik Problemleri konusu için verilen günlük yaşam senaryosunda bilinmeyen değer x olarak seçiliyor. Verilen ilişkilerden denklem kurularak sonuç nasıl bulunur? Örnek 10,Tablo-Grafik Problemleri,"Tablo-grafik problemlerinde verilen veriyi okuma, karşılaştırma, toplam-fark bulma ve grafikten sonuç çıkarma becerilerini tekrar etmelisin."
Tablo-Grafik Problemleri konusu için verilen günlük yaşam senaryosunda bilinmeyen değer x olarak seçiliyor. Verilen ilişkilerden denklem kurularak sonuç nasıl bulunur? Örnek 11,Tablo-Grafik Problemleri,"Tablo-grafik problemlerinde verilen veriyi okuma, karşılaştırma, toplam-fark bulma ve grafikten sonuç çıkarma becerilerini tekrar etmelisin."
Tablo-Grafik Problemleri konusu için verilen günlük yaşam senaryosunda bilinmeyen değer x olarak seçiliyor. Verilen ilişkilerden denklem kurularak sonuç nasıl bulunur? Örnek 12,Tablo-Grafik Problemleri,"Tablo-grafik problemlerinde verilen veriyi okuma, karşılaştırma, toplam-fark bulma ve grafikten sonuç çıkarma becerilerini tekrar etmelisin."
Tablo-Grafik Problemleri konusu için verilen günlük yaşam senaryosunda bilinmeyen değer x olarak seçiliyor. Verilen ilişkilerden denklem kurularak sonuç nasıl bulunur? Örnek 13,Tablo-Grafik Problemleri,"Tablo-grafik problemlerinde verilen veriyi okuma, karşılaştırma, toplam-fark bulma ve grafikten sonuç çıkarma becerilerini tekrar etmelisin."
Tablo-Grafik Problemleri konusu için verilen günlük yaşam senaryosunda bilinmeyen değer x olarak seçiliyor. Verilen ilişkilerden denklem kurularak sonuç nasıl bulunur? Örnek 14,Tablo-Grafik Problemleri,"Tablo-grafik problemlerinde verilen veriyi okuma, karşılaştırma, toplam-fark bulma ve grafikten sonuç çıkarma becerilerini tekrar etmelisin."
Tablo-Grafik Problemleri konusu için verilen günlük yaşam senaryosunda bilinmeyen değer x olarak seçiliyor. Verilen ilişkilerden denklem kurularak sonuç nasıl bulunur? Örnek 15,Tablo-Grafik Problemleri,"Tablo-grafik problemlerinde verilen veriyi okuma, karşılaştırma, toplam-fark bulma ve grafikten sonuç çıkarma becerilerini tekrar etmelisin."
Tablo-Grafik Problemleri konusu için verilen günlük yaşam senaryosunda bilinmeyen değer x olarak seçiliyor. Verilen ilişkilerden denklem kurularak sonuç nasıl bulunur? Örnek 16,Tablo-Grafik Problemleri,"Tablo-grafik problemlerinde verilen veriyi okuma, karşılaştırma, toplam-fark bulma ve grafikten sonuç çıkarma becerilerini tekrar etmelisin."
Tablo-Grafik Problemleri konusu için verilen günlük yaşam senaryosunda bilinmeyen değer x olarak seçiliyor. Verilen ilişkilerden denklem kurularak sonuç nasıl bulunur? Örnek 17,Tablo-Grafik Problemleri,"Tablo-grafik problemlerinde verilen veriyi okuma, karşılaştırma, toplam-fark bulma ve grafikten sonuç çıkarma becerilerini tekrar etmelisin."
Tablo-Grafik Problemleri konusu için verilen günlük yaşam senaryosunda bilinmeyen değer x olarak seçiliyor. Verilen ilişkilerden denklem kurularak sonuç nasıl bulunur? Örnek 18,Tablo-Grafik Problemleri,"Tablo-grafik problemlerinde verilen veriyi okuma, karşılaştırma, toplam-fark bulma ve grafikten sonuç çıkarma becerilerini tekrar etmelisin."
Tablo-Grafik Problemleri konusu için verilen günlük yaşam senaryosunda bilinmeyen değer x olarak seçiliyor. Verilen ilişkilerden denklem kurularak sonuç nasıl bulunur? Örnek 19,Tablo-Grafik Problemleri,"Tablo-grafik problemlerinde verilen veriyi okuma, karşılaştırma, toplam-fark bulma ve grafikten sonuç çıkarma becerilerini tekrar etmelisin."
Tablo-Grafik Problemleri konusu için verilen günlük yaşam senaryosunda bilinmeyen değer x olarak seçiliyor. Verilen ilişkilerden denklem kurularak sonuç nasıl bulunur? Örnek 20,Tablo-Grafik Problemleri,"Tablo-grafik problemlerinde verilen veriyi okuma, karşılaştırma, toplam-fark bulma ve grafikten sonuç çıkarma becerilerini tekrar etmelisin."
Saatte 60 km hızla giden bir araç 3 saatte kaç km yol alır?,Hız Problemleri,"Hız problemlerinde yol, hız ve zaman ilişkisini; ortalama hız ve karşılaşma-yaklaşma mantığını tekrar etmelisin."
Bir araç 240 km yolu 4 saatte gidiyorsa hızı saatte kaç km'dir?,Hız Problemleri,"Hız problemlerinde yol, hız ve zaman ilişkisini; ortalama hız ve karşılaşma-yaklaşma mantığını tekrar etmelisin."
"Hızı 80 km/s olan bir otomobil 2,5 saatte kaç km yol alır?",Hız Problemleri,"Hız problemlerinde yol, hız ve zaman ilişkisini; ortalama hız ve karşılaşma-yaklaşma mantığını tekrar etmelisin."
İki araç aynı anda birbirine doğru 70 km/s ve 50 km/s hızlarla hareket ediyor. Aralarındaki mesafe 360 km ise kaç saat sonra karşılaşırlar?,Hız Problemleri,"Hız problemlerinde yol, hız ve zaman ilişkisini; ortalama hız ve karşılaşma-yaklaşma mantığını tekrar etmelisin."
Bir bisikletli 45 km yolu 3 saatte gidiyor. Ortalama hızı kaç km/s'tir?,Hız Problemleri,"Hız problemlerinde yol, hız ve zaman ilişkisini; ortalama hız ve karşılaşma-yaklaşma mantığını tekrar etmelisin."
Bir araç hızını saatte 20 km artırınca 300 km yolu 1 saat daha kısa sürede gidiyor. İlk hızı kaç olabilir?,Hız Problemleri,"Hız problemlerinde yol, hız ve zaman ilişkisini; ortalama hız ve karşılaşma-yaklaşma mantığını tekrar etmelisin."
"Aynı yönde hareket eden iki araçtan hızlı olan 90 km/s, yavaş olan 60 km/s hızdadır. Aralarındaki fark 120 km ise hızlı araç kaç saatte yetişir?",Hız Problemleri,"Hız problemlerinde yol, hız ve zaman ilişkisini; ortalama hız ve karşılaşma-yaklaşma mantığını tekrar etmelisin."
Bir tren 150 metre uzunluğundaki köprüyü 30 saniyede geçiyor. Trenin hızı sabitse bu problemde hangi bilgiler yol-zaman ilişkisiyle kullanılır?,Hız Problemleri,"Hız problemlerinde yol, hız ve zaman ilişkisini; ortalama hız ve karşılaşma-yaklaşma mantığını tekrar etmelisin."
Bir koşucu 400 metrelik parkuru 80 saniyede tamamlıyor. Saniyedeki hızı kaç metredir?,Hız Problemleri,"Hız problemlerinde yol, hız ve zaman ilişkisini; ortalama hız ve karşılaşma-yaklaşma mantığını tekrar etmelisin."
"Bir araç yolun yarısını 60 km/s hızla, diğer yarısını 90 km/s hızla gidiyor. Ortalama hız hesaplanırken hangi büyüklükler dikkate alınmalıdır?",Hız Problemleri,"Hız problemlerinde yol, hız ve zaman ilişkisini; ortalama hız ve karşılaşma-yaklaşma mantığını tekrar etmelisin."
Hız Problemleri konusu için verilen günlük yaşam senaryosunda bilinmeyen değer x olarak seçiliyor. Verilen ilişkilerden denklem kurularak sonuç nasıl bulunur? Örnek 1,Hız Problemleri,"Hız problemlerinde yol, hız ve zaman ilişkisini; ortalama hız ve karşılaşma-yaklaşma mantığını tekrar etmelisin."
Hız Problemleri konusu için verilen günlük yaşam senaryosunda bilinmeyen değer x olarak seçiliyor. Verilen ilişkilerden denklem kurularak sonuç nasıl bulunur? Örnek 2,Hız Problemleri,"Hız problemlerinde yol, hız ve zaman ilişkisini; ortalama hız ve karşılaşma-yaklaşma mantığını tekrar etmelisin."
Hız Problemleri konusu için verilen günlük yaşam senaryosunda bilinmeyen değer x olarak seçiliyor. Verilen ilişkilerden denklem kurularak sonuç nasıl bulunur? Örnek 3,Hız Problemleri,"Hız problemlerinde yol, hız ve zaman ilişkisini; ortalama hız ve karşılaşma-yaklaşma mantığını tekrar etmelisin."
Hız Problemleri konusu için verilen günlük yaşam senaryosunda bilinmeyen değer x olarak seçiliyor. Verilen ilişkilerden denklem kurularak sonuç nasıl bulunur? Örnek 4,Hız Problemleri,"Hız problemlerinde yol, hız ve zaman ilişkisini; ortalama hız ve karşılaşma-yaklaşma mantığını tekrar etmelisin."
Hız Problemleri konusu için verilen günlük yaşam senaryosunda bilinmeyen değer x olarak seçiliyor. Verilen ilişkilerden denklem kurularak sonuç nasıl bulunur? Örnek 5,Hız Problemleri,"Hız problemlerinde yol, hız ve zaman ilişkisini; ortalama hız ve karşılaşma-yaklaşma mantığını tekrar etmelisin."
Hız Problemleri konusu için verilen günlük yaşam senaryosunda bilinmeyen değer x olarak seçiliyor. Verilen ilişkilerden denklem kurularak sonuç nasıl bulunur? Örnek 6,Hız Problemleri,"Hız problemlerinde yol, hız ve zaman ilişkisini; ortalama hız ve karşılaşma-yaklaşma mantığını tekrar etmelisin."
Hız Problemleri konusu için verilen günlük yaşam senaryosunda bilinmeyen değer x olarak seçiliyor. Verilen ilişkilerden denklem kurularak sonuç nasıl bulunur? Örnek 7,Hız Problemleri,"Hız problemlerinde yol, hız ve zaman ilişkisini; ortalama hız ve karşılaşma-yaklaşma mantığını tekrar etmelisin."
Hız Problemleri konusu için verilen günlük yaşam senaryosunda bilinmeyen değer x olarak seçiliyor. Verilen ilişkilerden denklem kurularak sonuç nasıl bulunur? Örnek 8,Hız Problemleri,"Hız problemlerinde yol, hız ve zaman ilişkisini; ortalama hız ve karşılaşma-yaklaşma mantığını tekrar etmelisin."
Hız Problemleri konusu için verilen günlük yaşam senaryosunda bilinmeyen değer x olarak seçiliyor. Verilen ilişkilerden denklem kurularak sonuç nasıl bulunur? Örnek 9,Hız Problemleri,"Hız problemlerinde yol, hız ve zaman ilişkisini; ortalama hız ve karşılaşma-yaklaşma mantığını tekrar etmelisin."
Hız Problemleri konusu için verilen günlük yaşam senaryosunda bilinmeyen değer x olarak seçiliyor. Verilen ilişkilerden denklem kurularak sonuç nasıl bulunur? Örnek 10,Hız Problemleri,"Hız problemlerinde yol, hız ve zaman ilişkisini; ortalama hız ve karşılaşma-yaklaşma mantığını tekrar etmelisin."
Hız Problemleri konusu için verilen günlük yaşam senaryosunda bilinmeyen değer x olarak seçiliyor. Verilen ilişkilerden denklem kurularak sonuç nasıl bulunur? Örnek 11,Hız Problemleri,"Hız problemlerinde yol, hız ve zaman ilişkisini; ortalama hız ve karşılaşma-yaklaşma mantığını tekrar etmelisin."
Hız Problemleri konusu için verilen günlük yaşam senaryosunda bilinmeyen değer x olarak seçiliyor. Verilen ilişkilerden denklem kurularak sonuç nasıl bulunur? Örnek 12,Hız Problemleri,"Hız problemlerinde yol, hız ve zaman ilişkisini; ortalama hız ve karşılaşma-yaklaşma mantığını tekrar etmelisin."
Hız Problemleri konusu için verilen günlük yaşam senaryosunda bilinmeyen değer x olarak seçiliyor. Verilen ilişkilerden denklem kurularak sonuç nasıl bulunur? Örnek 13,Hız Problemleri,"Hız problemlerinde yol, hız ve zaman ilişkisini; ortalama hız ve karşılaşma-yaklaşma mantığını tekrar etmelisin."
Hız Problemleri konusu için verilen günlük yaşam senaryosunda bilinmeyen değer x olarak seçiliyor. Verilen ilişkilerden denklem kurularak sonuç nasıl bulunur? Örnek 14,Hız Problemleri,"Hız problemlerinde yol, hız ve zaman ilişkisini; ortalama hız ve karşılaşma-yaklaşma mantığını tekrar etmelisin."
Hız Problemleri konusu için verilen günlük yaşam senaryosunda bilinmeyen değer x olarak seçiliyor. Verilen ilişkilerden denklem kurularak sonuç nasıl bulunur? Örnek 15,Hız Problemleri,"Hız problemlerinde yol, hız ve zaman ilişkisini; ortalama hız ve karşılaşma-yaklaşma mantığını tekrar etmelisin."
Hız Problemleri konusu için verilen günlük yaşam senaryosunda bilinmeyen değer x olarak seçiliyor. Verilen ilişkilerden denklem kurularak sonuç nasıl bulunur? Örnek 16,Hız Problemleri,"Hız problemlerinde yol, hız ve zaman ilişkisini; ortalama hız ve karşılaşma-yaklaşma mantığını tekrar etmelisin."
Hız Problemleri konusu için verilen günlük yaşam senaryosunda bilinmeyen değer x olarak seçiliyor. Verilen ilişkilerden denklem kurularak sonuç nasıl bulunur? Örnek 17,Hız Problemleri,"Hız problemlerinde yol, hız ve zaman ilişkisini; ortalama hız ve karşılaşma-yaklaşma mantığını tekrar etmelisin."
Hız Problemleri konusu için verilen günlük yaşam senaryosunda bilinmeyen değer x olarak seçiliyor. Verilen ilişkilerden denklem kurularak sonuç nasıl bulunur? Örnek 18,Hız Problemleri,"Hız problemlerinde yol, hız ve zaman ilişkisini; ortalama hız ve karşılaşma-yaklaşma mantığını tekrar etmelisin."
Hız Problemleri konusu için verilen günlük yaşam senaryosunda bilinmeyen değer x olarak seçiliyor. Verilen ilişkilerden denklem kurularak sonuç nasıl bulunur? Örnek 19,Hız Problemleri,"Hız problemlerinde yol, hız ve zaman ilişkisini; ortalama hız ve karşılaşma-yaklaşma mantığını tekrar etmelisin."
Hız Problemleri konusu için verilen günlük yaşam senaryosunda bilinmeyen değer x olarak seçiliyor. Verilen ilişkilerden denklem kurularak sonuç nasıl bulunur? Örnek 20,Hız Problemleri,"Hız problemlerinde yol, hız ve zaman ilişkisini; ortalama hız ve karşılaşma-yaklaşma mantığını tekrar etmelisin."
%20 tuz içeren 50 gramlık karışıma 10 gram tuz eklenirse yeni karışımın tuz yüzdesi nasıl hesaplanır?,Karışım Problemleri,"Karışım problemlerinde oran, yüzde derişim, saf madde miktarı ve karışımın toplam miktarı ilişkilerini tekrar etmelisin."
%30 şekerli 40 litre karışıma %10 şekerli 60 litre karışım ekleniyor. Yeni karışımın şeker oranı kaçtır?,Karışım Problemleri,"Karışım problemlerinde oran, yüzde derişim, saf madde miktarı ve karışımın toplam miktarı ilişkilerini tekrar etmelisin."
60 gramlık bir karışımın %25'i tuzdur. Karışımda kaç gram tuz vardır?,Karışım Problemleri,"Karışım problemlerinde oran, yüzde derişim, saf madde miktarı ve karışımın toplam miktarı ilişkilerini tekrar etmelisin."
%40'ı alkol olan 80 litrelik karışıma 20 litre su eklenirse alkol oranı yüzde kaç olur?,Karışım Problemleri,"Karışım problemlerinde oran, yüzde derişim, saf madde miktarı ve karışımın toplam miktarı ilişkilerini tekrar etmelisin."
Bir karışımda 12 gram şeker ve 48 gram su vardır. Şeker yüzdesi kaçtır?,Karışım Problemleri,"Karışım problemlerinde oran, yüzde derişim, saf madde miktarı ve karışımın toplam miktarı ilişkilerini tekrar etmelisin."
%15 tuzlu 100 gram çözeltiye kaç gram saf su eklenirse tuz oranı düşer?,Karışım Problemleri,"Karışım problemlerinde oran, yüzde derişim, saf madde miktarı ve karışımın toplam miktarı ilişkilerini tekrar etmelisin."
İki farklı karışımın miktarları ve yüzdeleri verildiğinde yeni yüzdeyi bulmak için hangi işlem yapılır?,Karışım Problemleri,"Karışım problemlerinde oran, yüzde derişim, saf madde miktarı ve karışımın toplam miktarı ilişkilerini tekrar etmelisin."
%25 asitli 200 ml karışımdaki asit miktarı kaç ml'dir?,Karışım Problemleri,"Karışım problemlerinde oran, yüzde derişim, saf madde miktarı ve karışımın toplam miktarı ilişkilerini tekrar etmelisin."
Tuz oranı %10 olan 90 gram karışımdan 30 gram su buharlaştırılırsa tuz oranı nasıl değişir?,Karışım Problemleri,"Karışım problemlerinde oran, yüzde derişim, saf madde miktarı ve karışımın toplam miktarı ilişkilerini tekrar etmelisin."
"Bir karışımın %35'i süt, kalanı sudur. Karışım 120 litre ise su miktarı kaç litredir?",Karışım Problemleri,"Karışım problemlerinde oran, yüzde derişim, saf madde miktarı ve karışımın toplam miktarı ilişkilerini tekrar etmelisin."
Karışım Problemleri konusu için verilen günlük yaşam senaryosunda bilinmeyen değer x olarak seçiliyor. Verilen ilişkilerden denklem kurularak sonuç nasıl bulunur? Örnek 1,Karışım Problemleri,"Karışım problemlerinde oran, yüzde derişim, saf madde miktarı ve karışımın toplam miktarı ilişkilerini tekrar etmelisin."
Karışım Problemleri konusu için verilen günlük yaşam senaryosunda bilinmeyen değer x olarak seçiliyor. Verilen ilişkilerden denklem kurularak sonuç nasıl bulunur? Örnek 2,Karışım Problemleri,"Karışım problemlerinde oran, yüzde derişim, saf madde miktarı ve karışımın toplam miktarı ilişkilerini tekrar etmelisin."
Karışım Problemleri konusu için verilen günlük yaşam senaryosunda bilinmeyen değer x olarak seçiliyor. Verilen ilişkilerden denklem kurularak sonuç nasıl bulunur? Örnek 3,Karışım Problemleri,"Karışım problemlerinde oran, yüzde derişim, saf madde miktarı ve karışımın toplam miktarı ilişkilerini tekrar etmelisin."
Karışım Problemleri konusu için verilen günlük yaşam senaryosunda bilinmeyen değer x olarak seçiliyor. Verilen ilişkilerden denklem kurularak sonuç nasıl bulunur? Örnek 4,Karışım Problemleri,"Karışım problemlerinde oran, yüzde derişim, saf madde miktarı ve karışımın toplam miktarı ilişkilerini tekrar etmelisin."
Karışım Problemleri konusu için verilen günlük yaşam senaryosunda bilinmeyen değer x olarak seçiliyor. Verilen ilişkilerden denklem kurularak sonuç nasıl bulunur? Örnek 5,Karışım Problemleri,"Karışım problemlerinde oran, yüzde derişim, saf madde miktarı ve karışımın toplam miktarı ilişkilerini tekrar etmelisin."
Karışım Problemleri konusu için verilen günlük yaşam senaryosunda bilinmeyen değer x olarak seçiliyor. Verilen ilişkilerden denklem kurularak sonuç nasıl bulunur? Örnek 6,Karışım Problemleri,"Karışım problemlerinde oran, yüzde derişim, saf madde miktarı ve karışımın toplam miktarı ilişkilerini tekrar etmelisin."
Karışım Problemleri konusu için verilen günlük yaşam senaryosunda bilinmeyen değer x olarak seçiliyor. Verilen ilişkilerden denklem kurularak sonuç nasıl bulunur? Örnek 7,Karışım Problemleri,"Karışım problemlerinde oran, yüzde derişim, saf madde miktarı ve karışımın toplam miktarı ilişkilerini tekrar etmelisin."
Karışım Problemleri konusu için verilen günlük yaşam senaryosunda bilinmeyen değer x olarak seçiliyor. Verilen ilişkilerden denklem kurularak sonuç nasıl bulunur? Örnek 8,Karışım Problemleri,"Karışım problemlerinde oran, yüzde derişim, saf madde miktarı ve karışımın toplam miktarı ilişkilerini tekrar etmelisin."
Karışım Problemleri konusu için verilen günlük yaşam senaryosunda bilinmeyen değer x olarak seçiliyor. Verilen ilişkilerden denklem kurularak sonuç nasıl bulunur? Örnek 9,Karışım Problemleri,"Karışım problemlerinde oran, yüzde derişim, saf madde miktarı ve karışımın toplam miktarı ilişkilerini tekrar etmelisin."
Karışım Problemleri konusu için verilen günlük yaşam senaryosunda bilinmeyen değer x olarak seçiliyor. Verilen ilişkilerden denklem kurularak sonuç nasıl bulunur? Örnek 10,Karışım Problemleri,"Karışım problemlerinde oran, yüzde derişim, saf madde miktarı ve karışımın toplam miktarı ilişkilerini tekrar etmelisin."
Karışım Problemleri konusu için verilen günlük yaşam senaryosunda bilinmeyen değer x olarak seçiliyor. Verilen ilişkilerden denklem kurularak sonuç nasıl bulunur? Örnek 11,Karışım Problemleri,"Karışım problemlerinde oran, yüzde derişim, saf madde miktarı ve karışımın toplam miktarı ilişkilerini tekrar etmelisin."
Karışım Problemleri konusu için verilen günlük yaşam senaryosunda bilinmeyen değer x olarak seçiliyor. Verilen ilişkilerden denklem kurularak sonuç nasıl bulunur? Örnek 12,Karışım Problemleri,"Karışım problemlerinde oran, yüzde derişim, saf madde miktarı ve karışımın toplam miktarı ilişkilerini tekrar etmelisin."
Karışım Problemleri konusu için verilen günlük yaşam senaryosunda bilinmeyen değer x olarak seçiliyor. Verilen ilişkilerden denklem kurularak sonuç nasıl bulunur? Örnek 13,Karışım Problemleri,"Karışım problemlerinde oran, yüzde derişim, saf madde miktarı ve karışımın toplam miktarı ilişkilerini tekrar etmelisin."
Karışım Problemleri konusu için verilen günlük yaşam senaryosunda bilinmeyen değer x olarak seçiliyor. Verilen ilişkilerden denklem kurularak sonuç nasıl bulunur? Örnek 14,Karışım Problemleri,"Karışım problemlerinde oran, yüzde derişim, saf madde miktarı ve karışımın toplam miktarı ilişkilerini tekrar etmelisin."
Karışım Problemleri konusu için verilen günlük yaşam senaryosunda bilinmeyen değer x olarak seçiliyor. Verilen ilişkilerden denklem kurularak sonuç nasıl bulunur? Örnek 15,Karışım Problemleri,"Karışım problemlerinde oran, yüzde derişim, saf madde miktarı ve karışımın toplam miktarı ilişkilerini tekrar etmelisin."
Karışım Problemleri konusu için verilen günlük yaşam senaryosunda bilinmeyen değer x olarak seçiliyor. Verilen ilişkilerden denklem kurularak sonuç nasıl bulunur? Örnek 16,Karışım Problemleri,"Karışım problemlerinde oran, yüzde derişim, saf madde miktarı ve karışımın toplam miktarı ilişkilerini tekrar etmelisin."
Karışım Problemleri konusu için verilen günlük yaşam senaryosunda bilinmeyen değer x olarak seçiliyor. Verilen ilişkilerden denklem kurularak sonuç nasıl bulunur? Örnek 17,Karışım Problemleri,"Karışım problemlerinde oran, yüzde derişim, saf madde miktarı ve karışımın toplam miktarı ilişkilerini tekrar etmelisin."
Karışım Problemleri konusu için verilen günlük yaşam senaryosunda bilinmeyen değer x olarak seçiliyor. Verilen ilişkilerden denklem kurularak sonuç nasıl bulunur? Örnek 18,Karışım Problemleri,"Karışım problemlerinde oran, yüzde derişim, saf madde miktarı ve karışımın toplam miktarı ilişkilerini tekrar etmelisin."
Karışım Problemleri konusu için verilen günlük yaşam senaryosunda bilinmeyen değer x olarak seçiliyor. Verilen ilişkilerden denklem kurularak sonuç nasıl bulunur? Örnek 19,Karışım Problemleri,"Karışım problemlerinde oran, yüzde derişim, saf madde miktarı ve karışımın toplam miktarı ilişkilerini tekrar etmelisin."
Karışım Problemleri konusu için verilen günlük yaşam senaryosunda bilinmeyen değer x olarak seçiliyor. Verilen ilişkilerden denklem kurularak sonuç nasıl bulunur? Örnek 20,Karışım Problemleri,"Karışım problemlerinde oran, yüzde derişim, saf madde miktarı ve karışımın toplam miktarı ilişkilerini tekrar etmelisin."
Aralarında 420 km olan iki araç birbirine doğru 80 km/s ve 60 km/s hızlarla hareket ediyor. Kaç saat sonra karşılaşırlar?,Hareket Problemleri,"Hareket problemlerinde karşılaşma, yetişme, hareket yönü ve göreli hız kavramlarını tekrar etmelisin."
Aynı noktadan zıt yönlere giden iki aracın hızları 50 km/s ve 70 km/s'dir. 3 saat sonra aralarındaki mesafe kaç km olur?,Hareket Problemleri,"Hareket problemlerinde karşılaşma, yetişme, hareket yönü ve göreli hız kavramlarını tekrar etmelisin."
"Aynı yönde hareket eden iki araçtan biri 100 km/s, diğeri 75 km/s hızla gidiyor. Hızlı araç yavaşa saatte kaç km yaklaşır?",Hareket Problemleri,"Hareket problemlerinde karşılaşma, yetişme, hareket yönü ve göreli hız kavramlarını tekrar etmelisin."
Bir araç A kentinden B kentine 5 saatte gidiyor. Dönüşte hızını artırınca 4 saatte dönüyor. Bu problemde hangi ilişki kullanılır?,Hareket Problemleri,"Hareket problemlerinde karşılaşma, yetişme, hareket yönü ve göreli hız kavramlarını tekrar etmelisin."
Bir koşucu parkurda sabit hızla ilerliyor. 12 dakikada 2400 metre gidiyorsa 1 dakikada kaç metre gider?,Hareket Problemleri,"Hareket problemlerinde karşılaşma, yetişme, hareket yönü ve göreli hız kavramlarını tekrar etmelisin."
Bir tren ile bir otobüs aynı yönde hareket ediyor. Tren daha hızlıysa aradaki mesafe zamanla nasıl değişir?,Hareket Problemleri,"Hareket problemlerinde karşılaşma, yetişme, hareket yönü ve göreli hız kavramlarını tekrar etmelisin."
"Bir araç 2 saat boyunca 90 km/s, sonra 3 saat boyunca 60 km/s hızla gidiyor. Toplam yol kaç km'dir?",Hareket Problemleri,"Hareket problemlerinde karşılaşma, yetişme, hareket yönü ve göreli hız kavramlarını tekrar etmelisin."
"Bir gemi akıntı yönünde daha hızlı, akıntıya karşı daha yavaş gidiyor. Bu problemde hangi hızlar birlikte düşünülür?",Hareket Problemleri,"Hareket problemlerinde karşılaşma, yetişme, hareket yönü ve göreli hız kavramlarını tekrar etmelisin."
Bir bisikletli 30 km/s hızla yola çıkıyor. 2 saat sonra aynı noktadan 50 km/s hızla çıkan motosikletli kaç saat sonra yetişir?,Hareket Problemleri,"Hareket problemlerinde karşılaşma, yetişme, hareket yönü ve göreli hız kavramlarını tekrar etmelisin."
İki kişi aynı anda aynı noktadan farklı hızlarla yürümeye başlıyor. Aralarındaki mesafenin artması hangi hız farkına bağlıdır?,Hareket Problemleri,"Hareket problemlerinde karşılaşma, yetişme, hareket yönü ve göreli hız kavramlarını tekrar etmelisin."
Hareket Problemleri konusu için verilen günlük yaşam senaryosunda bilinmeyen değer x olarak seçiliyor. Verilen ilişkilerden denklem kurularak sonuç nasıl bulunur? Örnek 1,Hareket Problemleri,"Hareket problemlerinde karşılaşma, yetişme, hareket yönü ve göreli hız kavramlarını tekrar etmelisin."
Hareket Problemleri konusu için verilen günlük yaşam senaryosunda bilinmeyen değer x olarak seçiliyor. Verilen ilişkilerden denklem kurularak sonuç nasıl bulunur? Örnek 2,Hareket Problemleri,"Hareket problemlerinde karşılaşma, yetişme, hareket yönü ve göreli hız kavramlarını tekrar etmelisin."
Hareket Problemleri konusu için verilen günlük yaşam senaryosunda bilinmeyen değer x olarak seçiliyor. Verilen ilişkilerden denklem kurularak sonuç nasıl bulunur? Örnek 3,Hareket Problemleri,"Hareket problemlerinde karşılaşma, yetişme, hareket yönü ve göreli hız kavramlarını tekrar etmelisin."
Hareket Problemleri konusu için verilen günlük yaşam senaryosunda bilinmeyen değer x olarak seçiliyor. Verilen ilişkilerden denklem kurularak sonuç nasıl bulunur? Örnek 4,Hareket Problemleri,"Hareket problemlerinde karşılaşma, yetişme, hareket yönü ve göreli hız kavramlarını tekrar etmelisin."
Hareket Problemleri konusu için verilen günlük yaşam senaryosunda bilinmeyen değer x olarak seçiliyor. Verilen ilişkilerden denklem kurularak sonuç nasıl bulunur? Örnek 5,Hareket Problemleri,"Hareket problemlerinde karşılaşma, yetişme, hareket yönü ve göreli hız kavramlarını tekrar etmelisin."
Hareket Problemleri konusu için verilen günlük yaşam senaryosunda bilinmeyen değer x olarak seçiliyor. Verilen ilişkilerden denklem kurularak sonuç nasıl bulunur? Örnek 6,Hareket Problemleri,"Hareket problemlerinde karşılaşma, yetişme, hareket yönü ve göreli hız kavramlarını tekrar etmelisin."
Hareket Problemleri konusu için verilen günlük yaşam senaryosunda bilinmeyen değer x olarak seçiliyor. Verilen ilişkilerden denklem kurularak sonuç nasıl bulunur? Örnek 7,Hareket Problemleri,"Hareket problemlerinde karşılaşma, yetişme, hareket yönü ve göreli hız kavramlarını tekrar etmelisin."
Hareket Problemleri konusu için verilen günlük yaşam senaryosunda bilinmeyen değer x olarak seçiliyor. Verilen ilişkilerden denklem kurularak sonuç nasıl bulunur? Örnek 8,Hareket Problemleri,"Hareket problemlerinde karşılaşma, yetişme, hareket yönü ve göreli hız kavramlarını tekrar etmelisin."
Hareket Problemleri konusu için verilen günlük yaşam senaryosunda bilinmeyen değer x olarak seçiliyor. Verilen ilişkilerden denklem kurularak sonuç nasıl bulunur? Örnek 9,Hareket Problemleri,"Hareket problemlerinde karşılaşma, yetişme, hareket yönü ve göreli hız kavramlarını tekrar etmelisin."
Hareket Problemleri konusu için verilen günlük yaşam senaryosunda bilinmeyen değer x olarak seçiliyor. Verilen ilişkilerden denklem kurularak sonuç nasıl bulunur? Örnek 10,Hareket Problemleri,"Hareket problemlerinde karşılaşma, yetişme, hareket yönü ve göreli hız kavramlarını tekrar etmelisin."
Hareket Problemleri konusu için verilen günlük yaşam senaryosunda bilinmeyen değer x olarak seçiliyor. Verilen ilişkilerden denklem kurularak sonuç nasıl bulunur? Örnek 11,Hareket Problemleri,"Hareket problemlerinde karşılaşma, yetişme, hareket yönü ve göreli hız kavramlarını tekrar etmelisin."
Hareket Problemleri konusu için verilen günlük yaşam senaryosunda bilinmeyen değer x olarak seçiliyor. Verilen ilişkilerden denklem kurularak sonuç nasıl bulunur? Örnek 12,Hareket Problemleri,"Hareket problemlerinde karşılaşma, yetişme, hareket yönü ve göreli hız kavramlarını tekrar etmelisin."
Hareket Problemleri konusu için verilen günlük yaşam senaryosunda bilinmeyen değer x olarak seçiliyor. Verilen ilişkilerden denklem kurularak sonuç nasıl bulunur? Örnek 13,Hareket Problemleri,"Hareket problemlerinde karşılaşma, yetişme, hareket yönü ve göreli hız kavramlarını tekrar etmelisin."
Hareket Problemleri konusu için verilen günlük yaşam senaryosunda bilinmeyen değer x olarak seçiliyor. Verilen ilişkilerden denklem kurularak sonuç nasıl bulunur? Örnek 14,Hareket Problemleri,"Hareket problemlerinde karşılaşma, yetişme, hareket yönü ve göreli hız kavramlarını tekrar etmelisin."
Hareket Problemleri konusu için verilen günlük yaşam senaryosunda bilinmeyen değer x olarak seçiliyor. Verilen ilişkilerden denklem kurularak sonuç nasıl bulunur? Örnek 15,Hareket Problemleri,"Hareket problemlerinde karşılaşma, yetişme, hareket yönü ve göreli hız kavramlarını tekrar etmelisin."
Hareket Problemleri konusu için verilen günlük yaşam senaryosunda bilinmeyen değer x olarak seçiliyor. Verilen ilişkilerden denklem kurularak sonuç nasıl bulunur? Örnek 16,Hareket Problemleri,"Hareket problemlerinde karşılaşma, yetişme, hareket yönü ve göreli hız kavramlarını tekrar etmelisin."
Hareket Problemleri konusu için verilen günlük yaşam senaryosunda bilinmeyen değer x olarak seçiliyor. Verilen ilişkilerden denklem kurularak sonuç nasıl bulunur? Örnek 17,Hareket Problemleri,"Hareket problemlerinde karşılaşma, yetişme, hareket yönü ve göreli hız kavramlarını tekrar etmelisin."
Hareket Problemleri konusu için verilen günlük yaşam senaryosunda bilinmeyen değer x olarak seçiliyor. Verilen ilişkilerden denklem kurularak sonuç nasıl bulunur? Örnek 18,Hareket Problemleri,"Hareket problemlerinde karşılaşma, yetişme, hareket yönü ve göreli hız kavramlarını tekrar etmelisin."
Hareket Problemleri konusu için verilen günlük yaşam senaryosunda bilinmeyen değer x olarak seçiliyor. Verilen ilişkilerden denklem kurularak sonuç nasıl bulunur? Örnek 19,Hareket Problemleri,"Hareket problemlerinde karşılaşma, yetişme, hareket yönü ve göreli hız kavramlarını tekrar etmelisin."
Hareket Problemleri konusu için verilen günlük yaşam senaryosunda bilinmeyen değer x olarak seçiliyor. Verilen ilişkilerden denklem kurularak sonuç nasıl bulunur? Örnek 20,Hareket Problemleri,"Hareket problemlerinde karşılaşma, yetişme, hareket yönü ve göreli hız kavramlarını tekrar etmelisin."
"Bir tabloda A=2, B=5, C=8 olarak verilmiştir. Her harf bir öncekinden 3 fazla gidiyorsa D kaçtır?",Sayısal Mantık,"Sayısal mantıkta örüntü kurma, tablo ilişkisi, şekil-sayı bağlantısı ve verilen kurala göre çıkarım yapma becerilerini tekrar etmelisin."
"Bir sayı dizisi 4, 7, 11, 16, 22 şeklinde ilerliyor. Sonraki sayı kaçtır?",Sayısal Mantık,"Sayısal mantıkta örüntü kurma, tablo ilişkisi, şekil-sayı bağlantısı ve verilen kurala göre çıkarım yapma becerilerini tekrar etmelisin."
"Bir kutuda kırmızı, mavi ve yeşil toplar belirli kurala göre diziliyor: K, M, Y, K, M, Y. 20. top hangi renktir?",Sayısal Mantık,"Sayısal mantıkta örüntü kurma, tablo ilişkisi, şekil-sayı bağlantısı ve verilen kurala göre çıkarım yapma becerilerini tekrar etmelisin."
"Bir şekilde her satırdaki sayı, solundaki iki sayının toplamıdır. 6 ve 9'un sağındaki kutuya hangi sayı yazılır?",Sayısal Mantık,"Sayısal mantıkta örüntü kurma, tablo ilişkisi, şekil-sayı bağlantısı ve verilen kurala göre çıkarım yapma becerilerini tekrar etmelisin."
Bir tabloda x değeri 1 artınca y değeri 4 artıyor. x=5 iken y=22 ise x=6 iken y kaç olur?,Sayısal Mantık,"Sayısal mantıkta örüntü kurma, tablo ilişkisi, şekil-sayı bağlantısı ve verilen kurala göre çıkarım yapma becerilerini tekrar etmelisin."
Bir sayı piramidinde üstteki kutu alttaki iki kutunun farkıdır. Altta 18 ve 7 varsa üst kutu kaçtır?,Sayısal Mantık,"Sayısal mantıkta örüntü kurma, tablo ilişkisi, şekil-sayı bağlantısı ve verilen kurala göre çıkarım yapma becerilerini tekrar etmelisin."
Bir oturma düzeninde her masaya bir öncekinin 2 fazlası kişi oturuyor. İlk masada 4 kişi varsa 6. masada kaç kişi olur?,Sayısal Mantık,"Sayısal mantıkta örüntü kurma, tablo ilişkisi, şekil-sayı bağlantısı ve verilen kurala göre çıkarım yapma becerilerini tekrar etmelisin."
"Bir şifreleme sisteminde A=1, B=2, C=3 ise CAB sayısal olarak nasıl yazılır?",Sayısal Mantık,"Sayısal mantıkta örüntü kurma, tablo ilişkisi, şekil-sayı bağlantısı ve verilen kurala göre çıkarım yapma becerilerini tekrar etmelisin."
"Bir dizide sayılar 2 ile çarpılıp 1 eklenerek ilerliyor: 2, 5, 11, 23. Sonraki sayı kaçtır?",Sayısal Mantık,"Sayısal mantıkta örüntü kurma, tablo ilişkisi, şekil-sayı bağlantısı ve verilen kurala göre çıkarım yapma becerilerini tekrar etmelisin."
Bir tabloda satır ve sütun başlıkları toplanarak hücre değeri bulunuyor. Satır 8 ve sütun 6 ise hücre değeri kaçtır?,Sayısal Mantık,"Sayısal mantıkta örüntü kurma, tablo ilişkisi, şekil-sayı bağlantısı ve verilen kurala göre çıkarım yapma becerilerini tekrar etmelisin."
"Sayısal Mantık sorusunda verilen tablo, örüntü veya görsel bilgideki kurala göre eksik değer nasıl bulunur? Örnek 1",Sayısal Mantık,"Sayısal mantıkta örüntü kurma, tablo ilişkisi, şekil-sayı bağlantısı ve verilen kurala göre çıkarım yapma becerilerini tekrar etmelisin."
"Sayısal Mantık sorusunda verilen tablo, örüntü veya görsel bilgideki kurala göre eksik değer nasıl bulunur? Örnek 2",Sayısal Mantık,"Sayısal mantıkta örüntü kurma, tablo ilişkisi, şekil-sayı bağlantısı ve verilen kurala göre çıkarım yapma becerilerini tekrar etmelisin."
"Sayısal Mantık sorusunda verilen tablo, örüntü veya görsel bilgideki kurala göre eksik değer nasıl bulunur? Örnek 3",Sayısal Mantık,"Sayısal mantıkta örüntü kurma, tablo ilişkisi, şekil-sayı bağlantısı ve verilen kurala göre çıkarım yapma becerilerini tekrar etmelisin."
"Sayısal Mantık sorusunda verilen tablo, örüntü veya görsel bilgideki kurala göre eksik değer nasıl bulunur? Örnek 4",Sayısal Mantık,"Sayısal mantıkta örüntü kurma, tablo ilişkisi, şekil-sayı bağlantısı ve verilen kurala göre çıkarım yapma becerilerini tekrar etmelisin."
"Sayısal Mantık sorusunda verilen tablo, örüntü veya görsel bilgideki kurala göre eksik değer nasıl bulunur? Örnek 5",Sayısal Mantık,"Sayısal mantıkta örüntü kurma, tablo ilişkisi, şekil-sayı bağlantısı ve verilen kurala göre çıkarım yapma becerilerini tekrar etmelisin."
"Sayısal Mantık sorusunda verilen tablo, örüntü veya görsel bilgideki kurala göre eksik değer nasıl bulunur? Örnek 6",Sayısal Mantık,"Sayısal mantıkta örüntü kurma, tablo ilişkisi, şekil-sayı bağlantısı ve verilen kurala göre çıkarım yapma becerilerini tekrar etmelisin."
"Sayısal Mantık sorusunda verilen tablo, örüntü veya görsel bilgideki kurala göre eksik değer nasıl bulunur? Örnek 7",Sayısal Mantık,"Sayısal mantıkta örüntü kurma, tablo ilişkisi, şekil-sayı bağlantısı ve verilen kurala göre çıkarım yapma becerilerini tekrar etmelisin."
"Sayısal Mantık sorusunda verilen tablo, örüntü veya görsel bilgideki kurala göre eksik değer nasıl bulunur? Örnek 8",Sayısal Mantık,"Sayısal mantıkta örüntü kurma, tablo ilişkisi, şekil-sayı bağlantısı ve verilen kurala göre çıkarım yapma becerilerini tekrar etmelisin."
"Sayısal Mantık sorusunda verilen tablo, örüntü veya görsel bilgideki kurala göre eksik değer nasıl bulunur? Örnek 9",Sayısal Mantık,"Sayısal mantıkta örüntü kurma, tablo ilişkisi, şekil-sayı bağlantısı ve verilen kurala göre çıkarım yapma becerilerini tekrar etmelisin."
"Sayısal Mantık sorusunda verilen tablo, örüntü veya görsel bilgideki kurala göre eksik değer nasıl bulunur? Örnek 10",Sayısal Mantık,"Sayısal mantıkta örüntü kurma, tablo ilişkisi, şekil-sayı bağlantısı ve verilen kurala göre çıkarım yapma becerilerini tekrar etmelisin."
"Sayısal Mantık sorusunda verilen tablo, örüntü veya görsel bilgideki kurala göre eksik değer nasıl bulunur? Örnek 11",Sayısal Mantık,"Sayısal mantıkta örüntü kurma, tablo ilişkisi, şekil-sayı bağlantısı ve verilen kurala göre çıkarım yapma becerilerini tekrar etmelisin."
"Sayısal Mantık sorusunda verilen tablo, örüntü veya görsel bilgideki kurala göre eksik değer nasıl bulunur? Örnek 12",Sayısal Mantık,"Sayısal mantıkta örüntü kurma, tablo ilişkisi, şekil-sayı bağlantısı ve verilen kurala göre çıkarım yapma becerilerini tekrar etmelisin."
"Sayısal Mantık sorusunda verilen tablo, örüntü veya görsel bilgideki kurala göre eksik değer nasıl bulunur? Örnek 13",Sayısal Mantık,"Sayısal mantıkta örüntü kurma, tablo ilişkisi, şekil-sayı bağlantısı ve verilen kurala göre çıkarım yapma becerilerini tekrar etmelisin."
"Sayısal Mantık sorusunda verilen tablo, örüntü veya görsel bilgideki kurala göre eksik değer nasıl bulunur? Örnek 14",Sayısal Mantık,"Sayısal mantıkta örüntü kurma, tablo ilişkisi, şekil-sayı bağlantısı ve verilen kurala göre çıkarım yapma becerilerini tekrar etmelisin."
"Sayısal Mantık sorusunda verilen tablo, örüntü veya görsel bilgideki kurala göre eksik değer nasıl bulunur? Örnek 15",Sayısal Mantık,"Sayısal mantıkta örüntü kurma, tablo ilişkisi, şekil-sayı bağlantısı ve verilen kurala göre çıkarım yapma becerilerini tekrar etmelisin."
"Sayısal Mantık sorusunda verilen tablo, örüntü veya görsel bilgideki kurala göre eksik değer nasıl bulunur? Örnek 16",Sayısal Mantık,"Sayısal mantıkta örüntü kurma, tablo ilişkisi, şekil-sayı bağlantısı ve verilen kurala göre çıkarım yapma becerilerini tekrar etmelisin."
"Sayısal Mantık sorusunda verilen tablo, örüntü veya görsel bilgideki kurala göre eksik değer nasıl bulunur? Örnek 17",Sayısal Mantık,"Sayısal mantıkta örüntü kurma, tablo ilişkisi, şekil-sayı bağlantısı ve verilen kurala göre çıkarım yapma becerilerini tekrar etmelisin."
"Sayısal Mantık sorusunda verilen tablo, örüntü veya görsel bilgideki kurala göre eksik değer nasıl bulunur? Örnek 18",Sayısal Mantık,"Sayısal mantıkta örüntü kurma, tablo ilişkisi, şekil-sayı bağlantısı ve verilen kurala göre çıkarım yapma becerilerini tekrar etmelisin."
"Sayısal Mantık sorusunda verilen tablo, örüntü veya görsel bilgideki kurala göre eksik değer nasıl bulunur? Örnek 19",Sayısal Mantık,"Sayısal mantıkta örüntü kurma, tablo ilişkisi, şekil-sayı bağlantısı ve verilen kurala göre çıkarım yapma becerilerini tekrar etmelisin."
"Sayısal Mantık sorusunda verilen tablo, örüntü veya görsel bilgideki kurala göre eksik değer nasıl bulunur? Örnek 20",Sayısal Mantık,"Sayısal mantıkta örüntü kurma, tablo ilişkisi, şekil-sayı bağlantısı ve verilen kurala göre çıkarım yapma becerilerini tekrar etmelisin."
"Bir çizgi grafikte öğrenci sayısı yıllara göre 120, 150, 145, 170 verilmiştir. En büyük artış hangi yıllar arasındadır?",Tablo ve Grafik Yorumlama,"Tablo ve grafik yorumlamada veriler arasında ilişki kurma, değişim miktarını bulma ve görsel bilgiden sonuç çıkarma becerisini tekrar etmelisin."
Bir tabloda ürünlerin fiyatları ve satış adetleri verilmiştir. Toplam gelir bulunurken hangi iki değer çarpılır?,Tablo ve Grafik Yorumlama,"Tablo ve grafik yorumlamada veriler arasında ilişki kurma, değişim miktarını bulma ve görsel bilgiden sonuç çıkarma becerisini tekrar etmelisin."
"Bir daire grafikte matematik %35, Türkçe %25, fen %40 olarak gösteriliyor. En büyük pay hangi derse aittir?",Tablo ve Grafik Yorumlama,"Tablo ve grafik yorumlamada veriler arasında ilişki kurma, değişim miktarını bulma ve görsel bilgiden sonuç çıkarma becerisini tekrar etmelisin."
"Bir sütun grafikte üç şehrin sıcaklıkları 18, 24 ve 21 derecedir. En sıcak şehir ile en soğuk şehir arasındaki fark kaçtır?",Tablo ve Grafik Yorumlama,"Tablo ve grafik yorumlamada veriler arasında ilişki kurma, değişim miktarını bulma ve görsel bilgiden sonuç çıkarma becerisini tekrar etmelisin."
"Bir tabloda A takımının 5 maçta attığı goller 2, 1, 3, 0, 4'tür. Ortalama gol sayısı kaçtır?",Tablo ve Grafik Yorumlama,"Tablo ve grafik yorumlamada veriler arasında ilişki kurma, değişim miktarını bulma ve görsel bilgiden sonuç çıkarma becerisini tekrar etmelisin."
Bir grafikte giderler ay ay verilmiştir. Giderin azaldığı ayları belirlemek için hangi değerler karşılaştırılır?,Tablo ve Grafik Yorumlama,"Tablo ve grafik yorumlamada veriler arasında ilişki kurma, değişim miktarını bulma ve görsel bilgiden sonuç çıkarma becerisini tekrar etmelisin."
Bir tabloda öğrenci sayıları kız ve erkek olarak ayrılmıştır. Toplam öğrenci sayısı nasıl bulunur?,Tablo ve Grafik Yorumlama,"Tablo ve grafik yorumlamada veriler arasında ilişki kurma, değişim miktarını bulma ve görsel bilgiden sonuç çıkarma becerisini tekrar etmelisin."
Bir çizgi grafikte değerler sürekli artıyorsa bu grafik için genel eğilim nasıl yorumlanır?,Tablo ve Grafik Yorumlama,"Tablo ve grafik yorumlamada veriler arasında ilişki kurma, değişim miktarını bulma ve görsel bilgiden sonuç çıkarma becerisini tekrar etmelisin."
"Bir sütun grafikte kitap sayıları roman 45, hikaye 30, deneme 25 olarak verilmiştir. Roman sayısı denemeden kaç fazladır?",Tablo ve Grafik Yorumlama,"Tablo ve grafik yorumlamada veriler arasında ilişki kurma, değişim miktarını bulma ve görsel bilgiden sonuç çıkarma becerisini tekrar etmelisin."
Bir tabloda dört farklı ürünün satış miktarı verilmiştir. En çok satılan ürün nasıl belirlenir?,Tablo ve Grafik Yorumlama,"Tablo ve grafik yorumlamada veriler arasında ilişki kurma, değişim miktarını bulma ve görsel bilgiden sonuç çıkarma becerisini tekrar etmelisin."
"Tablo ve Grafik Yorumlama sorusunda verilen tablo, örüntü veya görsel bilgideki kurala göre eksik değer nasıl bulunur? Örnek 1",Tablo ve Grafik Yorumlama,"Tablo ve grafik yorumlamada veriler arasında ilişki kurma, değişim miktarını bulma ve görsel bilgiden sonuç çıkarma becerisini tekrar etmelisin."
"Tablo ve Grafik Yorumlama sorusunda verilen tablo, örüntü veya görsel bilgideki kurala göre eksik değer nasıl bulunur? Örnek 2",Tablo ve Grafik Yorumlama,"Tablo ve grafik yorumlamada veriler arasında ilişki kurma, değişim miktarını bulma ve görsel bilgiden sonuç çıkarma becerisini tekrar etmelisin."
"Tablo ve Grafik Yorumlama sorusunda verilen tablo, örüntü veya görsel bilgideki kurala göre eksik değer nasıl bulunur? Örnek 3",Tablo ve Grafik Yorumlama,"Tablo ve grafik yorumlamada veriler arasında ilişki kurma, değişim miktarını bulma ve görsel bilgiden sonuç çıkarma becerisini tekrar etmelisin."
"Tablo ve Grafik Yorumlama sorusunda verilen tablo, örüntü veya görsel bilgideki kurala göre eksik değer nasıl bulunur? Örnek 4",Tablo ve Grafik Yorumlama,"Tablo ve grafik yorumlamada veriler arasında ilişki kurma, değişim miktarını bulma ve görsel bilgiden sonuç çıkarma becerisini tekrar etmelisin."
"Tablo ve Grafik Yorumlama sorusunda verilen tablo, örüntü veya görsel bilgideki kurala göre eksik değer nasıl bulunur? Örnek 5",Tablo ve Grafik Yorumlama,"Tablo ve grafik yorumlamada veriler arasında ilişki kurma, değişim miktarını bulma ve görsel bilgiden sonuç çıkarma becerisini tekrar etmelisin."
"Tablo ve Grafik Yorumlama sorusunda verilen tablo, örüntü veya görsel bilgideki kurala göre eksik değer nasıl bulunur? Örnek 6",Tablo ve Grafik Yorumlama,"Tablo ve grafik yorumlamada veriler arasında ilişki kurma, değişim miktarını bulma ve görsel bilgiden sonuç çıkarma becerisini tekrar etmelisin."
"Tablo ve Grafik Yorumlama sorusunda verilen tablo, örüntü veya görsel bilgideki kurala göre eksik değer nasıl bulunur? Örnek 7",Tablo ve Grafik Yorumlama,"Tablo ve grafik yorumlamada veriler arasında ilişki kurma, değişim miktarını bulma ve görsel bilgiden sonuç çıkarma becerisini tekrar etmelisin."
"Tablo ve Grafik Yorumlama sorusunda verilen tablo, örüntü veya görsel bilgideki kurala göre eksik değer nasıl bulunur? Örnek 8",Tablo ve Grafik Yorumlama,"Tablo ve grafik yorumlamada veriler arasında ilişki kurma, değişim miktarını bulma ve görsel bilgiden sonuç çıkarma becerisini tekrar etmelisin."
"Tablo ve Grafik Yorumlama sorusunda verilen tablo, örüntü veya görsel bilgideki kurala göre eksik değer nasıl bulunur? Örnek 9",Tablo ve Grafik Yorumlama,"Tablo ve grafik yorumlamada veriler arasında ilişki kurma, değişim miktarını bulma ve görsel bilgiden sonuç çıkarma becerisini tekrar etmelisin."
"Tablo ve Grafik Yorumlama sorusunda verilen tablo, örüntü veya görsel bilgideki kurala göre eksik değer nasıl bulunur? Örnek 10",Tablo ve Grafik Yorumlama,"Tablo ve grafik yorumlamada veriler arasında ilişki kurma, değişim miktarını bulma ve görsel bilgiden sonuç çıkarma becerisini tekrar etmelisin."
"Tablo ve Grafik Yorumlama sorusunda verilen tablo, örüntü veya görsel bilgideki kurala göre eksik değer nasıl bulunur? Örnek 11",Tablo ve Grafik Yorumlama,"Tablo ve grafik yorumlamada veriler arasında ilişki kurma, değişim miktarını bulma ve görsel bilgiden sonuç çıkarma becerisini tekrar etmelisin."
"Tablo ve Grafik Yorumlama sorusunda verilen tablo, örüntü veya görsel bilgideki kurala göre eksik değer nasıl bulunur? Örnek 12",Tablo ve Grafik Yorumlama,"Tablo ve grafik yorumlamada veriler arasında ilişki kurma, değişim miktarını bulma ve görsel bilgiden sonuç çıkarma becerisini tekrar etmelisin."
"Tablo ve Grafik Yorumlama sorusunda verilen tablo, örüntü veya görsel bilgideki kurala göre eksik değer nasıl bulunur? Örnek 13",Tablo ve Grafik Yorumlama,"Tablo ve grafik yorumlamada veriler arasında ilişki kurma, değişim miktarını bulma ve görsel bilgiden sonuç çıkarma becerisini tekrar etmelisin."
"Tablo ve Grafik Yorumlama sorusunda verilen tablo, örüntü veya görsel bilgideki kurala göre eksik değer nasıl bulunur? Örnek 14",Tablo ve Grafik Yorumlama,"Tablo ve grafik yorumlamada veriler arasında ilişki kurma, değişim miktarını bulma ve görsel bilgiden sonuç çıkarma becerisini tekrar etmelisin."
"Tablo ve Grafik Yorumlama sorusunda verilen tablo, örüntü veya görsel bilgideki kurala göre eksik değer nasıl bulunur? Örnek 15",Tablo ve Grafik Yorumlama,"Tablo ve grafik yorumlamada veriler arasında ilişki kurma, değişim miktarını bulma ve görsel bilgiden sonuç çıkarma becerisini tekrar etmelisin."
"Tablo ve Grafik Yorumlama sorusunda verilen tablo, örüntü veya görsel bilgideki kurala göre eksik değer nasıl bulunur? Örnek 16",Tablo ve Grafik Yorumlama,"Tablo ve grafik yorumlamada veriler arasında ilişki kurma, değişim miktarını bulma ve görsel bilgiden sonuç çıkarma becerisini tekrar etmelisin."
"Tablo ve Grafik Yorumlama sorusunda verilen tablo, örüntü veya görsel bilgideki kurala göre eksik değer nasıl bulunur? Örnek 17",Tablo ve Grafik Yorumlama,"Tablo ve grafik yorumlamada veriler arasında ilişki kurma, değişim miktarını bulma ve görsel bilgiden sonuç çıkarma becerisini tekrar etmelisin."
"Tablo ve Grafik Yorumlama sorusunda verilen tablo, örüntü veya görsel bilgideki kurala göre eksik değer nasıl bulunur? Örnek 18",Tablo ve Grafik Yorumlama,"Tablo ve grafik yorumlamada veriler arasında ilişki kurma, değişim miktarını bulma ve görsel bilgiden sonuç çıkarma becerisini tekrar etmelisin."
"Tablo ve Grafik Yorumlama sorusunda verilen tablo, örüntü veya görsel bilgideki kurala göre eksik değer nasıl bulunur? Örnek 19",Tablo ve Grafik Yorumlama,"Tablo ve grafik yorumlamada veriler arasında ilişki kurma, değişim miktarını bulma ve görsel bilgiden sonuç çıkarma becerisini tekrar etmelisin."
"Tablo ve Grafik Yorumlama sorusunda verilen tablo, örüntü veya görsel bilgideki kurala göre eksik değer nasıl bulunur? Örnek 20",Tablo ve Grafik Yorumlama,"Tablo ve grafik yorumlamada veriler arasında ilişki kurma, değişim miktarını bulma ve görsel bilgiden sonuç çıkarma becerisini tekrar etmelisin."
"6-(-2)+8.(-3) işleminin sonucu kaçtır?","Temel Kavramlar","Temel kavramlarda işlem önceliği, negatif sayılarla işlemler ve tam sayılarda dört işlem konularını tekrar etmelisin."
"(-4)+7.(-2)-5 işleminin sonucu kaçtır?","Temel Kavramlar","Temel kavramlarda işlem önceliği, negatif sayılarla işlemler ve tam sayılarda dört işlem konularını tekrar etmelisin."
"12-3.(2-5) işleminin sonucu kaçtır?","Temel Kavramlar","Temel kavramlarda işlem önceliği, negatif sayılarla işlemler ve tam sayılarda dört işlem konularını tekrar etmelisin."
"5+2.(-6)-(-3) işleminin sonucu kaçtır?","Temel Kavramlar","Temel kavramlarda işlem önceliği, negatif sayılarla işlemler ve tam sayılarda dört işlem konularını tekrar etmelisin."
"-8+4.3-2 işleminin sonucu kaçtır?","Temel Kavramlar","Temel kavramlarda işlem önceliği, negatif sayılarla işlemler ve tam sayılarda dört işlem konularını tekrar etmelisin."
"15÷3+2.4 işleminin sonucu kaçtır?","Temel Kavramlar","Temel kavramlarda işlem önceliği, negatif sayılarla işlemler ve tam sayılarda dört işlem konularını tekrar etmelisin."
"18-6÷2+5 işleminin sonucu kaçtır?","Temel Kavramlar","Temel kavramlarda işlem önceliği, negatif sayılarla işlemler ve tam sayılarda dört işlem konularını tekrar etmelisin."
"-3.(-5)+2 işleminin sonucu kaçtır?","Temel Kavramlar","Temel kavramlarda işlem önceliği, negatif sayılarla işlemler ve tam sayılarda dört işlem konularını tekrar etmelisin."
"20-(4+3).2 işleminin sonucu kaçtır?","Temel Kavramlar","Temel kavramlarda işlem önceliği, negatif sayılarla işlemler ve tam sayılarda dört işlem konularını tekrar etmelisin."
"7.(-2)+(-3).4 işleminin sonucu kaçtır?","Temel Kavramlar","Temel kavramlarda işlem önceliği, negatif sayılarla işlemler ve tam sayılarda dört işlem konularını tekrar etmelisin."
"2x+7=19 ise x kaçtır?","Denklem Çözme","Denklem çözmede bilinmeyeni yalnız bırakma, eşitliğin iki tarafına aynı işlemi uygulama ve denklem kurma konularını tekrar etmelisin."
"3x-5=16 ise x kaçtır?","Denklem Çözme","Denklem çözmede bilinmeyeni yalnız bırakma, eşitliğin iki tarafına aynı işlemi uygulama ve denklem kurma konularını tekrar etmelisin."
"4(x-2)=20 ise x kaçtır?","Denklem Çözme","Denklem çözmede bilinmeyeni yalnız bırakma, eşitliğin iki tarafına aynı işlemi uygulama ve denklem kurma konularını tekrar etmelisin."
"x/3+4=10 ise x kaçtır?","Denklem Çözme","Denklem çözmede bilinmeyeni yalnız bırakma, eşitliğin iki tarafına aynı işlemi uygulama ve denklem kurma konularını tekrar etmelisin."
"5x+2=2x+20 ise x kaçtır?","Denklem Çözme","Denklem çözmede bilinmeyeni yalnız bırakma, eşitliğin iki tarafına aynı işlemi uygulama ve denklem kurma konularını tekrar etmelisin."
"2 üzeri x eşittir 128 ise x kaçtır?","Üslü Sayılar","Üslü sayılarda üs alma, taban eşitleme ve aynı tabanlı ifadelerde işlem kurallarını tekrar etmelisin."
"3 üzeri x eşittir 243 ise x kaçtır?","Üslü Sayılar","Üslü sayılarda üs alma, taban eşitleme ve aynı tabanlı ifadelerde işlem kurallarını tekrar etmelisin."
"2^5 ile 2^3 çarpılırsa sonuç hangi üs şeklinde yazılır?","Üslü Sayılar","Üslü sayılarda üs alma, taban eşitleme ve aynı tabanlı ifadelerde işlem kurallarını tekrar etmelisin."
"5^0 + 2^3 işleminin sonucu kaçtır?","Üslü Sayılar","Üslü sayılarda üs alma, taban eşitleme ve aynı tabanlı ifadelerde işlem kurallarını tekrar etmelisin."
"10 üzeri 3 sayısı kaçtır?","Üslü Sayılar","Üslü sayılarda üs alma, taban eşitleme ve aynı tabanlı ifadelerde işlem kurallarını tekrar etmelisin."
"Karekök 169 kaçtır?","Köklü Sayılar","Köklü sayılarda karekök alma, köklü ifadelerde işlem ve sadeleştirme konularını tekrar etmelisin."
"Kök 72 ifadesi nasıl sadeleştirilir?","Köklü Sayılar","Köklü sayılarda karekök alma, köklü ifadelerde işlem ve sadeleştirme konularını tekrar etmelisin."
"Karekök 196 değeri kaçtır?","Köklü Sayılar","Köklü sayılarda karekök alma, köklü ifadelerde işlem ve sadeleştirme konularını tekrar etmelisin."
"Kök 27 ile kök 12 toplamı nasıl sadeleştirilir?","Köklü Sayılar","Köklü sayılarda karekök alma, köklü ifadelerde işlem ve sadeleştirme konularını tekrar etmelisin."
"Kök 80 sayısı hangi biçimde dışarı çıkarılır?","Köklü Sayılar","Köklü sayılarda karekök alma, köklü ifadelerde işlem ve sadeleştirme konularını tekrar etmelisin."
"Bir aracın hızı saatte 72 km'dir. Bu araç 5 saatte kaç km yol alır?","Hız Problemleri","Hız problemlerinde yol, hız ve zaman ilişkisini; ortalama hız ve karşılaşma-yaklaşma mantığını tekrar etmelisin."
"İki araç aynı anda zıt yönlerden hareket ediyor. Hızları 80 ve 60 km/s ise 420 km'lik yolda kaç saatte karşılaşırlar?","Hız Problemleri","Hız problemlerinde yol, hız ve zaman ilişkisini; ortalama hız ve karşılaşma-yaklaşma mantığını tekrar etmelisin."
"Bir araç 360 km yolu 6 saatte gidiyorsa ortalama hızı kaç km/s olur?","Hız Problemleri","Hız problemlerinde yol, hız ve zaman ilişkisini; ortalama hız ve karşılaşma-yaklaşma mantığını tekrar etmelisin."
"Bir koşucu 1500 metreyi 5 dakikada koşuyorsa dakikada kaç metre koşar?","Hız Problemleri","Hız problemlerinde yol, hız ve zaman ilişkisini; ortalama hız ve karşılaşma-yaklaşma mantığını tekrar etmelisin."
"Aynı yönde giden iki araçtan hızlı olanın hızı 100, yavaş olanın hızı 70 km/s ise hızlı araç saatte kaç km yaklaşır?","Hız Problemleri","Hız problemlerinde yol, hız ve zaman ilişkisini; ortalama hız ve karşılaşma-yaklaşma mantığını tekrar etmelisin."
"Bir sayı dizisi 3, 6, 12, 24 şeklinde ilerliyor. Sonraki sayı kaçtır?","Sayısal Mantık","Sayısal mantıkta örüntü kurma, tablo ilişkisi, şekil-sayı bağlantısı ve verilen kurala göre çıkarım yapma becerilerini tekrar etmelisin."
"Bir sayı dizisi 2, 5, 10, 17, 26 şeklinde ilerliyor. Sonraki sayı kaçtır?","Sayısal Mantık","Sayısal mantıkta örüntü kurma, tablo ilişkisi, şekil-sayı bağlantısı ve verilen kurala göre çıkarım yapma becerilerini tekrar etmelisin."
"Bir tabloda her satırdaki üçüncü sayı ilk iki sayının toplamının 2 fazlasıdır. 5 ve 8 verilirse üçüncü sayı kaç olur?","Sayısal Mantık","Sayısal mantıkta örüntü kurma, tablo ilişkisi, şekil-sayı bağlantısı ve verilen kurala göre çıkarım yapma becerilerini tekrar etmelisin."
"A, B, C, D harfleri 2, 4, 8, 16 sayılarıyla eşleşiyorsa E hangi sayıyla eşleşir?","Sayısal Mantık","Sayısal mantıkta örüntü kurma, tablo ilişkisi, şekil-sayı bağlantısı ve verilen kurala göre çıkarım yapma becerilerini tekrar etmelisin."
"Bir şekil örüntüsünde her adımda kare sayısı 3 artıyor. İlk adımda 4 kare varsa 6. adımda kaç kare olur?","Sayısal Mantık","Sayısal mantıkta örüntü kurma, tablo ilişkisi, şekil-sayı bağlantısı ve verilen kurala göre çıkarım yapma becerilerini tekrar etmelisin."