soru,soru_temiz,konu,tavsiye
Ardışık iki tam sayının toplamı 41 ise büyük olan sayı kaçtır?,ardisik iki tam sayinin toplami 41 ise buyuk olan sayi kactir,Temel Kavramlar,"Temel kavramlarda sayı türleri, işlem önceliği, tek-çift sayı ve basit denklem kurma konularını tekrar etmelisin."
Bir sayının 5 fazlasının 3 katı 36 olduğuna göre bu sayı kaçtır?,bir sayinin 5 fazlasinin 3 kati 36 olduguna gore bu sayi kactir,Temel Kavramlar,"Temel kavramlarda sayı türleri, işlem önceliği, tek-çift sayı ve basit denklem kurma konularını tekrar etmelisin."
a ve b pozitif tam sayılardır. a+b=18 ve a-b=4 ise a kaçtır?,a ve b pozitif tam sayilardir carpi a arti b esittir 18 ve a eksi b esittir 4 ise a kactir,Temel Kavramlar,"Temel kavramlarda sayı türleri, işlem önceliği, tek-çift sayı ve basit denklem kurma konularını tekrar etmelisin."
Bir doğal sayının yarısı ile üçte birinin toplamı 25 ise bu sayı kaçtır?,bir dogal sayinin yarisi ile ucte birinin toplami 25 ise bu sayi kactir,Temel Kavramlar,"Temel kavramlarda sayı türleri, işlem önceliği, tek-çift sayı ve basit denklem kurma konularını tekrar etmelisin."
"x tek sayı, y çift sayı ise x+y ifadesi hangi tür sayıdır?",x tek sayi y cift sayi ise x arti y ifadesi hangi tur sayidir,Temel Kavramlar,"Temel kavramlarda sayı türleri, işlem önceliği, tek-çift sayı ve basit denklem kurma konularını tekrar etmelisin."
İki basamaklı en küçük doğal sayı ile en büyük rakamın toplamı kaçtır?,i ki basamakli en kucuk dogal sayi ile en buyuk rakamin toplami kactir,Temel Kavramlar,"Temel kavramlarda sayı türleri, işlem önceliği, tek-çift sayı ve basit denklem kurma konularını tekrar etmelisin."
Bir sayının 2 katının 7 eksiği 19 ise bu sayı kaçtır?,bir sayinin 2 katinin 7 eksigi 19 ise bu sayi kactir,Temel Kavramlar,"Temel kavramlarda sayı türleri, işlem önceliği, tek-çift sayı ve basit denklem kurma konularını tekrar etmelisin."
Negatif bir tam sayı ile pozitif bir tam sayının çarpımı için kesin olarak ne söylenebilir?,negatif bir tam sayi ile pozitif bir tam sayinin carpimi icin kesin olarak ne soylenebilir,Temel Kavramlar,"Temel kavramlarda sayı türleri, işlem önceliği, tek-çift sayı ve basit denklem kurma konularını tekrar etmelisin."
0 ile 50 arasındaki 5'in katı olan doğal sayıların sayısı kaçtır?,0 ile 50 arasindaki 5 in kati olan dogal sayilarin sayisi kactir,Temel Kavramlar,"Temel kavramlarda sayı türleri, işlem önceliği, tek-çift sayı ve basit denklem kurma konularını tekrar etmelisin."
Bir sayının mutlak değeri 8 ise bu sayıların toplamı kaçtır?,bir sayinin mutlak degeri 8 ise bu sayilarin toplami kactir,Temel Kavramlar,"Temel kavramlarda sayı türleri, işlem önceliği, tek-çift sayı ve basit denklem kurma konularını tekrar etmelisin."
Ardışık üç tek sayının toplamı 75 ise ortadaki sayı kaçtır?,ardisik uc tek sayinin toplami 75 ise ortadaki sayi kactir,Temel Kavramlar,"Temel kavramlarda sayı türleri, işlem önceliği, tek-çift sayı ve basit denklem kurma konularını tekrar etmelisin."
Bir çift sayı ile bir tek sayının çarpımı tek midir çift midir?,bir cift sayi ile bir tek sayinin carpimi tek midir cift midir,Temel Kavramlar,"Temel kavramlarda sayı türleri, işlem önceliği, tek-çift sayı ve basit denklem kurma konularını tekrar etmelisin."
En küçük pozitif tam sayı ile en büyük negatif tam sayının toplamı kaçtır?,en kucuk pozitif tam sayi ile en buyuk negatif tam sayinin toplami kactir,Temel Kavramlar,"Temel kavramlarda sayı türleri, işlem önceliği, tek-çift sayı ve basit denklem kurma konularını tekrar etmelisin."
Bir sayının 3 eksiğinin 4 katı 28 ise sayı kaçtır?,bir sayinin 3 eksiginin 4 kati 28 ise sayi kactir,Temel Kavramlar,"Temel kavramlarda sayı türleri, işlem önceliği, tek-çift sayı ve basit denklem kurma konularını tekrar etmelisin."
"x negatif, y pozitif ise x-y ifadesinin işareti hakkında ne söylenebilir?",x negatif y pozitif ise x eksi y ifadesinin isareti hakkinda ne soylenebilir,Temel Kavramlar,"Temel kavramlarda sayı türleri, işlem önceliği, tek-çift sayı ve basit denklem kurma konularını tekrar etmelisin."
"İki doğal sayının toplamı 35, farkı 9 ise büyük sayı kaçtır?",i ki dogal sayinin toplami 35 farki 9 ise buyuk sayi kactir,Temel Kavramlar,"Temel kavramlarda sayı türleri, işlem önceliği, tek-çift sayı ve basit denklem kurma konularını tekrar etmelisin."
Bir sayının 6 katı ile 4 katı arasındaki fark 18 ise sayı kaçtır?,bir sayinin 6 kati ile 4 kati arasindaki fark 18 ise sayi kactir,Temel Kavramlar,"Temel kavramlarda sayı türleri, işlem önceliği, tek-çift sayı ve basit denklem kurma konularını tekrar etmelisin."
Ardışık üç doğal sayının toplamı 60 ise en küçük sayı kaçtır?,ardisik uc dogal sayinin toplami 60 ise en kucuk sayi kactir,Temel Kavramlar,"Temel kavramlarda sayı türleri, işlem önceliği, tek-çift sayı ve basit denklem kurma konularını tekrar etmelisin."
Bir tam sayının karesi 49 ise bu tam sayılar nelerdir?,bir tam sayinin karesi 49 ise bu tam sayilar nelerdir,Temel Kavramlar,"Temel kavramlarda sayı türleri, işlem önceliği, tek-çift sayı ve basit denklem kurma konularını tekrar etmelisin."
Sıfırın pozitif bir sayıyla çarpımı kaçtır?,sifirin pozitif bir sayiyla carpimi kactir,Temel Kavramlar,"Temel kavramlarda sayı türleri, işlem önceliği, tek-çift sayı ve basit denklem kurma konularını tekrar etmelisin."
"Bir sayının 10 eksiği, aynı sayının yarısına eşitse sayı kaçtır?",bir sayinin 10 eksigi ayni sayinin yarisina esitse sayi kactir,Temel Kavramlar,"Temel kavramlarda sayı türleri, işlem önceliği, tek-çift sayı ve basit denklem kurma konularını tekrar etmelisin."
Tek sayıların toplamı her zaman tek midir çift midir?,tek sayilarin toplami her zaman tek midir cift midir,Temel Kavramlar,"Temel kavramlarda sayı türleri, işlem önceliği, tek-çift sayı ve basit denklem kurma konularını tekrar etmelisin."
İki basamaklı en büyük doğal sayı ile iki basamaklı en küçük doğal sayının farkı kaçtır?,i ki basamakli en buyuk dogal sayi ile iki basamakli en kucuk dogal sayinin farki kactir,Temel Kavramlar,"Temel kavramlarda sayı türleri, işlem önceliği, tek-çift sayı ve basit denklem kurma konularını tekrar etmelisin."
Bir sayı 4 artırılıp 2'ye bölündüğünde 13 oluyorsa sayı kaçtır?,bir sayi 4 artirilip 2 ye bolundugunde 13 oluyorsa sayi kactir,Temel Kavramlar,"Temel kavramlarda sayı türleri, işlem önceliği, tek-çift sayı ve basit denklem kurma konularını tekrar etmelisin."
Pozitif iki tam sayının toplamı 17 ve çarpımı 72 ise bu sayılar ne olabilir?,pozitif iki tam sayinin toplami 17 ve carpimi 72 ise bu sayilar ne olabilir,Temel Kavramlar,"Temel kavramlarda sayı türleri, işlem önceliği, tek-çift sayı ve basit denklem kurma konularını tekrar etmelisin."
Bir sayının 7 fazlası 21 ise bu sayı kaçtır?,bir sayinin 7 fazlasi 21 ise bu sayi kactir,Temel Kavramlar,"Temel kavramlarda sayı türleri, işlem önceliği, tek-çift sayı ve basit denklem kurma konularını tekrar etmelisin."
Bir sayının üçte biri 12 ise sayının kendisi kaçtır?,bir sayinin ucte biri 12 ise sayinin kendisi kactir,Temel Kavramlar,"Temel kavramlarda sayı türleri, işlem önceliği, tek-çift sayı ve basit denklem kurma konularını tekrar etmelisin."
Ardışık iki çift sayının toplamı 54 ise küçük sayı kaçtır?,ardisik iki cift sayinin toplami 54 ise kucuk sayi kactir,Temel Kavramlar,"Temel kavramlarda sayı türleri, işlem önceliği, tek-çift sayı ve basit denklem kurma konularını tekrar etmelisin."
Bir tam sayının kendisi ile ters işaretlisinin toplamı kaçtır?,bir tam sayinin kendisi ile ters isaretlisinin toplami kactir,Temel Kavramlar,"Temel kavramlarda sayı türleri, işlem önceliği, tek-çift sayı ve basit denklem kurma konularını tekrar etmelisin."
1'den 20'ye kadar olan doğal sayıların kaç tanesi çifttir?,1 den 20 ye kadar olan dogal sayilarin kac tanesi cifttir,Temel Kavramlar,"Temel kavramlarda sayı türleri, işlem önceliği, tek-çift sayı ve basit denklem kurma konularını tekrar etmelisin."
AB iki basamaklı sayısında A=3 ve B=7 ise bu sayı kaçtır?,ab iki basamakli sayisinda a esittir 3 ve b esittir 7 ise bu sayi kactir,Sayı Basamakları,"Sayı basamaklarında basamak değeri, rakamlar toplamı, sayı çözümleme ve rakamların yer değiştirmesi konularını tekrar etmelisin."
Rakamları toplamı 12 olan iki basamaklı en büyük sayı kaçtır?,rakamlari toplami 12 olan iki basamakli en buyuk sayi kactir,Sayı Basamakları,"Sayı basamaklarında basamak değeri, rakamlar toplamı, sayı çözümleme ve rakamların yer değiştirmesi konularını tekrar etmelisin."
"Birler basamağı 4, onlar basamağı 6 olan sayı kaçtır?",birler basamagi 4 onlar basamagi 6 olan sayi kactir,Sayı Basamakları,"Sayı basamaklarında basamak değeri, rakamlar toplamı, sayı çözümleme ve rakamların yer değiştirmesi konularını tekrar etmelisin."
"ABC üç basamaklı sayısında A=2, B=5, C=9 ise sayı kaçtır?",abc uc basamakli sayisinda a esittir 2 b esittir 5 c esittir 9 ise sayi kactir,Sayı Basamakları,"Sayı basamaklarında basamak değeri, rakamlar toplamı, sayı çözümleme ve rakamların yer değiştirmesi konularını tekrar etmelisin."
İki basamaklı bir sayının onlar basamağı birler basamağının 2 katıdır. Birler basamağı 3 ise sayı kaçtır?,i ki basamakli bir sayinin onlar basamagi birler basamaginin 2 katidir carpi birler basamagi 3 ise sayi kactir,Sayı Basamakları,"Sayı basamaklarında basamak değeri, rakamlar toplamı, sayı çözümleme ve rakamların yer değiştirmesi konularını tekrar etmelisin."
Rakamları farklı en küçük üç basamaklı sayı kaçtır?,rakamlari farkli en kucuk uc basamakli sayi kactir,Sayı Basamakları,"Sayı basamaklarında basamak değeri, rakamlar toplamı, sayı çözümleme ve rakamların yer değiştirmesi konularını tekrar etmelisin."
"Bir sayının onlar basamağı 8, birler basamağı 1 artırılırsa sayı kaç artar?",bir sayinin onlar basamagi 8 birler basamagi 1 artirilirsa sayi kac artar,Sayı Basamakları,"Sayı basamaklarında basamak değeri, rakamlar toplamı, sayı çözümleme ve rakamların yer değiştirmesi konularını tekrar etmelisin."
345 sayısının yüzler basamağındaki rakamın basamak değeri kaçtır?,345 sayisinin yuzler basamagindaki rakamin basamak degeri kactir,Sayı Basamakları,"Sayı basamaklarında basamak değeri, rakamlar toplamı, sayı çözümleme ve rakamların yer değiştirmesi konularını tekrar etmelisin."
Rakamları toplamı 9 olan iki basamaklı en küçük sayı kaçtır?,rakamlari toplami 9 olan iki basamakli en kucuk sayi kactir,Sayı Basamakları,"Sayı basamaklarında basamak değeri, rakamlar toplamı, sayı çözümleme ve rakamların yer değiştirmesi konularını tekrar etmelisin."
AB sayısı BA sayısından 27 fazladır. A-B farkı kaçtır?,ab sayisi ba sayisindan 27 fazladir carpi a eksi b farki kactir,Sayı Basamakları,"Sayı basamaklarında basamak değeri, rakamlar toplamı, sayı çözümleme ve rakamların yer değiştirmesi konularını tekrar etmelisin."
Üç basamaklı 4a7 sayısının rakamları toplamı 18 ise a kaçtır?,uc basamakli 4a7 sayisinin rakamlari toplami 18 ise a kactir,Sayı Basamakları,"Sayı basamaklarında basamak değeri, rakamlar toplamı, sayı çözümleme ve rakamların yer değiştirmesi konularını tekrar etmelisin."
Rakamları toplamı 15 olan en küçük üç basamaklı sayı kaçtır?,rakamlari toplami 15 olan en kucuk uc basamakli sayi kactir,Sayı Basamakları,"Sayı basamaklarında basamak değeri, rakamlar toplamı, sayı çözümleme ve rakamların yer değiştirmesi konularını tekrar etmelisin."
Bir sayının yüzler basamağı 5 artırılırsa sayı kaç artar?,bir sayinin yuzler basamagi 5 artirilirsa sayi kac artar,Sayı Basamakları,"Sayı basamaklarında basamak değeri, rakamlar toplamı, sayı çözümleme ve rakamların yer değiştirmesi konularını tekrar etmelisin."
AB iki basamaklı sayısında A+B=10 ve A-B=4 ise sayı kaçtır?,ab iki basamakli sayisinda a arti b esittir 10 ve a eksi b esittir 4 ise sayi kactir,Sayı Basamakları,"Sayı basamaklarında basamak değeri, rakamlar toplamı, sayı çözümleme ve rakamların yer değiştirmesi konularını tekrar etmelisin."
Bir sayının rakamları yer değiştirince sayı 18 artıyorsa onlar ve birler basamağı farkı kaçtır?,bir sayinin rakamlari yer degistirince sayi 18 artiyorsa onlar ve birler basamagi farki kactir,Sayı Basamakları,"Sayı basamaklarında basamak değeri, rakamlar toplamı, sayı çözümleme ve rakamların yer değiştirmesi konularını tekrar etmelisin."
507 sayısında onlar basamağındaki rakamın basamak değeri kaçtır?,507 sayisinda onlar basamagindaki rakamin basamak degeri kactir,Sayı Basamakları,"Sayı basamaklarında basamak değeri, rakamlar toplamı, sayı çözümleme ve rakamların yer değiştirmesi konularını tekrar etmelisin."
Rakamları farklı iki basamaklı en büyük çift sayı kaçtır?,rakamlari farkli iki basamakli en buyuk cift sayi kactir,Sayı Basamakları,"Sayı basamaklarında basamak değeri, rakamlar toplamı, sayı çözümleme ve rakamların yer değiştirmesi konularını tekrar etmelisin."
"ABC sayısında A=1, B=0, C=8 ise sayı kaçtır?",abc sayisinda a esittir 1 b esittir 0 c esittir 8 ise sayi kactir,Sayı Basamakları,"Sayı basamaklarında basamak değeri, rakamlar toplamı, sayı çözümleme ve rakamların yer değiştirmesi konularını tekrar etmelisin."
Bir sayının onlar basamağı 3 azaltılırsa sayı kaç azalır?,bir sayinin onlar basamagi 3 azaltilirsa sayi kac azalir,Sayı Basamakları,"Sayı basamaklarında basamak değeri, rakamlar toplamı, sayı çözümleme ve rakamların yer değiştirmesi konularını tekrar etmelisin."
Rakamları toplamı 6 olan üç basamaklı en küçük sayı kaçtır?,rakamlari toplami 6 olan uc basamakli en kucuk sayi kactir,Sayı Basamakları,"Sayı basamaklarında basamak değeri, rakamlar toplamı, sayı çözümleme ve rakamların yer değiştirmesi konularını tekrar etmelisin."
AB iki basamaklı sayısı 10A+B şeklinde yazılır. A=6 ve B=2 ise sayı kaçtır?,ab iki basamakli sayisi 10a arti b seklinde yazilir carpi a esittir 6 ve b esittir 2 ise sayi kactir,Sayı Basamakları,"Sayı basamaklarında basamak değeri, rakamlar toplamı, sayı çözümleme ve rakamların yer değiştirmesi konularını tekrar etmelisin."
Birler basamağı 9 olan iki basamaklı en küçük sayı kaçtır?,birler basamagi 9 olan iki basamakli en kucuk sayi kactir,Sayı Basamakları,"Sayı basamaklarında basamak değeri, rakamlar toplamı, sayı çözümleme ve rakamların yer değiştirmesi konularını tekrar etmelisin."
"Üç basamaklı bir sayıda yüzler basamağı 4, onlar basamağı 2, birler basamağı 8 ise sayı kaçtır?",uc basamakli bir sayida yuzler basamagi 4 onlar basamagi 2 birler basamagi 8 ise sayi kactir,Sayı Basamakları,"Sayı basamaklarında basamak değeri, rakamlar toplamı, sayı çözümleme ve rakamların yer değiştirmesi konularını tekrar etmelisin."
"Rakamları 2, 5 ve 7 olan en büyük üç basamaklı sayı kaçtır?",rakamlari 2 5 ve 7 olan en buyuk uc basamakli sayi kactir,Sayı Basamakları,"Sayı basamaklarında basamak değeri, rakamlar toplamı, sayı çözümleme ve rakamların yer değiştirmesi konularını tekrar etmelisin."
"Rakamları 1, 3 ve 9 olan en küçük üç basamaklı sayı kaçtır?",rakamlari 1 3 ve 9 olan en kucuk uc basamakli sayi kactir,Sayı Basamakları,"Sayı basamaklarında basamak değeri, rakamlar toplamı, sayı çözümleme ve rakamların yer değiştirmesi konularını tekrar etmelisin."
Bir sayının rakamları toplamı 11 ve onlar basamağı 8 ise birler basamağı kaçtır?,bir sayinin rakamlari toplami 11 ve onlar basamagi 8 ise birler basamagi kactir,Sayı Basamakları,"Sayı basamaklarında basamak değeri, rakamlar toplamı, sayı çözümleme ve rakamların yer değiştirmesi konularını tekrar etmelisin."
AB sayısı BA sayısından 45 fazlaysa A-B kaçtır?,ab sayisi ba sayisindan 45 fazlaysa a eksi b kactir,Sayı Basamakları,"Sayı basamaklarında basamak değeri, rakamlar toplamı, sayı çözümleme ve rakamların yer değiştirmesi konularını tekrar etmelisin."
Bir sayının birler basamağı 6'dır. Bu sayı 10 ile bölündüğünde kalan kaçtır?,bir sayinin birler basamagi 6 dir carpi bu sayi 10 ile bolundugunde kalan kactir,Sayı Basamakları,"Sayı basamaklarında basamak değeri, rakamlar toplamı, sayı çözümleme ve rakamların yer değiştirmesi konularını tekrar etmelisin."
2408 sayısında binler basamağındaki rakamın basamak değeri kaçtır?,2408 sayisinda binler basamagindaki rakamin basamak degeri kactir,Sayı Basamakları,"Sayı basamaklarında basamak değeri, rakamlar toplamı, sayı çözümleme ve rakamların yer değiştirmesi konularını tekrar etmelisin."
İki basamaklı bir sayının rakamları toplamı 13 ve birler basamağı 5 ise sayı kaçtır?,i ki basamakli bir sayinin rakamlari toplami 13 ve birler basamagi 5 ise sayi kactir,Sayı Basamakları,"Sayı basamaklarında basamak değeri, rakamlar toplamı, sayı çözümleme ve rakamların yer değiştirmesi konularını tekrar etmelisin."
72 sayısı 6 ile bölündüğünde bölüm kaç olur?,72 sayisi 6 ile bolundugunde bolum kac olur,Bölme ve Bölünebilme,"Bölünebilme kurallarını, kalan bulmayı, ortak bölenleri ve kat ilişkilerini tekrar etmelisin."
Bir sayı 3 ve 5 ile tam bölünüyorsa en küçük pozitif değeri kaç olabilir?,bir sayi 3 ve 5 ile tam bolunuyorsa en kucuk pozitif degeri kac olabilir,Bölme ve Bölünebilme,"Bölünebilme kurallarını, kalan bulmayı, ortak bölenleri ve kat ilişkilerini tekrar etmelisin."
84 sayısının 7 ile bölümünden kalan kaçtır?,84 sayisinin 7 ile bolumunden kalan kactir,Bölme ve Bölünebilme,"Bölünebilme kurallarını, kalan bulmayı, ortak bölenleri ve kat ilişkilerini tekrar etmelisin."
123 sayısının 3 ile bölünüp bölünmediğini rakamlar toplamıyla belirleyiniz.,123 sayisinin 3 ile bolunup bolunmedigini rakamlar toplamiyla belirleyiniz carpi,Bölme ve Bölünebilme,"Bölünebilme kurallarını, kalan bulmayı, ortak bölenleri ve kat ilişkilerini tekrar etmelisin."
Bir sayının 4 ile tam bölünebilmesi için son iki basamağı hangi koşulu sağlamalıdır?,bir sayinin 4 ile tam bolunebilmesi icin son iki basamagi hangi kosulu saglamalidir,Bölme ve Bölünebilme,"Bölünebilme kurallarını, kalan bulmayı, ortak bölenleri ve kat ilişkilerini tekrar etmelisin."
96 sayısı 8'e tam bölünür mü?,96 sayisi 8 e tam bolunur mu,Bölme ve Bölünebilme,"Bölünebilme kurallarını, kalan bulmayı, ortak bölenleri ve kat ilişkilerini tekrar etmelisin."
Bir doğal sayı 9 ile tam bölünüyorsa rakamları toplamı için ne söylenebilir?,bir dogal sayi 9 ile tam bolunuyorsa rakamlari toplami icin ne soylenebilir,Bölme ve Bölünebilme,"Bölünebilme kurallarını, kalan bulmayı, ortak bölenleri ve kat ilişkilerini tekrar etmelisin."
45 ile 60 sayılarını bölen en büyük ortak bölen kaçtır?,45 ile 60 sayilarini bolen en buyuk ortak bolen kactir,Bölme ve Bölünebilme,"Bölünebilme kurallarını, kalan bulmayı, ortak bölenleri ve kat ilişkilerini tekrar etmelisin."
18'in katı olan iki basamaklı en küçük sayı kaçtır?,18 in kati olan iki basamakli en kucuk sayi kactir,Bölme ve Bölünebilme,"Bölünebilme kurallarını, kalan bulmayı, ortak bölenleri ve kat ilişkilerini tekrar etmelisin."
Bir sayının 2 ile bölümünden kalan 1 ise bu sayı tek midir çift midir?,bir sayinin 2 ile bolumunden kalan 1 ise bu sayi tek midir cift midir,Bölme ve Bölünebilme,"Bölünebilme kurallarını, kalan bulmayı, ortak bölenleri ve kat ilişkilerini tekrar etmelisin."
245 sayısının 5 ile bölümünden kalan kaçtır?,245 sayisinin 5 ile bolumunden kalan kactir,Bölme ve Bölünebilme,"Bölünebilme kurallarını, kalan bulmayı, ortak bölenleri ve kat ilişkilerini tekrar etmelisin."
Bir sayı 6 ile tam bölünüyorsa hangi iki sayıya da tam bölünmelidir?,bir sayi 6 ile tam bolunuyorsa hangi iki sayiya da tam bolunmelidir,Bölme ve Bölünebilme,"Bölünebilme kurallarını, kalan bulmayı, ortak bölenleri ve kat ilişkilerini tekrar etmelisin."
348 sayısı 3 ile tam bölünür mü?,348 sayisi 3 ile tam bolunur mu,Bölme ve Bölünebilme,"Bölünebilme kurallarını, kalan bulmayı, ortak bölenleri ve kat ilişkilerini tekrar etmelisin."
100 ile 150 arasındaki 12'nin katı olan en küçük sayı kaçtır?,100 ile 150 arasindaki 12 nin kati olan en kucuk sayi kactir,Bölme ve Bölünebilme,"Bölünebilme kurallarını, kalan bulmayı, ortak bölenleri ve kat ilişkilerini tekrar etmelisin."
Bir sayının 10 ile bölümünden kalan neye eşittir?,bir sayinin 10 ile bolumunden kalan neye esittir,Bölme ve Bölünebilme,"Bölünebilme kurallarını, kalan bulmayı, ortak bölenleri ve kat ilişkilerini tekrar etmelisin."
512 sayısı 8 ile tam bölünür mü?,512 sayisi 8 ile tam bolunur mu,Bölme ve Bölünebilme,"Bölünebilme kurallarını, kalan bulmayı, ortak bölenleri ve kat ilişkilerini tekrar etmelisin."
Bir sayı 2 ve 3 ile bölünüyorsa 6 ile kesin bölünür mü?,bir sayi 2 ve 3 ile bolunuyorsa 6 ile kesin bolunur mu,Bölme ve Bölünebilme,"Bölünebilme kurallarını, kalan bulmayı, ortak bölenleri ve kat ilişkilerini tekrar etmelisin."
90 sayısının pozitif bölenlerinden 9'a bölünebilenler hangileridir?,90 sayisinin pozitif bolenlerinden 9 a bolunebilenler hangileridir,Bölme ve Bölünebilme,"Bölünebilme kurallarını, kalan bulmayı, ortak bölenleri ve kat ilişkilerini tekrar etmelisin."
Bir sayının 11 ile bölünebilme kuralında hangi basamaklar karşılaştırılır?,bir sayinin 11 ile bolunebilme kuralinda hangi basamaklar karsilastirilir,Bölme ve Bölünebilme,"Bölünebilme kurallarını, kalan bulmayı, ortak bölenleri ve kat ilişkilerini tekrar etmelisin."
75 sayısının 4 ile bölümünden kalan kaçtır?,75 sayisinin 4 ile bolumunden kalan kactir,Bölme ve Bölünebilme,"Bölünebilme kurallarını, kalan bulmayı, ortak bölenleri ve kat ilişkilerini tekrar etmelisin."
Bir doğal sayı 5 ile bölündüğünde kalan 2 ise birler basamağı ne olabilir?,bir dogal sayi 5 ile bolundugunde kalan 2 ise birler basamagi ne olabilir,Bölme ve Bölünebilme,"Bölünebilme kurallarını, kalan bulmayı, ortak bölenleri ve kat ilişkilerini tekrar etmelisin."
36 ve 48'in ortak bölenlerinden en büyüğü kaçtır?,36 ve 48 in ortak bolenlerinden en buyugu kactir,Bölme ve Bölünebilme,"Bölünebilme kurallarını, kalan bulmayı, ortak bölenleri ve kat ilişkilerini tekrar etmelisin."
Bir sayı hem 4 hem 9 ile bölünüyorsa 36 ile bölünebilir mi?,bir sayi hem 4 hem 9 ile bolunuyorsa 36 ile bolunebilir mi,Bölme ve Bölünebilme,"Bölünebilme kurallarını, kalan bulmayı, ortak bölenleri ve kat ilişkilerini tekrar etmelisin."
234 sayısının 9 ile bölümünden kalan kaçtır?,234 sayisinin 9 ile bolumunden kalan kactir,Bölme ve Bölünebilme,"Bölünebilme kurallarını, kalan bulmayı, ortak bölenleri ve kat ilişkilerini tekrar etmelisin."
Bir sayının 15 ile tam bölünmesi için hangi şartlar sağlanmalıdır?,bir sayinin 15 ile tam bolunmesi icin hangi sartlar saglanmalidir,Bölme ve Bölünebilme,"Bölünebilme kurallarını, kalan bulmayı, ortak bölenleri ve kat ilişkilerini tekrar etmelisin."
126 sayısı 7 ile bölündüğünde bölüm kaçtır?,126 sayisi 7 ile bolundugunde bolum kactir,Bölme ve Bölünebilme,"Bölünebilme kurallarını, kalan bulmayı, ortak bölenleri ve kat ilişkilerini tekrar etmelisin."
2 ile bölünebilen sayılara ne ad verilir?,2 ile bolunebilen sayilara ne ad verilir,Bölme ve Bölünebilme,"Bölünebilme kurallarını, kalan bulmayı, ortak bölenleri ve kat ilişkilerini tekrar etmelisin."
Bir sayı 100 ile bölündüğünde kalan hangi basamaklardan anlaşılır?,bir sayi 100 ile bolundugunde kalan hangi basamaklardan anlasilir,Bölme ve Bölünebilme,"Bölünebilme kurallarını, kalan bulmayı, ortak bölenleri ve kat ilişkilerini tekrar etmelisin."
64 sayısı 16 ile tam bölünür mü?,64 sayisi 16 ile tam bolunur mu,Bölme ve Bölünebilme,"Bölünebilme kurallarını, kalan bulmayı, ortak bölenleri ve kat ilişkilerini tekrar etmelisin."
Rakamları toplamı 27 olan bir sayı 9 ile tam bölünür mü?,rakamlari toplami 27 olan bir sayi 9 ile tam bolunur mu,Bölme ve Bölünebilme,"Bölünebilme kurallarını, kalan bulmayı, ortak bölenleri ve kat ilişkilerini tekrar etmelisin."
"2, 3, 4, 5 sayılarından hangileri asaldır?",2 3 4 5 sayilarindan hangileri asaldir,Asal Sayılar,"Asal sayı tanımı, asal çarpanlara ayırma, bölen sayısı ve aralarında asal olma konularını tekrar etmelisin."
20'den küçük asal sayıların toplamı kaçtır?,20 den kucuk asal sayilarin toplami kactir,Asal Sayılar,"Asal sayı tanımı, asal çarpanlara ayırma, bölen sayısı ve aralarında asal olma konularını tekrar etmelisin."
Bir asal sayının pozitif bölen sayısı kaçtır?,bir asal sayinin pozitif bolen sayisi kactir,Asal Sayılar,"Asal sayı tanımı, asal çarpanlara ayırma, bölen sayısı ve aralarında asal olma konularını tekrar etmelisin."
En küçük asal sayı kaçtır?,en kucuk asal sayi kactir,Asal Sayılar,"Asal sayı tanımı, asal çarpanlara ayırma, bölen sayısı ve aralarında asal olma konularını tekrar etmelisin."
15 ile 25 arasındaki asal sayılar hangileridir?,15 ile 25 arasindaki asal sayilar hangileridir,Asal Sayılar,"Asal sayı tanımı, asal çarpanlara ayırma, bölen sayısı ve aralarında asal olma konularını tekrar etmelisin."
91 sayısı asal mıdır? Gerekçesini düşününüz.,91 sayisi asal midir gerekcesini dusununuz carpi,Asal Sayılar,"Asal sayı tanımı, asal çarpanlara ayırma, bölen sayısı ve aralarında asal olma konularını tekrar etmelisin."
İki basamaklı en küçük asal sayı kaçtır?,i ki basamakli en kucuk asal sayi kactir,Asal Sayılar,"Asal sayı tanımı, asal çarpanlara ayırma, bölen sayısı ve aralarında asal olma konularını tekrar etmelisin."
Bir asal sayı ile 1'in çarpımı neye eşittir?,bir asal sayi ile 1 in carpimi neye esittir,Asal Sayılar,"Asal sayı tanımı, asal çarpanlara ayırma, bölen sayısı ve aralarında asal olma konularını tekrar etmelisin."
30 sayısının asal çarpanları nelerdir?,30 sayisinin asal carpanlari nelerdir,Asal Sayılar,"Asal sayı tanımı, asal çarpanlara ayırma, bölen sayısı ve aralarında asal olma konularını tekrar etmelisin."
Asal olmayan 1'den büyük doğal sayılara ne ad verilir?,asal olmayan 1 den buyuk dogal sayilara ne ad verilir,Asal Sayılar,"Asal sayı tanımı, asal çarpanlara ayırma, bölen sayısı ve aralarında asal olma konularını tekrar etmelisin."
1 asal sayı mıdır?,1 asal sayi midir,Asal Sayılar,"Asal sayı tanımı, asal çarpanlara ayırma, bölen sayısı ve aralarında asal olma konularını tekrar etmelisin."
49 sayısı asal mıdır?,49 sayisi asal midir,Asal Sayılar,"Asal sayı tanımı, asal çarpanlara ayırma, bölen sayısı ve aralarında asal olma konularını tekrar etmelisin."
36 sayısının asal çarpanlarına ayrılmış biçimi nedir?,36 sayisinin asal carpanlarina ayrilmis bicimi nedir,Asal Sayılar,"Asal sayı tanımı, asal çarpanlara ayırma, bölen sayısı ve aralarında asal olma konularını tekrar etmelisin."
11 ile 17 sayıları aralarında asal mıdır?,11 ile 17 sayilari aralarinda asal midir,Asal Sayılar,"Asal sayı tanımı, asal çarpanlara ayırma, bölen sayısı ve aralarında asal olma konularını tekrar etmelisin."
En küçük iki asal sayının toplamı kaçtır?,en kucuk iki asal sayinin toplami kactir,Asal Sayılar,"Asal sayı tanımı, asal çarpanlara ayırma, bölen sayısı ve aralarında asal olma konularını tekrar etmelisin."
Bir çift asal sayı kaçtır?,bir cift asal sayi kactir,Asal Sayılar,"Asal sayı tanımı, asal çarpanlara ayırma, bölen sayısı ve aralarında asal olma konularını tekrar etmelisin."
77 sayısının asal çarpanları nelerdir?,77 sayisinin asal carpanlari nelerdir,Asal Sayılar,"Asal sayı tanımı, asal çarpanlara ayırma, bölen sayısı ve aralarında asal olma konularını tekrar etmelisin."
29 sayısı neden asal sayıdır?,29 sayisi neden asal sayidir,Asal Sayılar,"Asal sayı tanımı, asal çarpanlara ayırma, bölen sayısı ve aralarında asal olma konularını tekrar etmelisin."
Asal sayıların 1 ve kendisi dışında pozitif böleni var mıdır?,asal sayilarin 1 ve kendisi disinda pozitif boleni var midir,Asal Sayılar,"Asal sayı tanımı, asal çarpanlara ayırma, bölen sayısı ve aralarında asal olma konularını tekrar etmelisin."
45 sayısının asal çarpanları hangileridir?,45 sayisinin asal carpanlari hangileridir,Asal Sayılar,"Asal sayı tanımı, asal çarpanlara ayırma, bölen sayısı ve aralarında asal olma konularını tekrar etmelisin."
İki farklı asal sayının çarpımı 35 ise bu sayılar nelerdir?,i ki farkli asal sayinin carpimi 35 ise bu sayilar nelerdir,Asal Sayılar,"Asal sayı tanımı, asal çarpanlara ayırma, bölen sayısı ve aralarında asal olma konularını tekrar etmelisin."
2 basamaklı en büyük asal sayı kaçtır?,2 basamakli en buyuk asal sayi kactir,Asal Sayılar,"Asal sayı tanımı, asal çarpanlara ayırma, bölen sayısı ve aralarında asal olma konularını tekrar etmelisin."
13 sayısının pozitif bölenleri nelerdir?,13 sayisinin pozitif bolenleri nelerdir,Asal Sayılar,"Asal sayı tanımı, asal çarpanlara ayırma, bölen sayısı ve aralarında asal olma konularını tekrar etmelisin."
60 sayısı asal çarpanlarına ayrılırsa hangi asal sayılar kullanılır?,60 sayisi asal carpanlarina ayrilirsa hangi asal sayilar kullanilir,Asal Sayılar,"Asal sayı tanımı, asal çarpanlara ayırma, bölen sayısı ve aralarında asal olma konularını tekrar etmelisin."
Aralarında asal iki sayının ortak böleni kaçtır?,aralarinda asal iki sayinin ortak boleni kactir,Asal Sayılar,"Asal sayı tanımı, asal çarpanlara ayırma, bölen sayısı ve aralarında asal olma konularını tekrar etmelisin."
23 asal sayı mıdır?,23 asal sayi midir,Asal Sayılar,"Asal sayı tanımı, asal çarpanlara ayırma, bölen sayısı ve aralarında asal olma konularını tekrar etmelisin."
51 sayısı asal mıdır?,51 sayisi asal midir,Asal Sayılar,"Asal sayı tanımı, asal çarpanlara ayırma, bölen sayısı ve aralarında asal olma konularını tekrar etmelisin."
Bir asal sayının karesi kaç farklı asal çarpan içerir?,bir asal sayinin karesi kac farkli asal carpan icerir,Asal Sayılar,"Asal sayı tanımı, asal çarpanlara ayırma, bölen sayısı ve aralarında asal olma konularını tekrar etmelisin."
"2, 5 ve 10 sayılarından hangileri asaldır?",2 5 ve 10 sayilarindan hangileri asaldir,Asal Sayılar,"Asal sayı tanımı, asal çarpanlara ayırma, bölen sayısı ve aralarında asal olma konularını tekrar etmelisin."
En küçük üç asal sayının çarpımı kaçtır?,en kucuk uc asal sayinin carpimi kactir,Asal Sayılar,"Asal sayı tanımı, asal çarpanlara ayırma, bölen sayısı ve aralarında asal olma konularını tekrar etmelisin."
1/2 ile 1/3 toplamı kaçtır?,1 bolu 2 ile 1 bolu 3 toplami kactir,Rasyonel Sayılar,"Rasyonel sayılarda dört işlem, sadeleştirme, kesir-ondalık dönüşümü ve karşılaştırma konularını tekrar etmelisin."
3/4 sayısının ondalık gösterimi nedir?,3 bolu 4 sayisinin ondalik gosterimi nedir,Rasyonel Sayılar,"Rasyonel sayılarda dört işlem, sadeleştirme, kesir-ondalık dönüşümü ve karşılaştırma konularını tekrar etmelisin."
2/5 ile 1/5 farkı kaçtır?,2 bolu 5 ile 1 bolu 5 farki kactir,Rasyonel Sayılar,"Rasyonel sayılarda dört işlem, sadeleştirme, kesir-ondalık dönüşümü ve karşılaştırma konularını tekrar etmelisin."
"Bir kesrin payı 6, paydası 8 ise sadeleştirilmiş hali nedir?",bir kesrin payi 6 paydasi 8 ise sadelestirilmis hali nedir,Rasyonel Sayılar,"Rasyonel sayılarda dört işlem, sadeleştirme, kesir-ondalık dönüşümü ve karşılaştırma konularını tekrar etmelisin."
5/6 sayısı 1'den büyük müdür küçük müdür?,5 bolu 6 sayisi 1 den buyuk mudur kucuk mudur,Rasyonel Sayılar,"Rasyonel sayılarda dört işlem, sadeleştirme, kesir-ondalık dönüşümü ve karşılaştırma konularını tekrar etmelisin."
1/4 sayısının 3 katı kaçtır?,1 bolu 4 sayisinin 3 kati kactir,Rasyonel Sayılar,"Rasyonel sayılarda dört işlem, sadeleştirme, kesir-ondalık dönüşümü ve karşılaştırma konularını tekrar etmelisin."
2/3 sayısının yarısı kaçtır?,2 bolu 3 sayisinin yarisi kactir,Rasyonel Sayılar,"Rasyonel sayılarda dört işlem, sadeleştirme, kesir-ondalık dönüşümü ve karşılaştırma konularını tekrar etmelisin."
"0,75 sayısının kesir gösterimi nedir?",0 75 sayisinin kesir gosterimi nedir,Rasyonel Sayılar,"Rasyonel sayılarda dört işlem, sadeleştirme, kesir-ondalık dönüşümü ve karşılaştırma konularını tekrar etmelisin."
7/10 ile 2/10 toplamı kaçtır?,7 bolu 10 ile 2 bolu 10 toplami kactir,Rasyonel Sayılar,"Rasyonel sayılarda dört işlem, sadeleştirme, kesir-ondalık dönüşümü ve karşılaştırma konularını tekrar etmelisin."
Bir pastanın 3/8'i yenirse geriye kaçta kaçı kalır?,bir pastanin 3 bolu 8 i yenirse geriye kacta kaci kalir,Rasyonel Sayılar,"Rasyonel sayılarda dört işlem, sadeleştirme, kesir-ondalık dönüşümü ve karşılaştırma konularını tekrar etmelisin."
4/9 ile 2/9 toplamı kaçtır?,4 bolu 9 ile 2 bolu 9 toplami kactir,Rasyonel Sayılar,"Rasyonel sayılarda dört işlem, sadeleştirme, kesir-ondalık dönüşümü ve karşılaştırma konularını tekrar etmelisin."
5/12 kesrinin 2 katı kaçtır?,5 bolu 12 kesrinin 2 kati kactir,Rasyonel Sayılar,"Rasyonel sayılarda dört işlem, sadeleştirme, kesir-ondalık dönüşümü ve karşılaştırma konularını tekrar etmelisin."
1 tam 1/2 sayısı bileşik kesir olarak nasıl yazılır?,1 tam 1 bolu 2 sayisi bilesik kesir olarak nasil yazilir,Rasyonel Sayılar,"Rasyonel sayılarda dört işlem, sadeleştirme, kesir-ondalık dönüşümü ve karşılaştırma konularını tekrar etmelisin."
3/5 ile 4/5 karşılaştırıldığında hangisi büyüktür?,3 bolu 5 ile 4 bolu 5 karsilastirildiginda hangisi buyuktur,Rasyonel Sayılar,"Rasyonel sayılarda dört işlem, sadeleştirme, kesir-ondalık dönüşümü ve karşılaştırma konularını tekrar etmelisin."
2/7 kesrinin payı 4 artırılırsa yeni kesir nedir?,2 bolu 7 kesrinin payi 4 artirilirsa yeni kesir nedir,Rasyonel Sayılar,"Rasyonel sayılarda dört işlem, sadeleştirme, kesir-ondalık dönüşümü ve karşılaştırma konularını tekrar etmelisin."
8/10 kesri sadeleşirse ne olur?,8 bolu 10 kesri sadelesirse ne olur,Rasyonel Sayılar,"Rasyonel sayılarda dört işlem, sadeleştirme, kesir-ondalık dönüşümü ve karşılaştırma konularını tekrar etmelisin."
"0,2 sayısının kesir karşılığı nedir?",0 2 sayisinin kesir karsiligi nedir,Rasyonel Sayılar,"Rasyonel sayılarda dört işlem, sadeleştirme, kesir-ondalık dönüşümü ve karşılaştırma konularını tekrar etmelisin."
1/6 ile 1/2 toplamı kaçtır?,1 bolu 6 ile 1 bolu 2 toplami kactir,Rasyonel Sayılar,"Rasyonel sayılarda dört işlem, sadeleştirme, kesir-ondalık dönüşümü ve karşılaştırma konularını tekrar etmelisin."
9/4 kesri tam sayılı kesre nasıl çevrilir?,9 bolu 4 kesri tam sayili kesre nasil cevrilir,Rasyonel Sayılar,"Rasyonel sayılarda dört işlem, sadeleştirme, kesir-ondalık dönüşümü ve karşılaştırma konularını tekrar etmelisin."
Bir kesrin değeri 1 ise pay ve payda hakkında ne söylenebilir?,bir kesrin degeri 1 ise pay ve payda hakkinda ne soylenebilir,Rasyonel Sayılar,"Rasyonel sayılarda dört işlem, sadeleştirme, kesir-ondalık dönüşümü ve karşılaştırma konularını tekrar etmelisin."
3/8 sayısının ondalık gösterimi kaçtır?,3 bolu 8 sayisinin ondalik gosterimi kactir,Rasyonel Sayılar,"Rasyonel sayılarda dört işlem, sadeleştirme, kesir-ondalık dönüşümü ve karşılaştırma konularını tekrar etmelisin."
2/3 ile 3/4 kesirlerinden hangisi büyüktür?,2 bolu 3 ile 3 bolu 4 kesirlerinden hangisi buyuktur,Rasyonel Sayılar,"Rasyonel sayılarda dört işlem, sadeleştirme, kesir-ondalık dönüşümü ve karşılaştırma konularını tekrar etmelisin."
5/6 eksi 1/3 işleminin sonucu kaçtır?,5 bolu 6 eksi 1 bolu 3 isleminin sonucu kactir,Rasyonel Sayılar,"Rasyonel sayılarda dört işlem, sadeleştirme, kesir-ondalık dönüşümü ve karşılaştırma konularını tekrar etmelisin."
Bir sayının 2/5'i 20 ise sayı kaçtır?,bir sayinin 2 bolu 5 i 20 ise sayi kactir,Rasyonel Sayılar,"Rasyonel sayılarda dört işlem, sadeleştirme, kesir-ondalık dönüşümü ve karşılaştırma konularını tekrar etmelisin."
1/5 kesri yüzde kaçtır?,1 bolu 5 kesri yuzde kactir,Rasyonel Sayılar,"Rasyonel sayılarda dört işlem, sadeleştirme, kesir-ondalık dönüşümü ve karşılaştırma konularını tekrar etmelisin."
"0,125 sayısı kesir olarak nasıl yazılır?",0 125 sayisi kesir olarak nasil yazilir,Rasyonel Sayılar,"Rasyonel sayılarda dört işlem, sadeleştirme, kesir-ondalık dönüşümü ve karşılaştırma konularını tekrar etmelisin."
6/15 kesri sadeleştirildiğinde ne olur?,6 bolu 15 kesri sadelestirildiginde ne olur,Rasyonel Sayılar,"Rasyonel sayılarda dört işlem, sadeleştirme, kesir-ondalık dönüşümü ve karşılaştırma konularını tekrar etmelisin."
3/7 kesrinin paydası 14 yapılırsa pay kaç olur?,3 bolu 7 kesrinin paydasi 14 yapilirsa pay kac olur,Rasyonel Sayılar,"Rasyonel sayılarda dört işlem, sadeleştirme, kesir-ondalık dönüşümü ve karşılaştırma konularını tekrar etmelisin."
4/5'in 25 ile çarpımı kaçtır?,4 bolu 5 in 25 ile carpimi kactir,Rasyonel Sayılar,"Rasyonel sayılarda dört işlem, sadeleştirme, kesir-ondalık dönüşümü ve karşılaştırma konularını tekrar etmelisin."
Bir bütünün 7/12'si boyanmışsa boyanmayan kısmı kaçtır?,bir butunun 7 bolu 12 si boyanmissa boyanmayan kismi kactir,Rasyonel Sayılar,"Rasyonel sayılarda dört işlem, sadeleştirme, kesir-ondalık dönüşümü ve karşılaştırma konularını tekrar etmelisin."
2 üzeri 5 kaçtır?,2 uzeri 5 kactir,Üslü Sayılar,"Üslü sayılarda üs alma, taban eşitleme, aynı tabanlı işlemler ve negatif/sıfır üs kurallarını tekrar etmelisin."
3 üzeri x eşittir 81 ise x kaçtır?,3 uzeri x esittir 81 ise x kactir,Üslü Sayılar,"Üslü sayılarda üs alma, taban eşitleme, aynı tabanlı işlemler ve negatif/sıfır üs kurallarını tekrar etmelisin."
5 üzeri 0 değeri kaçtır?,5 uzeri 0 degeri kactir,Üslü Sayılar,"Üslü sayılarda üs alma, taban eşitleme, aynı tabanlı işlemler ve negatif/sıfır üs kurallarını tekrar etmelisin."
2 üzeri 3 ile 2 üzeri 4 çarpımı hangi üs şeklinde yazılır?,2 uzeri 3 ile 2 uzeri 4 carpimi hangi us seklinde yazilir,Üslü Sayılar,"Üslü sayılarda üs alma, taban eşitleme, aynı tabanlı işlemler ve negatif/sıfır üs kurallarını tekrar etmelisin."
10 üzeri 2 kaçtır?,10 uzeri 2 kactir,Üslü Sayılar,"Üslü sayılarda üs alma, taban eşitleme, aynı tabanlı işlemler ve negatif/sıfır üs kurallarını tekrar etmelisin."
4 üzeri 2 ile 2 üzeri 4 değerleri eşit midir?,4 uzeri 2 ile 2 uzeri 4 degerleri esit midir,Üslü Sayılar,"Üslü sayılarda üs alma, taban eşitleme, aynı tabanlı işlemler ve negatif/sıfır üs kurallarını tekrar etmelisin."
2 üzeri x eşittir 64 ise x kaçtır?,2 uzeri x esittir 64 ise x kactir,Üslü Sayılar,"Üslü sayılarda üs alma, taban eşitleme, aynı tabanlı işlemler ve negatif/sıfır üs kurallarını tekrar etmelisin."
3 üzeri 2 ile 3 üzeri 1 toplamı kaçtır?,3 uzeri 2 ile 3 uzeri 1 toplami kactir,Üslü Sayılar,"Üslü sayılarda üs alma, taban eşitleme, aynı tabanlı işlemler ve negatif/sıfır üs kurallarını tekrar etmelisin."
a üzeri 3 ile a üzeri 2 çarpılırsa sonuç nasıl yazılır?,a uzeri 3 ile a uzeri 2 carpilirsa sonuc nasil yazilir,Üslü Sayılar,"Üslü sayılarda üs alma, taban eşitleme, aynı tabanlı işlemler ve negatif/sıfır üs kurallarını tekrar etmelisin."
2 üzeri 6 sayısının yarısı kaçtır?,2 uzeri 6 sayisinin yarisi kactir,Üslü Sayılar,"Üslü sayılarda üs alma, taban eşitleme, aynı tabanlı işlemler ve negatif/sıfır üs kurallarını tekrar etmelisin."
Üslü Sayılar konusunda verilen matematiksel ifadede temel kural uygulanarak istenen değer nasıl bulunur? Örnek 1,uslu sayilar konusunda verilen matematiksel ifadede temel kural uygulanarak istenen deger nasil bulunur ornek 1,Üslü Sayılar,"Üslü sayılarda üs alma, taban eşitleme, aynı tabanlı işlemler ve negatif/sıfır üs kurallarını tekrar etmelisin."
Üslü Sayılar konusunda verilen matematiksel ifadede temel kural uygulanarak istenen değer nasıl bulunur? Örnek 2,uslu sayilar konusunda verilen matematiksel ifadede temel kural uygulanarak istenen deger nasil bulunur ornek 2,Üslü Sayılar,"Üslü sayılarda üs alma, taban eşitleme, aynı tabanlı işlemler ve negatif/sıfır üs kurallarını tekrar etmelisin."
Üslü Sayılar konusunda verilen matematiksel ifadede temel kural uygulanarak istenen değer nasıl bulunur? Örnek 3,uslu sayilar konusunda verilen matematiksel ifadede temel kural uygulanarak istenen deger nasil bulunur ornek 3,Üslü Sayılar,"Üslü sayılarda üs alma, taban eşitleme, aynı tabanlı işlemler ve negatif/sıfır üs kurallarını tekrar etmelisin."
Üslü Sayılar konusunda verilen matematiksel ifadede temel kural uygulanarak istenen değer nasıl bulunur? Örnek 4,uslu sayilar konusunda verilen matematiksel ifadede temel kural uygulanarak istenen deger nasil bulunur ornek 4,Üslü Sayılar,"Üslü sayılarda üs alma, taban eşitleme, aynı tabanlı işlemler ve negatif/sıfır üs kurallarını tekrar etmelisin."
Üslü Sayılar konusunda verilen matematiksel ifadede temel kural uygulanarak istenen değer nasıl bulunur? Örnek 5,uslu sayilar konusunda verilen matematiksel ifadede temel kural uygulanarak istenen deger nasil bulunur ornek 5,Üslü Sayılar,"Üslü sayılarda üs alma, taban eşitleme, aynı tabanlı işlemler ve negatif/sıfır üs kurallarını tekrar etmelisin."
Üslü Sayılar konusunda verilen matematiksel ifadede temel kural uygulanarak istenen değer nasıl bulunur? Örnek 6,uslu sayilar konusunda verilen matematiksel ifadede temel kural uygulanarak istenen deger nasil bulunur ornek 6,Üslü Sayılar,"Üslü sayılarda üs alma, taban eşitleme, aynı tabanlı işlemler ve negatif/sıfır üs kurallarını tekrar etmelisin."
Üslü Sayılar konusunda verilen matematiksel ifadede temel kural uygulanarak istenen değer nasıl bulunur? Örnek 7,uslu sayilar konusunda verilen matematiksel ifadede temel kural uygulanarak istenen deger nasil bulunur ornek 7,Üslü Sayılar,"Üslü sayılarda üs alma, taban eşitleme, aynı tabanlı işlemler ve negatif/sıfır üs kurallarını tekrar etmelisin."
Üslü Sayılar konusunda verilen matematiksel ifadede temel kural uygulanarak istenen değer nasıl bulunur? Örnek 8,uslu sayilar konusunda verilen matematiksel ifadede temel kural uygulanarak istenen deger nasil bulunur ornek 8,Üslü Sayılar,"Üslü sayılarda üs alma, taban eşitleme, aynı tabanlı işlemler ve negatif/sıfır üs kurallarını tekrar etmelisin."
Üslü Sayılar konusunda verilen matematiksel ifadede temel kural uygulanarak istenen değer nasıl bulunur? Örnek 9,uslu sayilar konusunda verilen matematiksel ifadede temel kural uygulanarak istenen deger nasil bulunur ornek 9,Üslü Sayılar,"Üslü sayılarda üs alma, taban eşitleme, aynı tabanlı işlemler ve negatif/sıfır üs kurallarını tekrar etmelisin."
Üslü Sayılar konusunda verilen matematiksel ifadede temel kural uygulanarak istenen değer nasıl bulunur? Örnek 10,uslu sayilar konusunda verilen matematiksel ifadede temel kural uygulanarak istenen deger nasil bulunur ornek 10,Üslü Sayılar,"Üslü sayılarda üs alma, taban eşitleme, aynı tabanlı işlemler ve negatif/sıfır üs kurallarını tekrar etmelisin."
Üslü Sayılar konusunda verilen matematiksel ifadede temel kural uygulanarak istenen değer nasıl bulunur? Örnek 11,uslu sayilar konusunda verilen matematiksel ifadede temel kural uygulanarak istenen deger nasil bulunur ornek 11,Üslü Sayılar,"Üslü sayılarda üs alma, taban eşitleme, aynı tabanlı işlemler ve negatif/sıfır üs kurallarını tekrar etmelisin."
Üslü Sayılar konusunda verilen matematiksel ifadede temel kural uygulanarak istenen değer nasıl bulunur? Örnek 12,uslu sayilar konusunda verilen matematiksel ifadede temel kural uygulanarak istenen deger nasil bulunur ornek 12,Üslü Sayılar,"Üslü sayılarda üs alma, taban eşitleme, aynı tabanlı işlemler ve negatif/sıfır üs kurallarını tekrar etmelisin."
Üslü Sayılar konusunda verilen matematiksel ifadede temel kural uygulanarak istenen değer nasıl bulunur? Örnek 13,uslu sayilar konusunda verilen matematiksel ifadede temel kural uygulanarak istenen deger nasil bulunur ornek 13,Üslü Sayılar,"Üslü sayılarda üs alma, taban eşitleme, aynı tabanlı işlemler ve negatif/sıfır üs kurallarını tekrar etmelisin."
Üslü Sayılar konusunda verilen matematiksel ifadede temel kural uygulanarak istenen değer nasıl bulunur? Örnek 14,uslu sayilar konusunda verilen matematiksel ifadede temel kural uygulanarak istenen deger nasil bulunur ornek 14,Üslü Sayılar,"Üslü sayılarda üs alma, taban eşitleme, aynı tabanlı işlemler ve negatif/sıfır üs kurallarını tekrar etmelisin."
Üslü Sayılar konusunda verilen matematiksel ifadede temel kural uygulanarak istenen değer nasıl bulunur? Örnek 15,uslu sayilar konusunda verilen matematiksel ifadede temel kural uygulanarak istenen deger nasil bulunur ornek 15,Üslü Sayılar,"Üslü sayılarda üs alma, taban eşitleme, aynı tabanlı işlemler ve negatif/sıfır üs kurallarını tekrar etmelisin."
Üslü Sayılar konusunda verilen matematiksel ifadede temel kural uygulanarak istenen değer nasıl bulunur? Örnek 16,uslu sayilar konusunda verilen matematiksel ifadede temel kural uygulanarak istenen deger nasil bulunur ornek 16,Üslü Sayılar,"Üslü sayılarda üs alma, taban eşitleme, aynı tabanlı işlemler ve negatif/sıfır üs kurallarını tekrar etmelisin."
Üslü Sayılar konusunda verilen matematiksel ifadede temel kural uygulanarak istenen değer nasıl bulunur? Örnek 17,uslu sayilar konusunda verilen matematiksel ifadede temel kural uygulanarak istenen deger nasil bulunur ornek 17,Üslü Sayılar,"Üslü sayılarda üs alma, taban eşitleme, aynı tabanlı işlemler ve negatif/sıfır üs kurallarını tekrar etmelisin."
Üslü Sayılar konusunda verilen matematiksel ifadede temel kural uygulanarak istenen değer nasıl bulunur? Örnek 18,uslu sayilar konusunda verilen matematiksel ifadede temel kural uygulanarak istenen deger nasil bulunur ornek 18,Üslü Sayılar,"Üslü sayılarda üs alma, taban eşitleme, aynı tabanlı işlemler ve negatif/sıfır üs kurallarını tekrar etmelisin."
Üslü Sayılar konusunda verilen matematiksel ifadede temel kural uygulanarak istenen değer nasıl bulunur? Örnek 19,uslu sayilar konusunda verilen matematiksel ifadede temel kural uygulanarak istenen deger nasil bulunur ornek 19,Üslü Sayılar,"Üslü sayılarda üs alma, taban eşitleme, aynı tabanlı işlemler ve negatif/sıfır üs kurallarını tekrar etmelisin."
Üslü Sayılar konusunda verilen matematiksel ifadede temel kural uygulanarak istenen değer nasıl bulunur? Örnek 20,uslu sayilar konusunda verilen matematiksel ifadede temel kural uygulanarak istenen deger nasil bulunur ornek 20,Üslü Sayılar,"Üslü sayılarda üs alma, taban eşitleme, aynı tabanlı işlemler ve negatif/sıfır üs kurallarını tekrar etmelisin."
Karekök 49 kaçtır?,karekok 49 kactir,Köklü Sayılar,"Köklü sayılarda karekök alma, köklü ifadelerde işlem ve sadeleştirme konularını tekrar etmelisin."
Karekök 81 ile karekök 16 toplamı kaçtır?,karekok 81 ile karekok 16 toplami kactir,Köklü Sayılar,"Köklü sayılarda karekök alma, köklü ifadelerde işlem ve sadeleştirme konularını tekrar etmelisin."
Karekök 25 sayısının karesi kaçtır?,karekok 25 sayisinin karesi kactir,Köklü Sayılar,"Köklü sayılarda karekök alma, köklü ifadelerde işlem ve sadeleştirme konularını tekrar etmelisin."
Karekök 144 değeri kaçtır?,karekok 144 degeri kactir,Köklü Sayılar,"Köklü sayılarda karekök alma, köklü ifadelerde işlem ve sadeleştirme konularını tekrar etmelisin."
Kök 4 ile kök 9 çarpımı kaçtır?,kok 4 ile kok 9 carpimi kactir,Köklü Sayılar,"Köklü sayılarda karekök alma, köklü ifadelerde işlem ve sadeleştirme konularını tekrar etmelisin."
Karekök 36 eksi karekök 9 kaçtır?,karekok 36 eksi karekok 9 kactir,Köklü Sayılar,"Köklü sayılarda karekök alma, köklü ifadelerde işlem ve sadeleştirme konularını tekrar etmelisin."
Karekök 100 sayısı hangi doğal sayıya eşittir?,karekok 100 sayisi hangi dogal sayiya esittir,Köklü Sayılar,"Köklü sayılarda karekök alma, köklü ifadelerde işlem ve sadeleştirme konularını tekrar etmelisin."
Kök 64 bölü kök 4 işleminin sonucu kaçtır?,kok 64 bolu kok 4 isleminin sonucu kactir,Köklü Sayılar,"Köklü sayılarda karekök alma, köklü ifadelerde işlem ve sadeleştirme konularını tekrar etmelisin."
Karekök 121 kaçtır?,karekok 121 kactir,Köklü Sayılar,"Köklü sayılarda karekök alma, köklü ifadelerde işlem ve sadeleştirme konularını tekrar etmelisin."
Karekök 50 ifadesi hangi köklü biçimde sadeleştirilebilir?,karekok 50 ifadesi hangi koklu bicimde sadelestirilebilir,Köklü Sayılar,"Köklü sayılarda karekök alma, köklü ifadelerde işlem ve sadeleştirme konularını tekrar etmelisin."
Köklü Sayılar konusunda verilen matematiksel ifadede temel kural uygulanarak istenen değer nasıl bulunur? Örnek 1,koklu sayilar konusunda verilen matematiksel ifadede temel kural uygulanarak istenen deger nasil bulunur ornek 1,Köklü Sayılar,"Köklü sayılarda karekök alma, köklü ifadelerde işlem ve sadeleştirme konularını tekrar etmelisin."
Köklü Sayılar konusunda verilen matematiksel ifadede temel kural uygulanarak istenen değer nasıl bulunur? Örnek 2,koklu sayilar konusunda verilen matematiksel ifadede temel kural uygulanarak istenen deger nasil bulunur ornek 2,Köklü Sayılar,"Köklü sayılarda karekök alma, köklü ifadelerde işlem ve sadeleştirme konularını tekrar etmelisin."
Köklü Sayılar konusunda verilen matematiksel ifadede temel kural uygulanarak istenen değer nasıl bulunur? Örnek 3,koklu sayilar konusunda verilen matematiksel ifadede temel kural uygulanarak istenen deger nasil bulunur ornek 3,Köklü Sayılar,"Köklü sayılarda karekök alma, köklü ifadelerde işlem ve sadeleştirme konularını tekrar etmelisin."
Köklü Sayılar konusunda verilen matematiksel ifadede temel kural uygulanarak istenen değer nasıl bulunur? Örnek 4,koklu sayilar konusunda verilen matematiksel ifadede temel kural uygulanarak istenen deger nasil bulunur ornek 4,Köklü Sayılar,"Köklü sayılarda karekök alma, köklü ifadelerde işlem ve sadeleştirme konularını tekrar etmelisin."
Köklü Sayılar konusunda verilen matematiksel ifadede temel kural uygulanarak istenen değer nasıl bulunur? Örnek 5,koklu sayilar konusunda verilen matematiksel ifadede temel kural uygulanarak istenen deger nasil bulunur ornek 5,Köklü Sayılar,"Köklü sayılarda karekök alma, köklü ifadelerde işlem ve sadeleştirme konularını tekrar etmelisin."
Köklü Sayılar konusunda verilen matematiksel ifadede temel kural uygulanarak istenen değer nasıl bulunur? Örnek 6,koklu sayilar konusunda verilen matematiksel ifadede temel kural uygulanarak istenen deger nasil bulunur ornek 6,Köklü Sayılar,"Köklü sayılarda karekök alma, köklü ifadelerde işlem ve sadeleştirme konularını tekrar etmelisin."
Köklü Sayılar konusunda verilen matematiksel ifadede temel kural uygulanarak istenen değer nasıl bulunur? Örnek 7,koklu sayilar konusunda verilen matematiksel ifadede temel kural uygulanarak istenen deger nasil bulunur ornek 7,Köklü Sayılar,"Köklü sayılarda karekök alma, köklü ifadelerde işlem ve sadeleştirme konularını tekrar etmelisin."
Köklü Sayılar konusunda verilen matematiksel ifadede temel kural uygulanarak istenen değer nasıl bulunur? Örnek 8,koklu sayilar konusunda verilen matematiksel ifadede temel kural uygulanarak istenen deger nasil bulunur ornek 8,Köklü Sayılar,"Köklü sayılarda karekök alma, köklü ifadelerde işlem ve sadeleştirme konularını tekrar etmelisin."
Köklü Sayılar konusunda verilen matematiksel ifadede temel kural uygulanarak istenen değer nasıl bulunur? Örnek 9,koklu sayilar konusunda verilen matematiksel ifadede temel kural uygulanarak istenen deger nasil bulunur ornek 9,Köklü Sayılar,"Köklü sayılarda karekök alma, köklü ifadelerde işlem ve sadeleştirme konularını tekrar etmelisin."
Köklü Sayılar konusunda verilen matematiksel ifadede temel kural uygulanarak istenen değer nasıl bulunur? Örnek 10,koklu sayilar konusunda verilen matematiksel ifadede temel kural uygulanarak istenen deger nasil bulunur ornek 10,Köklü Sayılar,"Köklü sayılarda karekök alma, köklü ifadelerde işlem ve sadeleştirme konularını tekrar etmelisin."
Köklü Sayılar konusunda verilen matematiksel ifadede temel kural uygulanarak istenen değer nasıl bulunur? Örnek 11,koklu sayilar konusunda verilen matematiksel ifadede temel kural uygulanarak istenen deger nasil bulunur ornek 11,Köklü Sayılar,"Köklü sayılarda karekök alma, köklü ifadelerde işlem ve sadeleştirme konularını tekrar etmelisin."
Köklü Sayılar konusunda verilen matematiksel ifadede temel kural uygulanarak istenen değer nasıl bulunur? Örnek 12,koklu sayilar konusunda verilen matematiksel ifadede temel kural uygulanarak istenen deger nasil bulunur ornek 12,Köklü Sayılar,"Köklü sayılarda karekök alma, köklü ifadelerde işlem ve sadeleştirme konularını tekrar etmelisin."
Köklü Sayılar konusunda verilen matematiksel ifadede temel kural uygulanarak istenen değer nasıl bulunur? Örnek 13,koklu sayilar konusunda verilen matematiksel ifadede temel kural uygulanarak istenen deger nasil bulunur ornek 13,Köklü Sayılar,"Köklü sayılarda karekök alma, köklü ifadelerde işlem ve sadeleştirme konularını tekrar etmelisin."
Köklü Sayılar konusunda verilen matematiksel ifadede temel kural uygulanarak istenen değer nasıl bulunur? Örnek 14,koklu sayilar konusunda verilen matematiksel ifadede temel kural uygulanarak istenen deger nasil bulunur ornek 14,Köklü Sayılar,"Köklü sayılarda karekök alma, köklü ifadelerde işlem ve sadeleştirme konularını tekrar etmelisin."
Köklü Sayılar konusunda verilen matematiksel ifadede temel kural uygulanarak istenen değer nasıl bulunur? Örnek 15,koklu sayilar konusunda verilen matematiksel ifadede temel kural uygulanarak istenen deger nasil bulunur ornek 15,Köklü Sayılar,"Köklü sayılarda karekök alma, köklü ifadelerde işlem ve sadeleştirme konularını tekrar etmelisin."
Köklü Sayılar konusunda verilen matematiksel ifadede temel kural uygulanarak istenen değer nasıl bulunur? Örnek 16,koklu sayilar konusunda verilen matematiksel ifadede temel kural uygulanarak istenen deger nasil bulunur ornek 16,Köklü Sayılar,"Köklü sayılarda karekök alma, köklü ifadelerde işlem ve sadeleştirme konularını tekrar etmelisin."
Köklü Sayılar konusunda verilen matematiksel ifadede temel kural uygulanarak istenen değer nasıl bulunur? Örnek 17,koklu sayilar konusunda verilen matematiksel ifadede temel kural uygulanarak istenen deger nasil bulunur ornek 17,Köklü Sayılar,"Köklü sayılarda karekök alma, köklü ifadelerde işlem ve sadeleştirme konularını tekrar etmelisin."
Köklü Sayılar konusunda verilen matematiksel ifadede temel kural uygulanarak istenen değer nasıl bulunur? Örnek 18,koklu sayilar konusunda verilen matematiksel ifadede temel kural uygulanarak istenen deger nasil bulunur ornek 18,Köklü Sayılar,"Köklü sayılarda karekök alma, köklü ifadelerde işlem ve sadeleştirme konularını tekrar etmelisin."
Köklü Sayılar konusunda verilen matematiksel ifadede temel kural uygulanarak istenen değer nasıl bulunur? Örnek 19,koklu sayilar konusunda verilen matematiksel ifadede temel kural uygulanarak istenen deger nasil bulunur ornek 19,Köklü Sayılar,"Köklü sayılarda karekök alma, köklü ifadelerde işlem ve sadeleştirme konularını tekrar etmelisin."
Köklü Sayılar konusunda verilen matematiksel ifadede temel kural uygulanarak istenen değer nasıl bulunur? Örnek 20,koklu sayilar konusunda verilen matematiksel ifadede temel kural uygulanarak istenen deger nasil bulunur ornek 20,Köklü Sayılar,"Köklü sayılarda karekök alma, köklü ifadelerde işlem ve sadeleştirme konularını tekrar etmelisin."
2x+5=17 denkleminde x kaçtır?,2x arti 5 esittir 17 denkleminde x kactir,Denklem Çözme,"Denklem çözmede bilinmeyeni yalnız bırakma, parantez açma ve eşitliğin iki tarafına aynı işlemi uygulama konularını tekrar etmelisin."
3x-4=11 ise x değeri nedir?,3x eksi 4 esittir 11 ise x degeri nedir,Denklem Çözme,"Denklem çözmede bilinmeyeni yalnız bırakma, parantez açma ve eşitliğin iki tarafına aynı işlemi uygulama konularını tekrar etmelisin."
x/2+6=10 denkleminde x kaçtır?,x bolu 2 arti 6 esittir 10 denkleminde x kactir,Denklem Çözme,"Denklem çözmede bilinmeyeni yalnız bırakma, parantez açma ve eşitliğin iki tarafına aynı işlemi uygulama konularını tekrar etmelisin."
5x=45 ise x kaçtır?,5x esittir 45 ise x kactir,Denklem Çözme,"Denklem çözmede bilinmeyeni yalnız bırakma, parantez açma ve eşitliğin iki tarafına aynı işlemi uygulama konularını tekrar etmelisin."
4x+3=2x+15 denkleminde x kaçtır?,4x arti 3 esittir 2x arti 15 denkleminde x kactir,Denklem Çözme,"Denklem çözmede bilinmeyeni yalnız bırakma, parantez açma ve eşitliğin iki tarafına aynı işlemi uygulama konularını tekrar etmelisin."
x-7=13 ise x kaçtır?,x eksi 7 esittir 13 ise x kactir,Denklem Çözme,"Denklem çözmede bilinmeyeni yalnız bırakma, parantez açma ve eşitliğin iki tarafına aynı işlemi uygulama konularını tekrar etmelisin."
2(x+3)=18 denkleminde x kaçtır?,2 x arti 3 esittir 18 denkleminde x kactir,Denklem Çözme,"Denklem çözmede bilinmeyeni yalnız bırakma, parantez açma ve eşitliğin iki tarafına aynı işlemi uygulama konularını tekrar etmelisin."
7x-14=0 ise x kaçtır?,7x eksi 14 esittir 0 ise x kactir,Denklem Çözme,"Denklem çözmede bilinmeyeni yalnız bırakma, parantez açma ve eşitliğin iki tarafına aynı işlemi uygulama konularını tekrar etmelisin."
x+2x+3x=24 denkleminde x kaçtır?,x arti 2x arti 3x esittir 24 denkleminde x kactir,Denklem Çözme,"Denklem çözmede bilinmeyeni yalnız bırakma, parantez açma ve eşitliğin iki tarafına aynı işlemi uygulama konularını tekrar etmelisin."
Bir sayının 4 katı 32 ise bu sayı kaçtır?,bir sayinin 4 kati 32 ise bu sayi kactir,Denklem Çözme,"Denklem çözmede bilinmeyeni yalnız bırakma, parantez açma ve eşitliğin iki tarafına aynı işlemi uygulama konularını tekrar etmelisin."
Denklem Çözme konusunda verilen matematiksel ifadede temel kural uygulanarak istenen değer nasıl bulunur? Örnek 1,denklem cozme konusunda verilen matematiksel ifadede temel kural uygulanarak istenen deger nasil bulunur ornek 1,Denklem Çözme,"Denklem çözmede bilinmeyeni yalnız bırakma, parantez açma ve eşitliğin iki tarafına aynı işlemi uygulama konularını tekrar etmelisin."
Denklem Çözme konusunda verilen matematiksel ifadede temel kural uygulanarak istenen değer nasıl bulunur? Örnek 2,denklem cozme konusunda verilen matematiksel ifadede temel kural uygulanarak istenen deger nasil bulunur ornek 2,Denklem Çözme,"Denklem çözmede bilinmeyeni yalnız bırakma, parantez açma ve eşitliğin iki tarafına aynı işlemi uygulama konularını tekrar etmelisin."
Denklem Çözme konusunda verilen matematiksel ifadede temel kural uygulanarak istenen değer nasıl bulunur? Örnek 3,denklem cozme konusunda verilen matematiksel ifadede temel kural uygulanarak istenen deger nasil bulunur ornek 3,Denklem Çözme,"Denklem çözmede bilinmeyeni yalnız bırakma, parantez açma ve eşitliğin iki tarafına aynı işlemi uygulama konularını tekrar etmelisin."
Denklem Çözme konusunda verilen matematiksel ifadede temel kural uygulanarak istenen değer nasıl bulunur? Örnek 4,denklem cozme konusunda verilen matematiksel ifadede temel kural uygulanarak istenen deger nasil bulunur ornek 4,Denklem Çözme,"Denklem çözmede bilinmeyeni yalnız bırakma, parantez açma ve eşitliğin iki tarafına aynı işlemi uygulama konularını tekrar etmelisin."
Denklem Çözme konusunda verilen matematiksel ifadede temel kural uygulanarak istenen değer nasıl bulunur? Örnek 5,denklem cozme konusunda verilen matematiksel ifadede temel kural uygulanarak istenen deger nasil bulunur ornek 5,Denklem Çözme,"Denklem çözmede bilinmeyeni yalnız bırakma, parantez açma ve eşitliğin iki tarafına aynı işlemi uygulama konularını tekrar etmelisin."
Denklem Çözme konusunda verilen matematiksel ifadede temel kural uygulanarak istenen değer nasıl bulunur? Örnek 6,denklem cozme konusunda verilen matematiksel ifadede temel kural uygulanarak istenen deger nasil bulunur ornek 6,Denklem Çözme,"Denklem çözmede bilinmeyeni yalnız bırakma, parantez açma ve eşitliğin iki tarafına aynı işlemi uygulama konularını tekrar etmelisin."
Denklem Çözme konusunda verilen matematiksel ifadede temel kural uygulanarak istenen değer nasıl bulunur? Örnek 7,denklem cozme konusunda verilen matematiksel ifadede temel kural uygulanarak istenen deger nasil bulunur ornek 7,Denklem Çözme,"Denklem çözmede bilinmeyeni yalnız bırakma, parantez açma ve eşitliğin iki tarafına aynı işlemi uygulama konularını tekrar etmelisin."
Denklem Çözme konusunda verilen matematiksel ifadede temel kural uygulanarak istenen değer nasıl bulunur? Örnek 8,denklem cozme konusunda verilen matematiksel ifadede temel kural uygulanarak istenen deger nasil bulunur ornek 8,Denklem Çözme,"Denklem çözmede bilinmeyeni yalnız bırakma, parantez açma ve eşitliğin iki tarafına aynı işlemi uygulama konularını tekrar etmelisin."
Denklem Çözme konusunda verilen matematiksel ifadede temel kural uygulanarak istenen değer nasıl bulunur? Örnek 9,denklem cozme konusunda verilen matematiksel ifadede temel kural uygulanarak istenen deger nasil bulunur ornek 9,Denklem Çözme,"Denklem çözmede bilinmeyeni yalnız bırakma, parantez açma ve eşitliğin iki tarafına aynı işlemi uygulama konularını tekrar etmelisin."
Denklem Çözme konusunda verilen matematiksel ifadede temel kural uygulanarak istenen değer nasıl bulunur? Örnek 10,denklem cozme konusunda verilen matematiksel ifadede temel kural uygulanarak istenen deger nasil bulunur ornek 10,Denklem Çözme,"Denklem çözmede bilinmeyeni yalnız bırakma, parantez açma ve eşitliğin iki tarafına aynı işlemi uygulama konularını tekrar etmelisin."
Denklem Çözme konusunda verilen matematiksel ifadede temel kural uygulanarak istenen değer nasıl bulunur? Örnek 11,denklem cozme konusunda verilen matematiksel ifadede temel kural uygulanarak istenen deger nasil bulunur ornek 11,Denklem Çözme,"Denklem çözmede bilinmeyeni yalnız bırakma, parantez açma ve eşitliğin iki tarafına aynı işlemi uygulama konularını tekrar etmelisin."
Denklem Çözme konusunda verilen matematiksel ifadede temel kural uygulanarak istenen değer nasıl bulunur? Örnek 12,denklem cozme konusunda verilen matematiksel ifadede temel kural uygulanarak istenen deger nasil bulunur ornek 12,Denklem Çözme,"Denklem çözmede bilinmeyeni yalnız bırakma, parantez açma ve eşitliğin iki tarafına aynı işlemi uygulama konularını tekrar etmelisin."
Denklem Çözme konusunda verilen matematiksel ifadede temel kural uygulanarak istenen değer nasıl bulunur? Örnek 13,denklem cozme konusunda verilen matematiksel ifadede temel kural uygulanarak istenen deger nasil bulunur ornek 13,Denklem Çözme,"Denklem çözmede bilinmeyeni yalnız bırakma, parantez açma ve eşitliğin iki tarafına aynı işlemi uygulama konularını tekrar etmelisin."
Denklem Çözme konusunda verilen matematiksel ifadede temel kural uygulanarak istenen değer nasıl bulunur? Örnek 14,denklem cozme konusunda verilen matematiksel ifadede temel kural uygulanarak istenen deger nasil bulunur ornek 14,Denklem Çözme,"Denklem çözmede bilinmeyeni yalnız bırakma, parantez açma ve eşitliğin iki tarafına aynı işlemi uygulama konularını tekrar etmelisin."
Denklem Çözme konusunda verilen matematiksel ifadede temel kural uygulanarak istenen değer nasıl bulunur? Örnek 15,denklem cozme konusunda verilen matematiksel ifadede temel kural uygulanarak istenen deger nasil bulunur ornek 15,Denklem Çözme,"Denklem çözmede bilinmeyeni yalnız bırakma, parantez açma ve eşitliğin iki tarafına aynı işlemi uygulama konularını tekrar etmelisin."
Denklem Çözme konusunda verilen matematiksel ifadede temel kural uygulanarak istenen değer nasıl bulunur? Örnek 16,denklem cozme konusunda verilen matematiksel ifadede temel kural uygulanarak istenen deger nasil bulunur ornek 16,Denklem Çözme,"Denklem çözmede bilinmeyeni yalnız bırakma, parantez açma ve eşitliğin iki tarafına aynı işlemi uygulama konularını tekrar etmelisin."
Denklem Çözme konusunda verilen matematiksel ifadede temel kural uygulanarak istenen değer nasıl bulunur? Örnek 17,denklem cozme konusunda verilen matematiksel ifadede temel kural uygulanarak istenen deger nasil bulunur ornek 17,Denklem Çözme,"Denklem çözmede bilinmeyeni yalnız bırakma, parantez açma ve eşitliğin iki tarafına aynı işlemi uygulama konularını tekrar etmelisin."
Denklem Çözme konusunda verilen matematiksel ifadede temel kural uygulanarak istenen değer nasıl bulunur? Örnek 18,denklem cozme konusunda verilen matematiksel ifadede temel kural uygulanarak istenen deger nasil bulunur ornek 18,Denklem Çözme,"Denklem çözmede bilinmeyeni yalnız bırakma, parantez açma ve eşitliğin iki tarafına aynı işlemi uygulama konularını tekrar etmelisin."
Denklem Çözme konusunda verilen matematiksel ifadede temel kural uygulanarak istenen değer nasıl bulunur? Örnek 19,denklem cozme konusunda verilen matematiksel ifadede temel kural uygulanarak istenen deger nasil bulunur ornek 19,Denklem Çözme,"Denklem çözmede bilinmeyeni yalnız bırakma, parantez açma ve eşitliğin iki tarafına aynı işlemi uygulama konularını tekrar etmelisin."
Denklem Çözme konusunda verilen matematiksel ifadede temel kural uygulanarak istenen değer nasıl bulunur? Örnek 20,denklem cozme konusunda verilen matematiksel ifadede temel kural uygulanarak istenen deger nasil bulunur ornek 20,Denklem Çözme,"Denklem çözmede bilinmeyeni yalnız bırakma, parantez açma ve eşitliğin iki tarafına aynı işlemi uygulama konularını tekrar etmelisin."
x+3<8 eşitsizliğini sağlayan en büyük tam sayı kaçtır?,x arti 3 kucuktur 8 esitsizligini saglayan en buyuk tam sayi kactir,Basit Eşitsizlikler,"Basit eşitsizliklerde yön değiştirme, aralık gösterimi ve tam sayı çözüm sayısını tekrar etmelisin."
2x>10 ise x için hangi değerler uygundur?,2x buyuktur 10 ise x icin hangi degerler uygundur,Basit Eşitsizlikler,"Basit eşitsizliklerde yön değiştirme, aralık gösterimi ve tam sayı çözüm sayısını tekrar etmelisin."
x-5≤2 eşitsizliğinin çözüm aralığı nedir?,x eksi 5 kucuk esit 2 esitsizliginin cozum araligi nedir,Basit Eşitsizlikler,"Basit eşitsizliklerde yön değiştirme, aralık gösterimi ve tam sayı çözüm sayısını tekrar etmelisin."
3x+1≥10 eşitsizliğinde x en az kaç olabilir?,3x arti 1 buyuk esit 10 esitsizliginde x en az kac olabilir,Basit Eşitsizlikler,"Basit eşitsizliklerde yön değiştirme, aralık gösterimi ve tam sayı çözüm sayısını tekrar etmelisin."
x pozitif tam sayı ve x<6 ise x kaç farklı değer alır?,x pozitif tam sayi ve x kucuktur 6 ise x kac farkli deger alir,Basit Eşitsizlikler,"Basit eşitsizliklerde yön değiştirme, aralık gösterimi ve tam sayı çözüm sayısını tekrar etmelisin."
-2x<8 eşitsizliğinde her iki taraf negatif sayıya bölünürse yön ne olur?,eksi 2x kucuktur 8 esitsizliginde her iki taraf negatif sayiya bolunurse yon ne olur,Basit Eşitsizlikler,"Basit eşitsizliklerde yön değiştirme, aralık gösterimi ve tam sayı çözüm sayısını tekrar etmelisin."
x+4≥9 eşitsizliğini sağlayan en küçük tam sayı kaçtır?,x arti 4 buyuk esit 9 esitsizligini saglayan en kucuk tam sayi kactir,Basit Eşitsizlikler,"Basit eşitsizliklerde yön değiştirme, aralık gösterimi ve tam sayı çözüm sayısını tekrar etmelisin."
5<x<10 aralığındaki tam sayılar kaç tanedir?,5 kucuktur x kucuktur 10 araligindaki tam sayilar kac tanedir,Basit Eşitsizlikler,"Basit eşitsizliklerde yön değiştirme, aralık gösterimi ve tam sayı çözüm sayısını tekrar etmelisin."
2x-3≤7 eşitsizliğinin çözümü nedir?,2x eksi 3 kucuk esit 7 esitsizliginin cozumu nedir,Basit Eşitsizlikler,"Basit eşitsizliklerde yön değiştirme, aralık gösterimi ve tam sayı çözüm sayısını tekrar etmelisin."
x negatif tam sayı ve x>-4 ise x kaç farklı değer alır?,x negatif tam sayi ve x buyuktur eksi 4 ise x kac farkli deger alir,Basit Eşitsizlikler,"Basit eşitsizliklerde yön değiştirme, aralık gösterimi ve tam sayı çözüm sayısını tekrar etmelisin."
Basit Eşitsizlikler konusunda verilen matematiksel ifadede temel kural uygulanarak istenen değer nasıl bulunur? Örnek 1,basit esitsizlikler konusunda verilen matematiksel ifadede temel kural uygulanarak istenen deger nasil bulunur ornek 1,Basit Eşitsizlikler,"Basit eşitsizliklerde yön değiştirme, aralık gösterimi ve tam sayı çözüm sayısını tekrar etmelisin."
Basit Eşitsizlikler konusunda verilen matematiksel ifadede temel kural uygulanarak istenen değer nasıl bulunur? Örnek 2,basit esitsizlikler konusunda verilen matematiksel ifadede temel kural uygulanarak istenen deger nasil bulunur ornek 2,Basit Eşitsizlikler,"Basit eşitsizliklerde yön değiştirme, aralık gösterimi ve tam sayı çözüm sayısını tekrar etmelisin."
Basit Eşitsizlikler konusunda verilen matematiksel ifadede temel kural uygulanarak istenen değer nasıl bulunur? Örnek 3,basit esitsizlikler konusunda verilen matematiksel ifadede temel kural uygulanarak istenen deger nasil bulunur ornek 3,Basit Eşitsizlikler,"Basit eşitsizliklerde yön değiştirme, aralık gösterimi ve tam sayı çözüm sayısını tekrar etmelisin."
Basit Eşitsizlikler konusunda verilen matematiksel ifadede temel kural uygulanarak istenen değer nasıl bulunur? Örnek 4,basit esitsizlikler konusunda verilen matematiksel ifadede temel kural uygulanarak istenen deger nasil bulunur ornek 4,Basit Eşitsizlikler,"Basit eşitsizliklerde yön değiştirme, aralık gösterimi ve tam sayı çözüm sayısını tekrar etmelisin."
Basit Eşitsizlikler konusunda verilen matematiksel ifadede temel kural uygulanarak istenen değer nasıl bulunur? Örnek 5,basit esitsizlikler konusunda verilen matematiksel ifadede temel kural uygulanarak istenen deger nasil bulunur ornek 5,Basit Eşitsizlikler,"Basit eşitsizliklerde yön değiştirme, aralık gösterimi ve tam sayı çözüm sayısını tekrar etmelisin."
Basit Eşitsizlikler konusunda verilen matematiksel ifadede temel kural uygulanarak istenen değer nasıl bulunur? Örnek 6,basit esitsizlikler konusunda verilen matematiksel ifadede temel kural uygulanarak istenen deger nasil bulunur ornek 6,Basit Eşitsizlikler,"Basit eşitsizliklerde yön değiştirme, aralık gösterimi ve tam sayı çözüm sayısını tekrar etmelisin."
Basit Eşitsizlikler konusunda verilen matematiksel ifadede temel kural uygulanarak istenen değer nasıl bulunur? Örnek 7,basit esitsizlikler konusunda verilen matematiksel ifadede temel kural uygulanarak istenen deger nasil bulunur ornek 7,Basit Eşitsizlikler,"Basit eşitsizliklerde yön değiştirme, aralık gösterimi ve tam sayı çözüm sayısını tekrar etmelisin."
Basit Eşitsizlikler konusunda verilen matematiksel ifadede temel kural uygulanarak istenen değer nasıl bulunur? Örnek 8,basit esitsizlikler konusunda verilen matematiksel ifadede temel kural uygulanarak istenen deger nasil bulunur ornek 8,Basit Eşitsizlikler,"Basit eşitsizliklerde yön değiştirme, aralık gösterimi ve tam sayı çözüm sayısını tekrar etmelisin."
Basit Eşitsizlikler konusunda verilen matematiksel ifadede temel kural uygulanarak istenen değer nasıl bulunur? Örnek 9,basit esitsizlikler konusunda verilen matematiksel ifadede temel kural uygulanarak istenen deger nasil bulunur ornek 9,Basit Eşitsizlikler,"Basit eşitsizliklerde yön değiştirme, aralık gösterimi ve tam sayı çözüm sayısını tekrar etmelisin."
Basit Eşitsizlikler konusunda verilen matematiksel ifadede temel kural uygulanarak istenen değer nasıl bulunur? Örnek 10,basit esitsizlikler konusunda verilen matematiksel ifadede temel kural uygulanarak istenen deger nasil bulunur ornek 10,Basit Eşitsizlikler,"Basit eşitsizliklerde yön değiştirme, aralık gösterimi ve tam sayı çözüm sayısını tekrar etmelisin."
Basit Eşitsizlikler konusunda verilen matematiksel ifadede temel kural uygulanarak istenen değer nasıl bulunur? Örnek 11,basit esitsizlikler konusunda verilen matematiksel ifadede temel kural uygulanarak istenen deger nasil bulunur ornek 11,Basit Eşitsizlikler,"Basit eşitsizliklerde yön değiştirme, aralık gösterimi ve tam sayı çözüm sayısını tekrar etmelisin."
Basit Eşitsizlikler konusunda verilen matematiksel ifadede temel kural uygulanarak istenen değer nasıl bulunur? Örnek 12,basit esitsizlikler konusunda verilen matematiksel ifadede temel kural uygulanarak istenen deger nasil bulunur ornek 12,Basit Eşitsizlikler,"Basit eşitsizliklerde yön değiştirme, aralık gösterimi ve tam sayı çözüm sayısını tekrar etmelisin."
Basit Eşitsizlikler konusunda verilen matematiksel ifadede temel kural uygulanarak istenen değer nasıl bulunur? Örnek 13,basit esitsizlikler konusunda verilen matematiksel ifadede temel kural uygulanarak istenen deger nasil bulunur ornek 13,Basit Eşitsizlikler,"Basit eşitsizliklerde yön değiştirme, aralık gösterimi ve tam sayı çözüm sayısını tekrar etmelisin."
Basit Eşitsizlikler konusunda verilen matematiksel ifadede temel kural uygulanarak istenen değer nasıl bulunur? Örnek 14,basit esitsizlikler konusunda verilen matematiksel ifadede temel kural uygulanarak istenen deger nasil bulunur ornek 14,Basit Eşitsizlikler,"Basit eşitsizliklerde yön değiştirme, aralık gösterimi ve tam sayı çözüm sayısını tekrar etmelisin."
Basit Eşitsizlikler konusunda verilen matematiksel ifadede temel kural uygulanarak istenen değer nasıl bulunur? Örnek 15,basit esitsizlikler konusunda verilen matematiksel ifadede temel kural uygulanarak istenen deger nasil bulunur ornek 15,Basit Eşitsizlikler,"Basit eşitsizliklerde yön değiştirme, aralık gösterimi ve tam sayı çözüm sayısını tekrar etmelisin."
Basit Eşitsizlikler konusunda verilen matematiksel ifadede temel kural uygulanarak istenen değer nasıl bulunur? Örnek 16,basit esitsizlikler konusunda verilen matematiksel ifadede temel kural uygulanarak istenen deger nasil bulunur ornek 16,Basit Eşitsizlikler,"Basit eşitsizliklerde yön değiştirme, aralık gösterimi ve tam sayı çözüm sayısını tekrar etmelisin."
Basit Eşitsizlikler konusunda verilen matematiksel ifadede temel kural uygulanarak istenen değer nasıl bulunur? Örnek 17,basit esitsizlikler konusunda verilen matematiksel ifadede temel kural uygulanarak istenen deger nasil bulunur ornek 17,Basit Eşitsizlikler,"Basit eşitsizliklerde yön değiştirme, aralık gösterimi ve tam sayı çözüm sayısını tekrar etmelisin."
Basit Eşitsizlikler konusunda verilen matematiksel ifadede temel kural uygulanarak istenen değer nasıl bulunur? Örnek 18,basit esitsizlikler konusunda verilen matematiksel ifadede temel kural uygulanarak istenen deger nasil bulunur ornek 18,Basit Eşitsizlikler,"Basit eşitsizliklerde yön değiştirme, aralık gösterimi ve tam sayı çözüm sayısını tekrar etmelisin."
Basit Eşitsizlikler konusunda verilen matematiksel ifadede temel kural uygulanarak istenen değer nasıl bulunur? Örnek 19,basit esitsizlikler konusunda verilen matematiksel ifadede temel kural uygulanarak istenen deger nasil bulunur ornek 19,Basit Eşitsizlikler,"Basit eşitsizliklerde yön değiştirme, aralık gösterimi ve tam sayı çözüm sayısını tekrar etmelisin."
Basit Eşitsizlikler konusunda verilen matematiksel ifadede temel kural uygulanarak istenen değer nasıl bulunur? Örnek 20,basit esitsizlikler konusunda verilen matematiksel ifadede temel kural uygulanarak istenen deger nasil bulunur ornek 20,Basit Eşitsizlikler,"Basit eşitsizliklerde yön değiştirme, aralık gösterimi ve tam sayı çözüm sayısını tekrar etmelisin."
Mutlak değer içinde -7 ifadesinin sonucu kaçtır?,mutlak deger icinde eksi 7 ifadesinin sonucu kactir,Mutlak Değer,"Mutlak değerde uzaklık mantığını, mutlak değer denklemlerini ve eşitsizliklerini tekrar etmelisin."
|x|=5 ise x hangi değerleri alabilir?,x esittir 5 ise x hangi degerleri alabilir,Mutlak Değer,"Mutlak değerde uzaklık mantığını, mutlak değer denklemlerini ve eşitsizliklerini tekrar etmelisin."
|-3|+|4| işleminin sonucu kaçtır?,eksi 3 arti 4 isleminin sonucu kactir,Mutlak Değer,"Mutlak değerde uzaklık mantığını, mutlak değer denklemlerini ve eşitsizliklerini tekrar etmelisin."
|x-2|=0 ise x kaçtır?,x eksi 2 esittir 0 ise x kactir,Mutlak Değer,"Mutlak değerde uzaklık mantığını, mutlak değer denklemlerini ve eşitsizliklerini tekrar etmelisin."
|6-10| değeri kaçtır?,6 eksi 10 degeri kactir,Mutlak Değer,"Mutlak değerde uzaklık mantığını, mutlak değer denklemlerini ve eşitsizliklerini tekrar etmelisin."
|x|<3 eşitsizliğini sağlayan tam sayılar hangileridir?,x kucuktur 3 esitsizligini saglayan tam sayilar hangileridir,Mutlak Değer,"Mutlak değerde uzaklık mantığını, mutlak değer denklemlerini ve eşitsizliklerini tekrar etmelisin."
|-8| ile |8| değerleri eşit midir?,eksi 8 ile 8 degerleri esit midir,Mutlak Değer,"Mutlak değerde uzaklık mantığını, mutlak değer denklemlerini ve eşitsizliklerini tekrar etmelisin."
|2x|=10 ise x hangi değerleri alabilir?,2x esittir 10 ise x hangi degerleri alabilir,Mutlak Değer,"Mutlak değerde uzaklık mantığını, mutlak değer denklemlerini ve eşitsizliklerini tekrar etmelisin."
|x+1|=4 denkleminin çözüm değerleri nelerdir?,x arti 1 esittir 4 denkleminin cozum degerleri nelerdir,Mutlak Değer,"Mutlak değerde uzaklık mantığını, mutlak değer denklemlerini ve eşitsizliklerini tekrar etmelisin."
|5|-|-2| işleminin sonucu kaçtır?,5 eksi eksi 2 isleminin sonucu kactir,Mutlak Değer,"Mutlak değerde uzaklık mantığını, mutlak değer denklemlerini ve eşitsizliklerini tekrar etmelisin."
Mutlak Değer konusunda verilen matematiksel ifadede temel kural uygulanarak istenen değer nasıl bulunur? Örnek 1,mutlak deger konusunda verilen matematiksel ifadede temel kural uygulanarak istenen deger nasil bulunur ornek 1,Mutlak Değer,"Mutlak değerde uzaklık mantığını, mutlak değer denklemlerini ve eşitsizliklerini tekrar etmelisin."
Mutlak Değer konusunda verilen matematiksel ifadede temel kural uygulanarak istenen değer nasıl bulunur? Örnek 2,mutlak deger konusunda verilen matematiksel ifadede temel kural uygulanarak istenen deger nasil bulunur ornek 2,Mutlak Değer,"Mutlak değerde uzaklık mantığını, mutlak değer denklemlerini ve eşitsizliklerini tekrar etmelisin."
Mutlak Değer konusunda verilen matematiksel ifadede temel kural uygulanarak istenen değer nasıl bulunur? Örnek 3,mutlak deger konusunda verilen matematiksel ifadede temel kural uygulanarak istenen deger nasil bulunur ornek 3,Mutlak Değer,"Mutlak değerde uzaklık mantığını, mutlak değer denklemlerini ve eşitsizliklerini tekrar etmelisin."
Mutlak Değer konusunda verilen matematiksel ifadede temel kural uygulanarak istenen değer nasıl bulunur? Örnek 4,mutlak deger konusunda verilen matematiksel ifadede temel kural uygulanarak istenen deger nasil bulunur ornek 4,Mutlak Değer,"Mutlak değerde uzaklık mantığını, mutlak değer denklemlerini ve eşitsizliklerini tekrar etmelisin."
Mutlak Değer konusunda verilen matematiksel ifadede temel kural uygulanarak istenen değer nasıl bulunur? Örnek 5,mutlak deger konusunda verilen matematiksel ifadede temel kural uygulanarak istenen deger nasil bulunur ornek 5,Mutlak Değer,"Mutlak değerde uzaklık mantığını, mutlak değer denklemlerini ve eşitsizliklerini tekrar etmelisin."
Mutlak Değer konusunda verilen matematiksel ifadede temel kural uygulanarak istenen değer nasıl bulunur? Örnek 6,mutlak deger konusunda verilen matematiksel ifadede temel kural uygulanarak istenen deger nasil bulunur ornek 6,Mutlak Değer,"Mutlak değerde uzaklık mantığını, mutlak değer denklemlerini ve eşitsizliklerini tekrar etmelisin."
Mutlak Değer konusunda verilen matematiksel ifadede temel kural uygulanarak istenen değer nasıl bulunur? Örnek 7,mutlak deger konusunda verilen matematiksel ifadede temel kural uygulanarak istenen deger nasil bulunur ornek 7,Mutlak Değer,"Mutlak değerde uzaklık mantığını, mutlak değer denklemlerini ve eşitsizliklerini tekrar etmelisin."
Mutlak Değer konusunda verilen matematiksel ifadede temel kural uygulanarak istenen değer nasıl bulunur? Örnek 8,mutlak deger konusunda verilen matematiksel ifadede temel kural uygulanarak istenen deger nasil bulunur ornek 8,Mutlak Değer,"Mutlak değerde uzaklık mantığını, mutlak değer denklemlerini ve eşitsizliklerini tekrar etmelisin."
Mutlak Değer konusunda verilen matematiksel ifadede temel kural uygulanarak istenen değer nasıl bulunur? Örnek 9,mutlak deger konusunda verilen matematiksel ifadede temel kural uygulanarak istenen deger nasil bulunur ornek 9,Mutlak Değer,"Mutlak değerde uzaklık mantığını, mutlak değer denklemlerini ve eşitsizliklerini tekrar etmelisin."
Mutlak Değer konusunda verilen matematiksel ifadede temel kural uygulanarak istenen değer nasıl bulunur? Örnek 10,mutlak deger konusunda verilen matematiksel ifadede temel kural uygulanarak istenen deger nasil bulunur ornek 10,Mutlak Değer,"Mutlak değerde uzaklık mantığını, mutlak değer denklemlerini ve eşitsizliklerini tekrar etmelisin."
Mutlak Değer konusunda verilen matematiksel ifadede temel kural uygulanarak istenen değer nasıl bulunur? Örnek 11,mutlak deger konusunda verilen matematiksel ifadede temel kural uygulanarak istenen deger nasil bulunur ornek 11,Mutlak Değer,"Mutlak değerde uzaklık mantığını, mutlak değer denklemlerini ve eşitsizliklerini tekrar etmelisin."
Mutlak Değer konusunda verilen matematiksel ifadede temel kural uygulanarak istenen değer nasıl bulunur? Örnek 12,mutlak deger konusunda verilen matematiksel ifadede temel kural uygulanarak istenen deger nasil bulunur ornek 12,Mutlak Değer,"Mutlak değerde uzaklık mantığını, mutlak değer denklemlerini ve eşitsizliklerini tekrar etmelisin."
Mutlak Değer konusunda verilen matematiksel ifadede temel kural uygulanarak istenen değer nasıl bulunur? Örnek 13,mutlak deger konusunda verilen matematiksel ifadede temel kural uygulanarak istenen deger nasil bulunur ornek 13,Mutlak Değer,"Mutlak değerde uzaklık mantığını, mutlak değer denklemlerini ve eşitsizliklerini tekrar etmelisin."
Mutlak Değer konusunda verilen matematiksel ifadede temel kural uygulanarak istenen değer nasıl bulunur? Örnek 14,mutlak deger konusunda verilen matematiksel ifadede temel kural uygulanarak istenen deger nasil bulunur ornek 14,Mutlak Değer,"Mutlak değerde uzaklık mantığını, mutlak değer denklemlerini ve eşitsizliklerini tekrar etmelisin."
Mutlak Değer konusunda verilen matematiksel ifadede temel kural uygulanarak istenen değer nasıl bulunur? Örnek 15,mutlak deger konusunda verilen matematiksel ifadede temel kural uygulanarak istenen deger nasil bulunur ornek 15,Mutlak Değer,"Mutlak değerde uzaklık mantığını, mutlak değer denklemlerini ve eşitsizliklerini tekrar etmelisin."
Mutlak Değer konusunda verilen matematiksel ifadede temel kural uygulanarak istenen değer nasıl bulunur? Örnek 16,mutlak deger konusunda verilen matematiksel ifadede temel kural uygulanarak istenen deger nasil bulunur ornek 16,Mutlak Değer,"Mutlak değerde uzaklık mantığını, mutlak değer denklemlerini ve eşitsizliklerini tekrar etmelisin."
Mutlak Değer konusunda verilen matematiksel ifadede temel kural uygulanarak istenen değer nasıl bulunur? Örnek 17,mutlak deger konusunda verilen matematiksel ifadede temel kural uygulanarak istenen deger nasil bulunur ornek 17,Mutlak Değer,"Mutlak değerde uzaklık mantığını, mutlak değer denklemlerini ve eşitsizliklerini tekrar etmelisin."
Mutlak Değer konusunda verilen matematiksel ifadede temel kural uygulanarak istenen değer nasıl bulunur? Örnek 18,mutlak deger konusunda verilen matematiksel ifadede temel kural uygulanarak istenen deger nasil bulunur ornek 18,Mutlak Değer,"Mutlak değerde uzaklık mantığını, mutlak değer denklemlerini ve eşitsizliklerini tekrar etmelisin."
Mutlak Değer konusunda verilen matematiksel ifadede temel kural uygulanarak istenen değer nasıl bulunur? Örnek 19,mutlak deger konusunda verilen matematiksel ifadede temel kural uygulanarak istenen deger nasil bulunur ornek 19,Mutlak Değer,"Mutlak değerde uzaklık mantığını, mutlak değer denklemlerini ve eşitsizliklerini tekrar etmelisin."
Mutlak Değer konusunda verilen matematiksel ifadede temel kural uygulanarak istenen değer nasıl bulunur? Örnek 20,mutlak deger konusunda verilen matematiksel ifadede temel kural uygulanarak istenen deger nasil bulunur ornek 20,Mutlak Değer,"Mutlak değerde uzaklık mantığını, mutlak değer denklemlerini ve eşitsizliklerini tekrar etmelisin."
x kare eksi 9 ifadesi çarpanlarına nasıl ayrılır?,x kare eksi 9 ifadesi carpanlarina nasil ayrilir,Çarpanlara Ayırma,"Çarpanlara ayırmada ortak çarpan, iki kare farkı ve tam kare özdeşliklerini tekrar etmelisin."
x kare artı 5x ifadesinde ortak çarpan nedir?,x kare arti 5x ifadesinde ortak carpan nedir,Çarpanlara Ayırma,"Çarpanlara ayırmada ortak çarpan, iki kare farkı ve tam kare özdeşliklerini tekrar etmelisin."
a kare eksi b kare hangi özdeşlikle açılır?,a kare eksi b kare hangi ozdeslikle acilir,Çarpanlara Ayırma,"Çarpanlara ayırmada ortak çarpan, iki kare farkı ve tam kare özdeşliklerini tekrar etmelisin."
x kare artı 6x artı 9 ifadesi hangi tam kareye eşittir?,x kare arti 6x arti 9 ifadesi hangi tam kareye esittir,Çarpanlara Ayırma,"Çarpanlara ayırmada ortak çarpan, iki kare farkı ve tam kare özdeşliklerini tekrar etmelisin."
2x+2y ifadesinde ortak çarpan parantezine alma sonucu nedir?,2x arti 2y ifadesinde ortak carpan parantezine alma sonucu nedir,Çarpanlara Ayırma,"Çarpanlara ayırmada ortak çarpan, iki kare farkı ve tam kare özdeşliklerini tekrar etmelisin."
x kare eksi 4 ifadesinin çarpanları nelerdir?,x kare eksi 4 ifadesinin carpanlari nelerdir,Çarpanlara Ayırma,"Çarpanlara ayırmada ortak çarpan, iki kare farkı ve tam kare özdeşliklerini tekrar etmelisin."
3a+6 ifadesi ortak çarpanla nasıl yazılır?,3a arti 6 ifadesi ortak carpanla nasil yazilir,Çarpanlara Ayırma,"Çarpanlara ayırmada ortak çarpan, iki kare farkı ve tam kare özdeşliklerini tekrar etmelisin."
x kare artı 2x artı 1 ifadesi hangi çarpım biçimindedir?,x kare arti 2x arti 1 ifadesi hangi carpim bicimindedir,Çarpanlara Ayırma,"Çarpanlara ayırmada ortak çarpan, iki kare farkı ve tam kare özdeşliklerini tekrar etmelisin."
ab+ac ifadesinde ortak çarpan nedir?,ab arti ac ifadesinde ortak carpan nedir,Çarpanlara Ayırma,"Çarpanlara ayırmada ortak çarpan, iki kare farkı ve tam kare özdeşliklerini tekrar etmelisin."
4x kare eksi 25 ifadesi hangi iki çarpanın çarpımıdır?,4x kare eksi 25 ifadesi hangi iki carpanin carpimidir,Çarpanlara Ayırma,"Çarpanlara ayırmada ortak çarpan, iki kare farkı ve tam kare özdeşliklerini tekrar etmelisin."
Çarpanlara Ayırma konusunda verilen matematiksel ifadede temel kural uygulanarak istenen değer nasıl bulunur? Örnek 1,carpanlara ayirma konusunda verilen matematiksel ifadede temel kural uygulanarak istenen deger nasil bulunur ornek 1,Çarpanlara Ayırma,"Çarpanlara ayırmada ortak çarpan, iki kare farkı ve tam kare özdeşliklerini tekrar etmelisin."
Çarpanlara Ayırma konusunda verilen matematiksel ifadede temel kural uygulanarak istenen değer nasıl bulunur? Örnek 2,carpanlara ayirma konusunda verilen matematiksel ifadede temel kural uygulanarak istenen deger nasil bulunur ornek 2,Çarpanlara Ayırma,"Çarpanlara ayırmada ortak çarpan, iki kare farkı ve tam kare özdeşliklerini tekrar etmelisin."
Çarpanlara Ayırma konusunda verilen matematiksel ifadede temel kural uygulanarak istenen değer nasıl bulunur? Örnek 3,carpanlara ayirma konusunda verilen matematiksel ifadede temel kural uygulanarak istenen deger nasil bulunur ornek 3,Çarpanlara Ayırma,"Çarpanlara ayırmada ortak çarpan, iki kare farkı ve tam kare özdeşliklerini tekrar etmelisin."
Çarpanlara Ayırma konusunda verilen matematiksel ifadede temel kural uygulanarak istenen değer nasıl bulunur? Örnek 4,carpanlara ayirma konusunda verilen matematiksel ifadede temel kural uygulanarak istenen deger nasil bulunur ornek 4,Çarpanlara Ayırma,"Çarpanlara ayırmada ortak çarpan, iki kare farkı ve tam kare özdeşliklerini tekrar etmelisin."
Çarpanlara Ayırma konusunda verilen matematiksel ifadede temel kural uygulanarak istenen değer nasıl bulunur? Örnek 5,carpanlara ayirma konusunda verilen matematiksel ifadede temel kural uygulanarak istenen deger nasil bulunur ornek 5,Çarpanlara Ayırma,"Çarpanlara ayırmada ortak çarpan, iki kare farkı ve tam kare özdeşliklerini tekrar etmelisin."
Çarpanlara Ayırma konusunda verilen matematiksel ifadede temel kural uygulanarak istenen değer nasıl bulunur? Örnek 6,carpanlara ayirma konusunda verilen matematiksel ifadede temel kural uygulanarak istenen deger nasil bulunur ornek 6,Çarpanlara Ayırma,"Çarpanlara ayırmada ortak çarpan, iki kare farkı ve tam kare özdeşliklerini tekrar etmelisin."
Çarpanlara Ayırma konusunda verilen matematiksel ifadede temel kural uygulanarak istenen değer nasıl bulunur? Örnek 7,carpanlara ayirma konusunda verilen matematiksel ifadede temel kural uygulanarak istenen deger nasil bulunur ornek 7,Çarpanlara Ayırma,"Çarpanlara ayırmada ortak çarpan, iki kare farkı ve tam kare özdeşliklerini tekrar etmelisin."
Çarpanlara Ayırma konusunda verilen matematiksel ifadede temel kural uygulanarak istenen değer nasıl bulunur? Örnek 8,carpanlara ayirma konusunda verilen matematiksel ifadede temel kural uygulanarak istenen deger nasil bulunur ornek 8,Çarpanlara Ayırma,"Çarpanlara ayırmada ortak çarpan, iki kare farkı ve tam kare özdeşliklerini tekrar etmelisin."
Çarpanlara Ayırma konusunda verilen matematiksel ifadede temel kural uygulanarak istenen değer nasıl bulunur? Örnek 9,carpanlara ayirma konusunda verilen matematiksel ifadede temel kural uygulanarak istenen deger nasil bulunur ornek 9,Çarpanlara Ayırma,"Çarpanlara ayırmada ortak çarpan, iki kare farkı ve tam kare özdeşliklerini tekrar etmelisin."
Çarpanlara Ayırma konusunda verilen matematiksel ifadede temel kural uygulanarak istenen değer nasıl bulunur? Örnek 10,carpanlara ayirma konusunda verilen matematiksel ifadede temel kural uygulanarak istenen deger nasil bulunur ornek 10,Çarpanlara Ayırma,"Çarpanlara ayırmada ortak çarpan, iki kare farkı ve tam kare özdeşliklerini tekrar etmelisin."
Çarpanlara Ayırma konusunda verilen matematiksel ifadede temel kural uygulanarak istenen değer nasıl bulunur? Örnek 11,carpanlara ayirma konusunda verilen matematiksel ifadede temel kural uygulanarak istenen deger nasil bulunur ornek 11,Çarpanlara Ayırma,"Çarpanlara ayırmada ortak çarpan, iki kare farkı ve tam kare özdeşliklerini tekrar etmelisin."
Çarpanlara Ayırma konusunda verilen matematiksel ifadede temel kural uygulanarak istenen değer nasıl bulunur? Örnek 12,carpanlara ayirma konusunda verilen matematiksel ifadede temel kural uygulanarak istenen deger nasil bulunur ornek 12,Çarpanlara Ayırma,"Çarpanlara ayırmada ortak çarpan, iki kare farkı ve tam kare özdeşliklerini tekrar etmelisin."
Çarpanlara Ayırma konusunda verilen matematiksel ifadede temel kural uygulanarak istenen değer nasıl bulunur? Örnek 13,carpanlara ayirma konusunda verilen matematiksel ifadede temel kural uygulanarak istenen deger nasil bulunur ornek 13,Çarpanlara Ayırma,"Çarpanlara ayırmada ortak çarpan, iki kare farkı ve tam kare özdeşliklerini tekrar etmelisin."
Çarpanlara Ayırma konusunda verilen matematiksel ifadede temel kural uygulanarak istenen değer nasıl bulunur? Örnek 14,carpanlara ayirma konusunda verilen matematiksel ifadede temel kural uygulanarak istenen deger nasil bulunur ornek 14,Çarpanlara Ayırma,"Çarpanlara ayırmada ortak çarpan, iki kare farkı ve tam kare özdeşliklerini tekrar etmelisin."
Çarpanlara Ayırma konusunda verilen matematiksel ifadede temel kural uygulanarak istenen değer nasıl bulunur? Örnek 15,carpanlara ayirma konusunda verilen matematiksel ifadede temel kural uygulanarak istenen deger nasil bulunur ornek 15,Çarpanlara Ayırma,"Çarpanlara ayırmada ortak çarpan, iki kare farkı ve tam kare özdeşliklerini tekrar etmelisin."
Çarpanlara Ayırma konusunda verilen matematiksel ifadede temel kural uygulanarak istenen değer nasıl bulunur? Örnek 16,carpanlara ayirma konusunda verilen matematiksel ifadede temel kural uygulanarak istenen deger nasil bulunur ornek 16,Çarpanlara Ayırma,"Çarpanlara ayırmada ortak çarpan, iki kare farkı ve tam kare özdeşliklerini tekrar etmelisin."
Çarpanlara Ayırma konusunda verilen matematiksel ifadede temel kural uygulanarak istenen değer nasıl bulunur? Örnek 17,carpanlara ayirma konusunda verilen matematiksel ifadede temel kural uygulanarak istenen deger nasil bulunur ornek 17,Çarpanlara Ayırma,"Çarpanlara ayırmada ortak çarpan, iki kare farkı ve tam kare özdeşliklerini tekrar etmelisin."
Çarpanlara Ayırma konusunda verilen matematiksel ifadede temel kural uygulanarak istenen değer nasıl bulunur? Örnek 18,carpanlara ayirma konusunda verilen matematiksel ifadede temel kural uygulanarak istenen deger nasil bulunur ornek 18,Çarpanlara Ayırma,"Çarpanlara ayırmada ortak çarpan, iki kare farkı ve tam kare özdeşliklerini tekrar etmelisin."
Çarpanlara Ayırma konusunda verilen matematiksel ifadede temel kural uygulanarak istenen değer nasıl bulunur? Örnek 19,carpanlara ayirma konusunda verilen matematiksel ifadede temel kural uygulanarak istenen deger nasil bulunur ornek 19,Çarpanlara Ayırma,"Çarpanlara ayırmada ortak çarpan, iki kare farkı ve tam kare özdeşliklerini tekrar etmelisin."
Çarpanlara Ayırma konusunda verilen matematiksel ifadede temel kural uygulanarak istenen değer nasıl bulunur? Örnek 20,carpanlara ayirma konusunda verilen matematiksel ifadede temel kural uygulanarak istenen deger nasil bulunur ornek 20,Çarpanlara Ayırma,"Çarpanlara ayırmada ortak çarpan, iki kare farkı ve tam kare özdeşliklerini tekrar etmelisin."
"A={1,2,3} ve B={3,4,5} ise A kesişim B nedir?",a esittir 1 2 3 ve b esittir 3 4 5 ise a kesisim b nedir,Kümeler,"Kümelerde eleman, alt küme, birleşim, kesişim ve fark işlemlerini tekrar etmelisin."
"A={a,b,c} kümesinin eleman sayısı kaçtır?",a esittir a b c kumesinin eleman sayisi kactir,Kümeler,"Kümelerde eleman, alt küme, birleşim, kesişim ve fark işlemlerini tekrar etmelisin."
Boş kümenin eleman sayısı kaçtır?,bos kumenin eleman sayisi kactir,Kümeler,"Kümelerde eleman, alt küme, birleşim, kesişim ve fark işlemlerini tekrar etmelisin."
"A={1,2} kümesinin alt küme sayısı kaçtır?",a esittir 1 2 kumesinin alt kume sayisi kactir,Kümeler,"Kümelerde eleman, alt küme, birleşim, kesişim ve fark işlemlerini tekrar etmelisin."
A birleşim B işlemi hangi elemanları içerir?,a birlesim b islemi hangi elemanlari icerir,Kümeler,"Kümelerde eleman, alt küme, birleşim, kesişim ve fark işlemlerini tekrar etmelisin."
Evrensel küme kavramı neyi ifade eder?,evrensel kume kavrami neyi ifade eder,Kümeler,"Kümelerde eleman, alt küme, birleşim, kesişim ve fark işlemlerini tekrar etmelisin."
"A={2,4,6} kümesinde 4 eleman mıdır?",a esittir 2 4 6 kumesinde 4 eleman midir,Kümeler,"Kümelerde eleman, alt küme, birleşim, kesişim ve fark işlemlerini tekrar etmelisin."
"A={1,3,5} ve B={2,4} ise A ile B ayrık küme midir?",a esittir 1 3 5 ve b esittir 2 4 ise a ile b ayrik kume midir,Kümeler,"Kümelerde eleman, alt küme, birleşim, kesişim ve fark işlemlerini tekrar etmelisin."
Bir kümenin kendisi alt kümesi midir?,bir kumenin kendisi alt kumesi midir,Kümeler,"Kümelerde eleman, alt küme, birleşim, kesişim ve fark işlemlerini tekrar etmelisin."
A-B işlemi hangi elemanları gösterir?,a eksi b islemi hangi elemanlari gosterir,Kümeler,"Kümelerde eleman, alt küme, birleşim, kesişim ve fark işlemlerini tekrar etmelisin."
Kümeler konusunda verilen matematiksel ifadede temel kural uygulanarak istenen değer nasıl bulunur? Örnek 1,kumeler konusunda verilen matematiksel ifadede temel kural uygulanarak istenen deger nasil bulunur ornek 1,Kümeler,"Kümelerde eleman, alt küme, birleşim, kesişim ve fark işlemlerini tekrar etmelisin."
Kümeler konusunda verilen matematiksel ifadede temel kural uygulanarak istenen değer nasıl bulunur? Örnek 2,kumeler konusunda verilen matematiksel ifadede temel kural uygulanarak istenen deger nasil bulunur ornek 2,Kümeler,"Kümelerde eleman, alt küme, birleşim, kesişim ve fark işlemlerini tekrar etmelisin."
Kümeler konusunda verilen matematiksel ifadede temel kural uygulanarak istenen değer nasıl bulunur? Örnek 3,kumeler konusunda verilen matematiksel ifadede temel kural uygulanarak istenen deger nasil bulunur ornek 3,Kümeler,"Kümelerde eleman, alt küme, birleşim, kesişim ve fark işlemlerini tekrar etmelisin."
Kümeler konusunda verilen matematiksel ifadede temel kural uygulanarak istenen değer nasıl bulunur? Örnek 4,kumeler konusunda verilen matematiksel ifadede temel kural uygulanarak istenen deger nasil bulunur ornek 4,Kümeler,"Kümelerde eleman, alt küme, birleşim, kesişim ve fark işlemlerini tekrar etmelisin."
Kümeler konusunda verilen matematiksel ifadede temel kural uygulanarak istenen değer nasıl bulunur? Örnek 5,kumeler konusunda verilen matematiksel ifadede temel kural uygulanarak istenen deger nasil bulunur ornek 5,Kümeler,"Kümelerde eleman, alt küme, birleşim, kesişim ve fark işlemlerini tekrar etmelisin."
Kümeler konusunda verilen matematiksel ifadede temel kural uygulanarak istenen değer nasıl bulunur? Örnek 6,kumeler konusunda verilen matematiksel ifadede temel kural uygulanarak istenen deger nasil bulunur ornek 6,Kümeler,"Kümelerde eleman, alt küme, birleşim, kesişim ve fark işlemlerini tekrar etmelisin."
Kümeler konusunda verilen matematiksel ifadede temel kural uygulanarak istenen değer nasıl bulunur? Örnek 7,kumeler konusunda verilen matematiksel ifadede temel kural uygulanarak istenen deger nasil bulunur ornek 7,Kümeler,"Kümelerde eleman, alt küme, birleşim, kesişim ve fark işlemlerini tekrar etmelisin."
Kümeler konusunda verilen matematiksel ifadede temel kural uygulanarak istenen değer nasıl bulunur? Örnek 8,kumeler konusunda verilen matematiksel ifadede temel kural uygulanarak istenen deger nasil bulunur ornek 8,Kümeler,"Kümelerde eleman, alt küme, birleşim, kesişim ve fark işlemlerini tekrar etmelisin."
Kümeler konusunda verilen matematiksel ifadede temel kural uygulanarak istenen değer nasıl bulunur? Örnek 9,kumeler konusunda verilen matematiksel ifadede temel kural uygulanarak istenen deger nasil bulunur ornek 9,Kümeler,"Kümelerde eleman, alt küme, birleşim, kesişim ve fark işlemlerini tekrar etmelisin."
Kümeler konusunda verilen matematiksel ifadede temel kural uygulanarak istenen değer nasıl bulunur? Örnek 10,kumeler konusunda verilen matematiksel ifadede temel kural uygulanarak istenen deger nasil bulunur ornek 10,Kümeler,"Kümelerde eleman, alt küme, birleşim, kesişim ve fark işlemlerini tekrar etmelisin."
Kümeler konusunda verilen matematiksel ifadede temel kural uygulanarak istenen değer nasıl bulunur? Örnek 11,kumeler konusunda verilen matematiksel ifadede temel kural uygulanarak istenen deger nasil bulunur ornek 11,Kümeler,"Kümelerde eleman, alt küme, birleşim, kesişim ve fark işlemlerini tekrar etmelisin."
Kümeler konusunda verilen matematiksel ifadede temel kural uygulanarak istenen değer nasıl bulunur? Örnek 12,kumeler konusunda verilen matematiksel ifadede temel kural uygulanarak istenen deger nasil bulunur ornek 12,Kümeler,"Kümelerde eleman, alt küme, birleşim, kesişim ve fark işlemlerini tekrar etmelisin."
Kümeler konusunda verilen matematiksel ifadede temel kural uygulanarak istenen değer nasıl bulunur? Örnek 13,kumeler konusunda verilen matematiksel ifadede temel kural uygulanarak istenen deger nasil bulunur ornek 13,Kümeler,"Kümelerde eleman, alt küme, birleşim, kesişim ve fark işlemlerini tekrar etmelisin."
Kümeler konusunda verilen matematiksel ifadede temel kural uygulanarak istenen değer nasıl bulunur? Örnek 14,kumeler konusunda verilen matematiksel ifadede temel kural uygulanarak istenen deger nasil bulunur ornek 14,Kümeler,"Kümelerde eleman, alt küme, birleşim, kesişim ve fark işlemlerini tekrar etmelisin."
Kümeler konusunda verilen matematiksel ifadede temel kural uygulanarak istenen değer nasıl bulunur? Örnek 15,kumeler konusunda verilen matematiksel ifadede temel kural uygulanarak istenen deger nasil bulunur ornek 15,Kümeler,"Kümelerde eleman, alt küme, birleşim, kesişim ve fark işlemlerini tekrar etmelisin."
Kümeler konusunda verilen matematiksel ifadede temel kural uygulanarak istenen değer nasıl bulunur? Örnek 16,kumeler konusunda verilen matematiksel ifadede temel kural uygulanarak istenen deger nasil bulunur ornek 16,Kümeler,"Kümelerde eleman, alt küme, birleşim, kesişim ve fark işlemlerini tekrar etmelisin."
Kümeler konusunda verilen matematiksel ifadede temel kural uygulanarak istenen değer nasıl bulunur? Örnek 17,kumeler konusunda verilen matematiksel ifadede temel kural uygulanarak istenen deger nasil bulunur ornek 17,Kümeler,"Kümelerde eleman, alt küme, birleşim, kesişim ve fark işlemlerini tekrar etmelisin."
Kümeler konusunda verilen matematiksel ifadede temel kural uygulanarak istenen değer nasıl bulunur? Örnek 18,kumeler konusunda verilen matematiksel ifadede temel kural uygulanarak istenen deger nasil bulunur ornek 18,Kümeler,"Kümelerde eleman, alt küme, birleşim, kesişim ve fark işlemlerini tekrar etmelisin."
Kümeler konusunda verilen matematiksel ifadede temel kural uygulanarak istenen değer nasıl bulunur? Örnek 19,kumeler konusunda verilen matematiksel ifadede temel kural uygulanarak istenen deger nasil bulunur ornek 19,Kümeler,"Kümelerde eleman, alt küme, birleşim, kesişim ve fark işlemlerini tekrar etmelisin."
Kümeler konusunda verilen matematiksel ifadede temel kural uygulanarak istenen değer nasıl bulunur? Örnek 20,kumeler konusunda verilen matematiksel ifadede temel kural uygulanarak istenen deger nasil bulunur ornek 20,Kümeler,"Kümelerde eleman, alt küme, birleşim, kesişim ve fark işlemlerini tekrar etmelisin."
f(x)=2x+3 ise f(4) kaçtır?,f x esittir 2x arti 3 ise f 4 kactir,Fonksiyon,"Fonksiyonlarda değer bulma, bileşke mantığı ve fonksiyon tanımını tekrar etmelisin."
f(x)=x kare ise f(5) değeri kaçtır?,f x esittir x kare ise f 5 degeri kactir,Fonksiyon,"Fonksiyonlarda değer bulma, bileşke mantığı ve fonksiyon tanımını tekrar etmelisin."
f(x)=3x-1 fonksiyonunda f(2) kaçtır?,f x esittir 3x eksi 1 fonksiyonunda f 2 kactir,Fonksiyon,"Fonksiyonlarda değer bulma, bileşke mantığı ve fonksiyon tanımını tekrar etmelisin."
f(x)=x+7 ise f(a) ifadesi nedir?,f x esittir x arti 7 ise f a ifadesi nedir,Fonksiyon,"Fonksiyonlarda değer bulma, bileşke mantığı ve fonksiyon tanımını tekrar etmelisin."
f(x)=2x ve g(x)=x+1 ise f(g(2)) kaçtır?,f x esittir 2x ve g x esittir x arti 1 ise f g 2 kactir,Fonksiyon,"Fonksiyonlarda değer bulma, bileşke mantığı ve fonksiyon tanımını tekrar etmelisin."
f(x)=x-4 olduğuna göre f(10) kaçtır?,f x esittir x eksi 4 olduguna gore f 10 kactir,Fonksiyon,"Fonksiyonlarda değer bulma, bileşke mantığı ve fonksiyon tanımını tekrar etmelisin."
f(x)=5 ise bu fonksiyon sabit fonksiyon mudur?,f x esittir 5 ise bu fonksiyon sabit fonksiyon mudur,Fonksiyon,"Fonksiyonlarda değer bulma, bileşke mantığı ve fonksiyon tanımını tekrar etmelisin."
f(x)=x/2 ise f(8) kaçtır?,f x esittir x bolu 2 ise f 8 kactir,Fonksiyon,"Fonksiyonlarda değer bulma, bileşke mantığı ve fonksiyon tanımını tekrar etmelisin."
Bir fonksiyonda her x değerine kaç çıktı karşılık gelmelidir?,bir fonksiyonda her x degerine kac cikti karsilik gelmelidir,Fonksiyon,"Fonksiyonlarda değer bulma, bileşke mantığı ve fonksiyon tanımını tekrar etmelisin."
f(x)=x kare -1 ise f(3) kaçtır?,f x esittir x kare eksi 1 ise f 3 kactir,Fonksiyon,"Fonksiyonlarda değer bulma, bileşke mantığı ve fonksiyon tanımını tekrar etmelisin."
Fonksiyon konusunda verilen kurala göre değişken yerine değer yazılıp sonuç nasıl bulunur? Örnek 1,fonksiyon konusunda verilen kurala gore degisken yerine deger yazilip sonuc nasil bulunur ornek 1,Fonksiyon,"Fonksiyonlarda değer bulma, bileşke mantığı ve fonksiyon tanımını tekrar etmelisin."
Fonksiyon konusunda verilen kurala göre değişken yerine değer yazılıp sonuç nasıl bulunur? Örnek 2,fonksiyon konusunda verilen kurala gore degisken yerine deger yazilip sonuc nasil bulunur ornek 2,Fonksiyon,"Fonksiyonlarda değer bulma, bileşke mantığı ve fonksiyon tanımını tekrar etmelisin."
Fonksiyon konusunda verilen kurala göre değişken yerine değer yazılıp sonuç nasıl bulunur? Örnek 3,fonksiyon konusunda verilen kurala gore degisken yerine deger yazilip sonuc nasil bulunur ornek 3,Fonksiyon,"Fonksiyonlarda değer bulma, bileşke mantığı ve fonksiyon tanımını tekrar etmelisin."
Fonksiyon konusunda verilen kurala göre değişken yerine değer yazılıp sonuç nasıl bulunur? Örnek 4,fonksiyon konusunda verilen kurala gore degisken yerine deger yazilip sonuc nasil bulunur ornek 4,Fonksiyon,"Fonksiyonlarda değer bulma, bileşke mantığı ve fonksiyon tanımını tekrar etmelisin."
Fonksiyon konusunda verilen kurala göre değişken yerine değer yazılıp sonuç nasıl bulunur? Örnek 5,fonksiyon konusunda verilen kurala gore degisken yerine deger yazilip sonuc nasil bulunur ornek 5,Fonksiyon,"Fonksiyonlarda değer bulma, bileşke mantığı ve fonksiyon tanımını tekrar etmelisin."
Fonksiyon konusunda verilen kurala göre değişken yerine değer yazılıp sonuç nasıl bulunur? Örnek 6,fonksiyon konusunda verilen kurala gore degisken yerine deger yazilip sonuc nasil bulunur ornek 6,Fonksiyon,"Fonksiyonlarda değer bulma, bileşke mantığı ve fonksiyon tanımını tekrar etmelisin."
Fonksiyon konusunda verilen kurala göre değişken yerine değer yazılıp sonuç nasıl bulunur? Örnek 7,fonksiyon konusunda verilen kurala gore degisken yerine deger yazilip sonuc nasil bulunur ornek 7,Fonksiyon,"Fonksiyonlarda değer bulma, bileşke mantığı ve fonksiyon tanımını tekrar etmelisin."
Fonksiyon konusunda verilen kurala göre değişken yerine değer yazılıp sonuç nasıl bulunur? Örnek 8,fonksiyon konusunda verilen kurala gore degisken yerine deger yazilip sonuc nasil bulunur ornek 8,Fonksiyon,"Fonksiyonlarda değer bulma, bileşke mantığı ve fonksiyon tanımını tekrar etmelisin."
Fonksiyon konusunda verilen kurala göre değişken yerine değer yazılıp sonuç nasıl bulunur? Örnek 9,fonksiyon konusunda verilen kurala gore degisken yerine deger yazilip sonuc nasil bulunur ornek 9,Fonksiyon,"Fonksiyonlarda değer bulma, bileşke mantığı ve fonksiyon tanımını tekrar etmelisin."
Fonksiyon konusunda verilen kurala göre değişken yerine değer yazılıp sonuç nasıl bulunur? Örnek 10,fonksiyon konusunda verilen kurala gore degisken yerine deger yazilip sonuc nasil bulunur ornek 10,Fonksiyon,"Fonksiyonlarda değer bulma, bileşke mantığı ve fonksiyon tanımını tekrar etmelisin."
Fonksiyon konusunda verilen kurala göre değişken yerine değer yazılıp sonuç nasıl bulunur? Örnek 11,fonksiyon konusunda verilen kurala gore degisken yerine deger yazilip sonuc nasil bulunur ornek 11,Fonksiyon,"Fonksiyonlarda değer bulma, bileşke mantığı ve fonksiyon tanımını tekrar etmelisin."
Fonksiyon konusunda verilen kurala göre değişken yerine değer yazılıp sonuç nasıl bulunur? Örnek 12,fonksiyon konusunda verilen kurala gore degisken yerine deger yazilip sonuc nasil bulunur ornek 12,Fonksiyon,"Fonksiyonlarda değer bulma, bileşke mantığı ve fonksiyon tanımını tekrar etmelisin."
Fonksiyon konusunda verilen kurala göre değişken yerine değer yazılıp sonuç nasıl bulunur? Örnek 13,fonksiyon konusunda verilen kurala gore degisken yerine deger yazilip sonuc nasil bulunur ornek 13,Fonksiyon,"Fonksiyonlarda değer bulma, bileşke mantığı ve fonksiyon tanımını tekrar etmelisin."
Fonksiyon konusunda verilen kurala göre değişken yerine değer yazılıp sonuç nasıl bulunur? Örnek 14,fonksiyon konusunda verilen kurala gore degisken yerine deger yazilip sonuc nasil bulunur ornek 14,Fonksiyon,"Fonksiyonlarda değer bulma, bileşke mantığı ve fonksiyon tanımını tekrar etmelisin."
Fonksiyon konusunda verilen kurala göre değişken yerine değer yazılıp sonuç nasıl bulunur? Örnek 15,fonksiyon konusunda verilen kurala gore degisken yerine deger yazilip sonuc nasil bulunur ornek 15,Fonksiyon,"Fonksiyonlarda değer bulma, bileşke mantığı ve fonksiyon tanımını tekrar etmelisin."
Fonksiyon konusunda verilen kurala göre değişken yerine değer yazılıp sonuç nasıl bulunur? Örnek 16,fonksiyon konusunda verilen kurala gore degisken yerine deger yazilip sonuc nasil bulunur ornek 16,Fonksiyon,"Fonksiyonlarda değer bulma, bileşke mantığı ve fonksiyon tanımını tekrar etmelisin."
Fonksiyon konusunda verilen kurala göre değişken yerine değer yazılıp sonuç nasıl bulunur? Örnek 17,fonksiyon konusunda verilen kurala gore degisken yerine deger yazilip sonuc nasil bulunur ornek 17,Fonksiyon,"Fonksiyonlarda değer bulma, bileşke mantığı ve fonksiyon tanımını tekrar etmelisin."
Fonksiyon konusunda verilen kurala göre değişken yerine değer yazılıp sonuç nasıl bulunur? Örnek 18,fonksiyon konusunda verilen kurala gore degisken yerine deger yazilip sonuc nasil bulunur ornek 18,Fonksiyon,"Fonksiyonlarda değer bulma, bileşke mantığı ve fonksiyon tanımını tekrar etmelisin."
Fonksiyon konusunda verilen kurala göre değişken yerine değer yazılıp sonuç nasıl bulunur? Örnek 19,fonksiyon konusunda verilen kurala gore degisken yerine deger yazilip sonuc nasil bulunur ornek 19,Fonksiyon,"Fonksiyonlarda değer bulma, bileşke mantığı ve fonksiyon tanımını tekrar etmelisin."
Fonksiyon konusunda verilen kurala göre değişken yerine değer yazılıp sonuç nasıl bulunur? Örnek 20,fonksiyon konusunda verilen kurala gore degisken yerine deger yazilip sonuc nasil bulunur ornek 20,Fonksiyon,"Fonksiyonlarda değer bulma, bileşke mantığı ve fonksiyon tanımını tekrar etmelisin."
a işlem b = a+b+2 olarak tanımlanıyor. 3 işlem 4 kaçtır?,a islem b esittir a arti b arti 2 olarak tanimlaniyor carpi 3 islem 4 kactir,İşlem,Tanımlı işlemlerde verilen kuralı doğru uygulama ve değişken yerine değer yazma becerisini tekrar etmelisin.
x yıldız y = 2x-y ise 5 yıldız 3 kaçtır?,x yildiz y esittir 2x eksi y ise 5 yildiz 3 kactir,İşlem,Tanımlı işlemlerde verilen kuralı doğru uygulama ve değişken yerine değer yazma becerisini tekrar etmelisin.
a kare işlem b = a*b+1 ise 2 işlem 6 kaçtır?,a kare islem b esittir a carpi b arti 1 ise 2 islem 6 kactir,İşlem,Tanımlı işlemlerde verilen kuralı doğru uygulama ve değişken yerine değer yazma becerisini tekrar etmelisin.
m üçgen n = m-n+5 ise 8 üçgen 2 kaçtır?,m ucgen n esittir m eksi n arti 5 ise 8 ucgen 2 kactir,İşlem,Tanımlı işlemlerde verilen kuralı doğru uygulama ve değişken yerine değer yazma becerisini tekrar etmelisin.
x işlem y = xy olduğuna göre 4 işlem 7 kaçtır?,x islem y esittir xy olduguna gore 4 islem 7 kactir,İşlem,Tanımlı işlemlerde verilen kuralı doğru uygulama ve değişken yerine değer yazma becerisini tekrar etmelisin.
a işlem b = a kare + b ise 3 işlem 2 kaçtır?,a islem b esittir a kare arti b ise 3 islem 2 kactir,İşlem,Tanımlı işlemlerde verilen kuralı doğru uygulama ve değişken yerine değer yazma becerisini tekrar etmelisin.
x yıldız y = x+y ise 6 yıldız 9 kaçtır?,x yildiz y esittir x arti y ise 6 yildiz 9 kactir,İşlem,Tanımlı işlemlerde verilen kuralı doğru uygulama ve değişken yerine değer yazma becerisini tekrar etmelisin.
a işlem b = 3a-b ise 4 işlem 5 kaçtır?,a islem b esittir 3a eksi b ise 4 islem 5 kactir,İşlem,Tanımlı işlemlerde verilen kuralı doğru uygulama ve değişken yerine değer yazma becerisini tekrar etmelisin.
x işlem y = y-x ise 2 işlem 10 kaçtır?,x islem y esittir y eksi x ise 2 islem 10 kactir,İşlem,Tanımlı işlemlerde verilen kuralı doğru uygulama ve değişken yerine değer yazma becerisini tekrar etmelisin.
a işlem b = a/b ise 12 işlem 3 kaçtır?,a islem b esittir a bolu b ise 12 islem 3 kactir,İşlem,Tanımlı işlemlerde verilen kuralı doğru uygulama ve değişken yerine değer yazma becerisini tekrar etmelisin.
İşlem konusunda verilen kurala göre değişken yerine değer yazılıp sonuç nasıl bulunur? Örnek 1,i slem konusunda verilen kurala gore degisken yerine deger yazilip sonuc nasil bulunur ornek 1,İşlem,Tanımlı işlemlerde verilen kuralı doğru uygulama ve değişken yerine değer yazma becerisini tekrar etmelisin.
İşlem konusunda verilen kurala göre değişken yerine değer yazılıp sonuç nasıl bulunur? Örnek 2,i slem konusunda verilen kurala gore degisken yerine deger yazilip sonuc nasil bulunur ornek 2,İşlem,Tanımlı işlemlerde verilen kuralı doğru uygulama ve değişken yerine değer yazma becerisini tekrar etmelisin.
İşlem konusunda verilen kurala göre değişken yerine değer yazılıp sonuç nasıl bulunur? Örnek 3,i slem konusunda verilen kurala gore degisken yerine deger yazilip sonuc nasil bulunur ornek 3,İşlem,Tanımlı işlemlerde verilen kuralı doğru uygulama ve değişken yerine değer yazma becerisini tekrar etmelisin.
İşlem konusunda verilen kurala göre değişken yerine değer yazılıp sonuç nasıl bulunur? Örnek 4,i slem konusunda verilen kurala gore degisken yerine deger yazilip sonuc nasil bulunur ornek 4,İşlem,Tanımlı işlemlerde verilen kuralı doğru uygulama ve değişken yerine değer yazma becerisini tekrar etmelisin.
İşlem konusunda verilen kurala göre değişken yerine değer yazılıp sonuç nasıl bulunur? Örnek 5,i slem konusunda verilen kurala gore degisken yerine deger yazilip sonuc nasil bulunur ornek 5,İşlem,Tanımlı işlemlerde verilen kuralı doğru uygulama ve değişken yerine değer yazma becerisini tekrar etmelisin.
İşlem konusunda verilen kurala göre değişken yerine değer yazılıp sonuç nasıl bulunur? Örnek 6,i slem konusunda verilen kurala gore degisken yerine deger yazilip sonuc nasil bulunur ornek 6,İşlem,Tanımlı işlemlerde verilen kuralı doğru uygulama ve değişken yerine değer yazma becerisini tekrar etmelisin.
İşlem konusunda verilen kurala göre değişken yerine değer yazılıp sonuç nasıl bulunur? Örnek 7,i slem konusunda verilen kurala gore degisken yerine deger yazilip sonuc nasil bulunur ornek 7,İşlem,Tanımlı işlemlerde verilen kuralı doğru uygulama ve değişken yerine değer yazma becerisini tekrar etmelisin.
İşlem konusunda verilen kurala göre değişken yerine değer yazılıp sonuç nasıl bulunur? Örnek 8,i slem konusunda verilen kurala gore degisken yerine deger yazilip sonuc nasil bulunur ornek 8,İşlem,Tanımlı işlemlerde verilen kuralı doğru uygulama ve değişken yerine değer yazma becerisini tekrar etmelisin.
İşlem konusunda verilen kurala göre değişken yerine değer yazılıp sonuç nasıl bulunur? Örnek 9,i slem konusunda verilen kurala gore degisken yerine deger yazilip sonuc nasil bulunur ornek 9,İşlem,Tanımlı işlemlerde verilen kuralı doğru uygulama ve değişken yerine değer yazma becerisini tekrar etmelisin.
İşlem konusunda verilen kurala göre değişken yerine değer yazılıp sonuç nasıl bulunur? Örnek 10,i slem konusunda verilen kurala gore degisken yerine deger yazilip sonuc nasil bulunur ornek 10,İşlem,Tanımlı işlemlerde verilen kuralı doğru uygulama ve değişken yerine değer yazma becerisini tekrar etmelisin.
İşlem konusunda verilen kurala göre değişken yerine değer yazılıp sonuç nasıl bulunur? Örnek 11,i slem konusunda verilen kurala gore degisken yerine deger yazilip sonuc nasil bulunur ornek 11,İşlem,Tanımlı işlemlerde verilen kuralı doğru uygulama ve değişken yerine değer yazma becerisini tekrar etmelisin.
İşlem konusunda verilen kurala göre değişken yerine değer yazılıp sonuç nasıl bulunur? Örnek 12,i slem konusunda verilen kurala gore degisken yerine deger yazilip sonuc nasil bulunur ornek 12,İşlem,Tanımlı işlemlerde verilen kuralı doğru uygulama ve değişken yerine değer yazma becerisini tekrar etmelisin.
İşlem konusunda verilen kurala göre değişken yerine değer yazılıp sonuç nasıl bulunur? Örnek 13,i slem konusunda verilen kurala gore degisken yerine deger yazilip sonuc nasil bulunur ornek 13,İşlem,Tanımlı işlemlerde verilen kuralı doğru uygulama ve değişken yerine değer yazma becerisini tekrar etmelisin.
İşlem konusunda verilen kurala göre değişken yerine değer yazılıp sonuç nasıl bulunur? Örnek 14,i slem konusunda verilen kurala gore degisken yerine deger yazilip sonuc nasil bulunur ornek 14,İşlem,Tanımlı işlemlerde verilen kuralı doğru uygulama ve değişken yerine değer yazma becerisini tekrar etmelisin.
İşlem konusunda verilen kurala göre değişken yerine değer yazılıp sonuç nasıl bulunur? Örnek 15,i slem konusunda verilen kurala gore degisken yerine deger yazilip sonuc nasil bulunur ornek 15,İşlem,Tanımlı işlemlerde verilen kuralı doğru uygulama ve değişken yerine değer yazma becerisini tekrar etmelisin.
İşlem konusunda verilen kurala göre değişken yerine değer yazılıp sonuç nasıl bulunur? Örnek 16,i slem konusunda verilen kurala gore degisken yerine deger yazilip sonuc nasil bulunur ornek 16,İşlem,Tanımlı işlemlerde verilen kuralı doğru uygulama ve değişken yerine değer yazma becerisini tekrar etmelisin.
İşlem konusunda verilen kurala göre değişken yerine değer yazılıp sonuç nasıl bulunur? Örnek 17,i slem konusunda verilen kurala gore degisken yerine deger yazilip sonuc nasil bulunur ornek 17,İşlem,Tanımlı işlemlerde verilen kuralı doğru uygulama ve değişken yerine değer yazma becerisini tekrar etmelisin.
İşlem konusunda verilen kurala göre değişken yerine değer yazılıp sonuç nasıl bulunur? Örnek 18,i slem konusunda verilen kurala gore degisken yerine deger yazilip sonuc nasil bulunur ornek 18,İşlem,Tanımlı işlemlerde verilen kuralı doğru uygulama ve değişken yerine değer yazma becerisini tekrar etmelisin.
İşlem konusunda verilen kurala göre değişken yerine değer yazılıp sonuç nasıl bulunur? Örnek 19,i slem konusunda verilen kurala gore degisken yerine deger yazilip sonuc nasil bulunur ornek 19,İşlem,Tanımlı işlemlerde verilen kuralı doğru uygulama ve değişken yerine değer yazma becerisini tekrar etmelisin.
İşlem konusunda verilen kurala göre değişken yerine değer yazılıp sonuç nasıl bulunur? Örnek 20,i slem konusunda verilen kurala gore degisken yerine deger yazilip sonuc nasil bulunur ornek 20,İşlem,Tanımlı işlemlerde verilen kuralı doğru uygulama ve değişken yerine değer yazma becerisini tekrar etmelisin.
17 sayısının 5 ile bölümünden kalan kaçtır?,17 sayisinin 5 ile bolumunden kalan kactir,Modüler Aritmetik,"Modüler aritmetikte kalan bulma, mod gösterimi ve bölünebilme ilişkisini tekrar etmelisin."
23 mod 4 değeri kaçtır?,23 mod 4 degeri kactir,Modüler Aritmetik,"Modüler aritmetikte kalan bulma, mod gösterimi ve bölünebilme ilişkisini tekrar etmelisin."
Bir sayı 7 ile bölündüğünde kalan 3 ise bu sayı 7k+ kaç biçiminde yazılır?,bir sayi 7 ile bolundugunde kalan 3 ise bu sayi 7k arti kac biciminde yazilir,Modüler Aritmetik,"Modüler aritmetikte kalan bulma, mod gösterimi ve bölünebilme ilişkisini tekrar etmelisin."
12 mod 5 ile 19 mod 5 değerlerinin toplamı kaçtır?,12 mod 5 ile 19 mod 5 degerlerinin toplami kactir,Modüler Aritmetik,"Modüler aritmetikte kalan bulma, mod gösterimi ve bölünebilme ilişkisini tekrar etmelisin."
30 sayısının 6 ile bölümünden kalan kaçtır?,30 sayisinin 6 ile bolumunden kalan kactir,Modüler Aritmetik,"Modüler aritmetikte kalan bulma, mod gösterimi ve bölünebilme ilişkisini tekrar etmelisin."
45 mod 8 değeri kaçtır?,45 mod 8 degeri kactir,Modüler Aritmetik,"Modüler aritmetikte kalan bulma, mod gösterimi ve bölünebilme ilişkisini tekrar etmelisin."
Bir çift sayının 2 ile bölümünden kalan kaçtır?,bir cift sayinin 2 ile bolumunden kalan kactir,Modüler Aritmetik,"Modüler aritmetikte kalan bulma, mod gösterimi ve bölünebilme ilişkisini tekrar etmelisin."
10 mod 3 değeri kaçtır?,10 mod 3 degeri kactir,Modüler Aritmetik,"Modüler aritmetikte kalan bulma, mod gösterimi ve bölünebilme ilişkisini tekrar etmelisin."
28 sayısı 9 ile bölündüğünde kalan kaç olur?,28 sayisi 9 ile bolundugunde kalan kac olur,Modüler Aritmetik,"Modüler aritmetikte kalan bulma, mod gösterimi ve bölünebilme ilişkisini tekrar etmelisin."
Kalanı 0 olan sayılar için bölünebilme hakkında ne söylenebilir?,kalani 0 olan sayilar icin bolunebilme hakkinda ne soylenebilir,Modüler Aritmetik,"Modüler aritmetikte kalan bulma, mod gösterimi ve bölünebilme ilişkisini tekrar etmelisin."
Modüler Aritmetik konusunda verilen kurala göre değişken yerine değer yazılıp sonuç nasıl bulunur? Örnek 1,moduler aritmetik konusunda verilen kurala gore degisken yerine deger yazilip sonuc nasil bulunur ornek 1,Modüler Aritmetik,"Modüler aritmetikte kalan bulma, mod gösterimi ve bölünebilme ilişkisini tekrar etmelisin."
Modüler Aritmetik konusunda verilen kurala göre değişken yerine değer yazılıp sonuç nasıl bulunur? Örnek 2,moduler aritmetik konusunda verilen kurala gore degisken yerine deger yazilip sonuc nasil bulunur ornek 2,Modüler Aritmetik,"Modüler aritmetikte kalan bulma, mod gösterimi ve bölünebilme ilişkisini tekrar etmelisin."
Modüler Aritmetik konusunda verilen kurala göre değişken yerine değer yazılıp sonuç nasıl bulunur? Örnek 3,moduler aritmetik konusunda verilen kurala gore degisken yerine deger yazilip sonuc nasil bulunur ornek 3,Modüler Aritmetik,"Modüler aritmetikte kalan bulma, mod gösterimi ve bölünebilme ilişkisini tekrar etmelisin."
Modüler Aritmetik konusunda verilen kurala göre değişken yerine değer yazılıp sonuç nasıl bulunur? Örnek 4,moduler aritmetik konusunda verilen kurala gore degisken yerine deger yazilip sonuc nasil bulunur ornek 4,Modüler Aritmetik,"Modüler aritmetikte kalan bulma, mod gösterimi ve bölünebilme ilişkisini tekrar etmelisin."
Modüler Aritmetik konusunda verilen kurala göre değişken yerine değer yazılıp sonuç nasıl bulunur? Örnek 5,moduler aritmetik konusunda verilen kurala gore degisken yerine deger yazilip sonuc nasil bulunur ornek 5,Modüler Aritmetik,"Modüler aritmetikte kalan bulma, mod gösterimi ve bölünebilme ilişkisini tekrar etmelisin."
Modüler Aritmetik konusunda verilen kurala göre değişken yerine değer yazılıp sonuç nasıl bulunur? Örnek 6,moduler aritmetik konusunda verilen kurala gore degisken yerine deger yazilip sonuc nasil bulunur ornek 6,Modüler Aritmetik,"Modüler aritmetikte kalan bulma, mod gösterimi ve bölünebilme ilişkisini tekrar etmelisin."
Modüler Aritmetik konusunda verilen kurala göre değişken yerine değer yazılıp sonuç nasıl bulunur? Örnek 7,moduler aritmetik konusunda verilen kurala gore degisken yerine deger yazilip sonuc nasil bulunur ornek 7,Modüler Aritmetik,"Modüler aritmetikte kalan bulma, mod gösterimi ve bölünebilme ilişkisini tekrar etmelisin."
Modüler Aritmetik konusunda verilen kurala göre değişken yerine değer yazılıp sonuç nasıl bulunur? Örnek 8,moduler aritmetik konusunda verilen kurala gore degisken yerine deger yazilip sonuc nasil bulunur ornek 8,Modüler Aritmetik,"Modüler aritmetikte kalan bulma, mod gösterimi ve bölünebilme ilişkisini tekrar etmelisin."
Modüler Aritmetik konusunda verilen kurala göre değişken yerine değer yazılıp sonuç nasıl bulunur? Örnek 9,moduler aritmetik konusunda verilen kurala gore degisken yerine deger yazilip sonuc nasil bulunur ornek 9,Modüler Aritmetik,"Modüler aritmetikte kalan bulma, mod gösterimi ve bölünebilme ilişkisini tekrar etmelisin."
Modüler Aritmetik konusunda verilen kurala göre değişken yerine değer yazılıp sonuç nasıl bulunur? Örnek 10,moduler aritmetik konusunda verilen kurala gore degisken yerine deger yazilip sonuc nasil bulunur ornek 10,Modüler Aritmetik,"Modüler aritmetikte kalan bulma, mod gösterimi ve bölünebilme ilişkisini tekrar etmelisin."
Modüler Aritmetik konusunda verilen kurala göre değişken yerine değer yazılıp sonuç nasıl bulunur? Örnek 11,moduler aritmetik konusunda verilen kurala gore degisken yerine deger yazilip sonuc nasil bulunur ornek 11,Modüler Aritmetik,"Modüler aritmetikte kalan bulma, mod gösterimi ve bölünebilme ilişkisini tekrar etmelisin."
Modüler Aritmetik konusunda verilen kurala göre değişken yerine değer yazılıp sonuç nasıl bulunur? Örnek 12,moduler aritmetik konusunda verilen kurala gore degisken yerine deger yazilip sonuc nasil bulunur ornek 12,Modüler Aritmetik,"Modüler aritmetikte kalan bulma, mod gösterimi ve bölünebilme ilişkisini tekrar etmelisin."
Modüler Aritmetik konusunda verilen kurala göre değişken yerine değer yazılıp sonuç nasıl bulunur? Örnek 13,moduler aritmetik konusunda verilen kurala gore degisken yerine deger yazilip sonuc nasil bulunur ornek 13,Modüler Aritmetik,"Modüler aritmetikte kalan bulma, mod gösterimi ve bölünebilme ilişkisini tekrar etmelisin."
Modüler Aritmetik konusunda verilen kurala göre değişken yerine değer yazılıp sonuç nasıl bulunur? Örnek 14,moduler aritmetik konusunda verilen kurala gore degisken yerine deger yazilip sonuc nasil bulunur ornek 14,Modüler Aritmetik,"Modüler aritmetikte kalan bulma, mod gösterimi ve bölünebilme ilişkisini tekrar etmelisin."
Modüler Aritmetik konusunda verilen kurala göre değişken yerine değer yazılıp sonuç nasıl bulunur? Örnek 15,moduler aritmetik konusunda verilen kurala gore degisken yerine deger yazilip sonuc nasil bulunur ornek 15,Modüler Aritmetik,"Modüler aritmetikte kalan bulma, mod gösterimi ve bölünebilme ilişkisini tekrar etmelisin."
Modüler Aritmetik konusunda verilen kurala göre değişken yerine değer yazılıp sonuç nasıl bulunur? Örnek 16,moduler aritmetik konusunda verilen kurala gore degisken yerine deger yazilip sonuc nasil bulunur ornek 16,Modüler Aritmetik,"Modüler aritmetikte kalan bulma, mod gösterimi ve bölünebilme ilişkisini tekrar etmelisin."
Modüler Aritmetik konusunda verilen kurala göre değişken yerine değer yazılıp sonuç nasıl bulunur? Örnek 17,moduler aritmetik konusunda verilen kurala gore degisken yerine deger yazilip sonuc nasil bulunur ornek 17,Modüler Aritmetik,"Modüler aritmetikte kalan bulma, mod gösterimi ve bölünebilme ilişkisini tekrar etmelisin."
Modüler Aritmetik konusunda verilen kurala göre değişken yerine değer yazılıp sonuç nasıl bulunur? Örnek 18,moduler aritmetik konusunda verilen kurala gore degisken yerine deger yazilip sonuc nasil bulunur ornek 18,Modüler Aritmetik,"Modüler aritmetikte kalan bulma, mod gösterimi ve bölünebilme ilişkisini tekrar etmelisin."
Modüler Aritmetik konusunda verilen kurala göre değişken yerine değer yazılıp sonuç nasıl bulunur? Örnek 19,moduler aritmetik konusunda verilen kurala gore degisken yerine deger yazilip sonuc nasil bulunur ornek 19,Modüler Aritmetik,"Modüler aritmetikte kalan bulma, mod gösterimi ve bölünebilme ilişkisini tekrar etmelisin."
Modüler Aritmetik konusunda verilen kurala göre değişken yerine değer yazılıp sonuç nasıl bulunur? Örnek 20,moduler aritmetik konusunda verilen kurala gore degisken yerine deger yazilip sonuc nasil bulunur ornek 20,Modüler Aritmetik,"Modüler aritmetikte kalan bulma, mod gösterimi ve bölünebilme ilişkisini tekrar etmelisin."
5 farklı kitap bir rafa kaç farklı şekilde dizilir?,5 farkli kitap bir rafa kac farkli sekilde dizilir,Permütasyon,Permütasyonda sıralamanın önemli olduğu durumları ve faktöriyel kullanımını tekrar etmelisin.
4 kişi yan yana kaç farklı şekilde sıralanabilir?,4 kisi yan yana kac farkli sekilde siralanabilir,Permütasyon,Permütasyonda sıralamanın önemli olduğu durumları ve faktöriyel kullanımını tekrar etmelisin.
6 kişiden 3'ü sıralı olarak seçilecekse kaç farklı seçim olur?,6 kisiden 3 u sirali olarak secilecekse kac farkli secim olur,Permütasyon,Permütasyonda sıralamanın önemli olduğu durumları ve faktöriyel kullanımını tekrar etmelisin.
"A, B, C harfleri kaç farklı şekilde dizilebilir?",a b c harfleri kac farkli sekilde dizilebilir,Permütasyon,Permütasyonda sıralamanın önemli olduğu durumları ve faktöriyel kullanımını tekrar etmelisin.
3 farklı renkli kalem yan yana kaç farklı sırayla dizilir?,3 farkli renkli kalem yan yana kac farkli sirayla dizilir,Permütasyon,Permütasyonda sıralamanın önemli olduğu durumları ve faktöriyel kullanımını tekrar etmelisin.
7 öğrenciden başkan ve başkan yardımcısı kaç farklı şekilde seçilir?,7 ogrenciden baskan ve baskan yardimcisi kac farkli sekilde secilir,Permütasyon,Permütasyonda sıralamanın önemli olduğu durumları ve faktöriyel kullanımını tekrar etmelisin.
n elemanlı bir kümenin tüm elemanları sıralanırsa kaç düzenleme olur?,n elemanli bir kumenin tum elemanlari siralanirsa kac duzenleme olur,Permütasyon,Permütasyonda sıralamanın önemli olduğu durumları ve faktöriyel kullanımını tekrar etmelisin.
5 kişilik sırada ilk iki yer kaç farklı şekilde doldurulur?,5 kisilik sirada ilk iki yer kac farkli sekilde doldurulur,Permütasyon,Permütasyonda sıralamanın önemli olduğu durumları ve faktöriyel kullanımını tekrar etmelisin.
Rakamları farklı 3 basamaklı kaç sayı yazılabilir?,rakamlari farkli 3 basamakli kac sayi yazilabilir,Permütasyon,Permütasyonda sıralamanın önemli olduğu durumları ve faktöriyel kullanımını tekrar etmelisin.
4 yarışmacı birincilik ve ikincilik için kaç farklı sonuç oluşturur?,4 yarismaci birincilik ve ikincilik icin kac farkli sonuc olusturur,Permütasyon,Permütasyonda sıralamanın önemli olduğu durumları ve faktöriyel kullanımını tekrar etmelisin.
"Permütasyon konusunda verilen seçim, sıralama veya olasılık durumunda uygun yöntem kullanılarak sonuç nasıl hesaplanır? Örnek 1",permutasyon konusunda verilen secim siralama veya olasilik durumunda uygun yontem kullanilarak sonuc nasil hesaplanir ornek 1,Permütasyon,Permütasyonda sıralamanın önemli olduğu durumları ve faktöriyel kullanımını tekrar etmelisin.
"Permütasyon konusunda verilen seçim, sıralama veya olasılık durumunda uygun yöntem kullanılarak sonuç nasıl hesaplanır? Örnek 2",permutasyon konusunda verilen secim siralama veya olasilik durumunda uygun yontem kullanilarak sonuc nasil hesaplanir ornek 2,Permütasyon,Permütasyonda sıralamanın önemli olduğu durumları ve faktöriyel kullanımını tekrar etmelisin.
"Permütasyon konusunda verilen seçim, sıralama veya olasılık durumunda uygun yöntem kullanılarak sonuç nasıl hesaplanır? Örnek 3",permutasyon konusunda verilen secim siralama veya olasilik durumunda uygun yontem kullanilarak sonuc nasil hesaplanir ornek 3,Permütasyon,Permütasyonda sıralamanın önemli olduğu durumları ve faktöriyel kullanımını tekrar etmelisin.
"Permütasyon konusunda verilen seçim, sıralama veya olasılık durumunda uygun yöntem kullanılarak sonuç nasıl hesaplanır? Örnek 4",permutasyon konusunda verilen secim siralama veya olasilik durumunda uygun yontem kullanilarak sonuc nasil hesaplanir ornek 4,Permütasyon,Permütasyonda sıralamanın önemli olduğu durumları ve faktöriyel kullanımını tekrar etmelisin.
"Permütasyon konusunda verilen seçim, sıralama veya olasılık durumunda uygun yöntem kullanılarak sonuç nasıl hesaplanır? Örnek 5",permutasyon konusunda verilen secim siralama veya olasilik durumunda uygun yontem kullanilarak sonuc nasil hesaplanir ornek 5,Permütasyon,Permütasyonda sıralamanın önemli olduğu durumları ve faktöriyel kullanımını tekrar etmelisin.
"Permütasyon konusunda verilen seçim, sıralama veya olasılık durumunda uygun yöntem kullanılarak sonuç nasıl hesaplanır? Örnek 6",permutasyon konusunda verilen secim siralama veya olasilik durumunda uygun yontem kullanilarak sonuc nasil hesaplanir ornek 6,Permütasyon,Permütasyonda sıralamanın önemli olduğu durumları ve faktöriyel kullanımını tekrar etmelisin.
"Permütasyon konusunda verilen seçim, sıralama veya olasılık durumunda uygun yöntem kullanılarak sonuç nasıl hesaplanır? Örnek 7",permutasyon konusunda verilen secim siralama veya olasilik durumunda uygun yontem kullanilarak sonuc nasil hesaplanir ornek 7,Permütasyon,Permütasyonda sıralamanın önemli olduğu durumları ve faktöriyel kullanımını tekrar etmelisin.
"Permütasyon konusunda verilen seçim, sıralama veya olasılık durumunda uygun yöntem kullanılarak sonuç nasıl hesaplanır? Örnek 8",permutasyon konusunda verilen secim siralama veya olasilik durumunda uygun yontem kullanilarak sonuc nasil hesaplanir ornek 8,Permütasyon,Permütasyonda sıralamanın önemli olduğu durumları ve faktöriyel kullanımını tekrar etmelisin.
"Permütasyon konusunda verilen seçim, sıralama veya olasılık durumunda uygun yöntem kullanılarak sonuç nasıl hesaplanır? Örnek 9",permutasyon konusunda verilen secim siralama veya olasilik durumunda uygun yontem kullanilarak sonuc nasil hesaplanir ornek 9,Permütasyon,Permütasyonda sıralamanın önemli olduğu durumları ve faktöriyel kullanımını tekrar etmelisin.
"Permütasyon konusunda verilen seçim, sıralama veya olasılık durumunda uygun yöntem kullanılarak sonuç nasıl hesaplanır? Örnek 10",permutasyon konusunda verilen secim siralama veya olasilik durumunda uygun yontem kullanilarak sonuc nasil hesaplanir ornek 10,Permütasyon,Permütasyonda sıralamanın önemli olduğu durumları ve faktöriyel kullanımını tekrar etmelisin.
"Permütasyon konusunda verilen seçim, sıralama veya olasılık durumunda uygun yöntem kullanılarak sonuç nasıl hesaplanır? Örnek 11",permutasyon konusunda verilen secim siralama veya olasilik durumunda uygun yontem kullanilarak sonuc nasil hesaplanir ornek 11,Permütasyon,Permütasyonda sıralamanın önemli olduğu durumları ve faktöriyel kullanımını tekrar etmelisin.
"Permütasyon konusunda verilen seçim, sıralama veya olasılık durumunda uygun yöntem kullanılarak sonuç nasıl hesaplanır? Örnek 12",permutasyon konusunda verilen secim siralama veya olasilik durumunda uygun yontem kullanilarak sonuc nasil hesaplanir ornek 12,Permütasyon,Permütasyonda sıralamanın önemli olduğu durumları ve faktöriyel kullanımını tekrar etmelisin.
"Permütasyon konusunda verilen seçim, sıralama veya olasılık durumunda uygun yöntem kullanılarak sonuç nasıl hesaplanır? Örnek 13",permutasyon konusunda verilen secim siralama veya olasilik durumunda uygun yontem kullanilarak sonuc nasil hesaplanir ornek 13,Permütasyon,Permütasyonda sıralamanın önemli olduğu durumları ve faktöriyel kullanımını tekrar etmelisin.
"Permütasyon konusunda verilen seçim, sıralama veya olasılık durumunda uygun yöntem kullanılarak sonuç nasıl hesaplanır? Örnek 14",permutasyon konusunda verilen secim siralama veya olasilik durumunda uygun yontem kullanilarak sonuc nasil hesaplanir ornek 14,Permütasyon,Permütasyonda sıralamanın önemli olduğu durumları ve faktöriyel kullanımını tekrar etmelisin.
"Permütasyon konusunda verilen seçim, sıralama veya olasılık durumunda uygun yöntem kullanılarak sonuç nasıl hesaplanır? Örnek 15",permutasyon konusunda verilen secim siralama veya olasilik durumunda uygun yontem kullanilarak sonuc nasil hesaplanir ornek 15,Permütasyon,Permütasyonda sıralamanın önemli olduğu durumları ve faktöriyel kullanımını tekrar etmelisin.
"Permütasyon konusunda verilen seçim, sıralama veya olasılık durumunda uygun yöntem kullanılarak sonuç nasıl hesaplanır? Örnek 16",permutasyon konusunda verilen secim siralama veya olasilik durumunda uygun yontem kullanilarak sonuc nasil hesaplanir ornek 16,Permütasyon,Permütasyonda sıralamanın önemli olduğu durumları ve faktöriyel kullanımını tekrar etmelisin.
"Permütasyon konusunda verilen seçim, sıralama veya olasılık durumunda uygun yöntem kullanılarak sonuç nasıl hesaplanır? Örnek 17",permutasyon konusunda verilen secim siralama veya olasilik durumunda uygun yontem kullanilarak sonuc nasil hesaplanir ornek 17,Permütasyon,Permütasyonda sıralamanın önemli olduğu durumları ve faktöriyel kullanımını tekrar etmelisin.
"Permütasyon konusunda verilen seçim, sıralama veya olasılık durumunda uygun yöntem kullanılarak sonuç nasıl hesaplanır? Örnek 18",permutasyon konusunda verilen secim siralama veya olasilik durumunda uygun yontem kullanilarak sonuc nasil hesaplanir ornek 18,Permütasyon,Permütasyonda sıralamanın önemli olduğu durumları ve faktöriyel kullanımını tekrar etmelisin.
"Permütasyon konusunda verilen seçim, sıralama veya olasılık durumunda uygun yöntem kullanılarak sonuç nasıl hesaplanır? Örnek 19",permutasyon konusunda verilen secim siralama veya olasilik durumunda uygun yontem kullanilarak sonuc nasil hesaplanir ornek 19,Permütasyon,Permütasyonda sıralamanın önemli olduğu durumları ve faktöriyel kullanımını tekrar etmelisin.
"Permütasyon konusunda verilen seçim, sıralama veya olasılık durumunda uygun yöntem kullanılarak sonuç nasıl hesaplanır? Örnek 20",permutasyon konusunda verilen secim siralama veya olasilik durumunda uygun yontem kullanilarak sonuc nasil hesaplanir ornek 20,Permütasyon,Permütasyonda sıralamanın önemli olduğu durumları ve faktöriyel kullanımını tekrar etmelisin.
5 kişiden 2 kişi kaç farklı şekilde seçilir?,5 kisiden 2 kisi kac farkli sekilde secilir,Kombinasyon,Kombinasyonda sıralamanın önemsiz olduğu seçim problemlerini ve nCr mantığını tekrar etmelisin.
6 elemanlı bir kümeden 3 elemanlı kaç alt küme seçilir?,6 elemanli bir kumeden 3 elemanli kac alt kume secilir,Kombinasyon,Kombinasyonda sıralamanın önemsiz olduğu seçim problemlerini ve nCr mantığını tekrar etmelisin.
Bir sınıftan 4 öğrenci arasından 2 temsilci kaç farklı şekilde seçilir?,bir siniftan 4 ogrenci arasindan 2 temsilci kac farkli sekilde secilir,Kombinasyon,Kombinasyonda sıralamanın önemsiz olduğu seçim problemlerini ve nCr mantığını tekrar etmelisin.
7 sorudan 3 soru seçilecekse kaç farklı seçim yapılır?,7 sorudan 3 soru secilecekse kac farkli secim yapilir,Kombinasyon,Kombinasyonda sıralamanın önemsiz olduğu seçim problemlerini ve nCr mantığını tekrar etmelisin.
8 kişilik ekipten 5 kişi kaç farklı şekilde seçilir?,8 kisilik ekipten 5 kisi kac farkli sekilde secilir,Kombinasyon,Kombinasyonda sıralamanın önemsiz olduğu seçim problemlerini ve nCr mantığını tekrar etmelisin.
Sıralama önemli değilse hangi sayma yöntemi kullanılır?,siralama onemli degilse hangi sayma yontemi kullanilir,Kombinasyon,Kombinasyonda sıralamanın önemsiz olduğu seçim problemlerini ve nCr mantığını tekrar etmelisin.
10 farklı kitaptan 2 kitap kaç farklı şekilde seçilir?,10 farkli kitaptan 2 kitap kac farkli sekilde secilir,Kombinasyon,Kombinasyonda sıralamanın önemsiz olduğu seçim problemlerini ve nCr mantığını tekrar etmelisin.
4 kişiden 4 kişi seçmenin kaç farklı yolu vardır?,4 kisiden 4 kisi secmenin kac farkli yolu vardir,Kombinasyon,Kombinasyonda sıralamanın önemsiz olduğu seçim problemlerini ve nCr mantığını tekrar etmelisin.
6 meyveden 1 meyve seçimi kaç farklıdır?,6 meyveden 1 meyve secimi kac farklidir,Kombinasyon,Kombinasyonda sıralamanın önemsiz olduğu seçim problemlerini ve nCr mantığını tekrar etmelisin.
Bir torbadan 3 farklı bilye seçme sayısı hangi kombinasyonla bulunur?,bir torbadan 3 farkli bilye secme sayisi hangi kombinasyonla bulunur,Kombinasyon,Kombinasyonda sıralamanın önemsiz olduğu seçim problemlerini ve nCr mantığını tekrar etmelisin.
"Kombinasyon konusunda verilen seçim, sıralama veya olasılık durumunda uygun yöntem kullanılarak sonuç nasıl hesaplanır? Örnek 1",kombinasyon konusunda verilen secim siralama veya olasilik durumunda uygun yontem kullanilarak sonuc nasil hesaplanir ornek 1,Kombinasyon,Kombinasyonda sıralamanın önemsiz olduğu seçim problemlerini ve nCr mantığını tekrar etmelisin.
"Kombinasyon konusunda verilen seçim, sıralama veya olasılık durumunda uygun yöntem kullanılarak sonuç nasıl hesaplanır? Örnek 2",kombinasyon konusunda verilen secim siralama veya olasilik durumunda uygun yontem kullanilarak sonuc nasil hesaplanir ornek 2,Kombinasyon,Kombinasyonda sıralamanın önemsiz olduğu seçim problemlerini ve nCr mantığını tekrar etmelisin.
"Kombinasyon konusunda verilen seçim, sıralama veya olasılık durumunda uygun yöntem kullanılarak sonuç nasıl hesaplanır? Örnek 3",kombinasyon konusunda verilen secim siralama veya olasilik durumunda uygun yontem kullanilarak sonuc nasil hesaplanir ornek 3,Kombinasyon,Kombinasyonda sıralamanın önemsiz olduğu seçim problemlerini ve nCr mantığını tekrar etmelisin.
"Kombinasyon konusunda verilen seçim, sıralama veya olasılık durumunda uygun yöntem kullanılarak sonuç nasıl hesaplanır? Örnek 4",kombinasyon konusunda verilen secim siralama veya olasilik durumunda uygun yontem kullanilarak sonuc nasil hesaplanir ornek 4,Kombinasyon,Kombinasyonda sıralamanın önemsiz olduğu seçim problemlerini ve nCr mantığını tekrar etmelisin.
"Kombinasyon konusunda verilen seçim, sıralama veya olasılık durumunda uygun yöntem kullanılarak sonuç nasıl hesaplanır? Örnek 5",kombinasyon konusunda verilen secim siralama veya olasilik durumunda uygun yontem kullanilarak sonuc nasil hesaplanir ornek 5,Kombinasyon,Kombinasyonda sıralamanın önemsiz olduğu seçim problemlerini ve nCr mantığını tekrar etmelisin.
"Kombinasyon konusunda verilen seçim, sıralama veya olasılık durumunda uygun yöntem kullanılarak sonuç nasıl hesaplanır? Örnek 6",kombinasyon konusunda verilen secim siralama veya olasilik durumunda uygun yontem kullanilarak sonuc nasil hesaplanir ornek 6,Kombinasyon,Kombinasyonda sıralamanın önemsiz olduğu seçim problemlerini ve nCr mantığını tekrar etmelisin.
"Kombinasyon konusunda verilen seçim, sıralama veya olasılık durumunda uygun yöntem kullanılarak sonuç nasıl hesaplanır? Örnek 7",kombinasyon konusunda verilen secim siralama veya olasilik durumunda uygun yontem kullanilarak sonuc nasil hesaplanir ornek 7,Kombinasyon,Kombinasyonda sıralamanın önemsiz olduğu seçim problemlerini ve nCr mantığını tekrar etmelisin.
"Kombinasyon konusunda verilen seçim, sıralama veya olasılık durumunda uygun yöntem kullanılarak sonuç nasıl hesaplanır? Örnek 8",kombinasyon konusunda verilen secim siralama veya olasilik durumunda uygun yontem kullanilarak sonuc nasil hesaplanir ornek 8,Kombinasyon,Kombinasyonda sıralamanın önemsiz olduğu seçim problemlerini ve nCr mantığını tekrar etmelisin.
"Kombinasyon konusunda verilen seçim, sıralama veya olasılık durumunda uygun yöntem kullanılarak sonuç nasıl hesaplanır? Örnek 9",kombinasyon konusunda verilen secim siralama veya olasilik durumunda uygun yontem kullanilarak sonuc nasil hesaplanir ornek 9,Kombinasyon,Kombinasyonda sıralamanın önemsiz olduğu seçim problemlerini ve nCr mantığını tekrar etmelisin.
"Kombinasyon konusunda verilen seçim, sıralama veya olasılık durumunda uygun yöntem kullanılarak sonuç nasıl hesaplanır? Örnek 10",kombinasyon konusunda verilen secim siralama veya olasilik durumunda uygun yontem kullanilarak sonuc nasil hesaplanir ornek 10,Kombinasyon,Kombinasyonda sıralamanın önemsiz olduğu seçim problemlerini ve nCr mantığını tekrar etmelisin.
"Kombinasyon konusunda verilen seçim, sıralama veya olasılık durumunda uygun yöntem kullanılarak sonuç nasıl hesaplanır? Örnek 11",kombinasyon konusunda verilen secim siralama veya olasilik durumunda uygun yontem kullanilarak sonuc nasil hesaplanir ornek 11,Kombinasyon,Kombinasyonda sıralamanın önemsiz olduğu seçim problemlerini ve nCr mantığını tekrar etmelisin.
"Kombinasyon konusunda verilen seçim, sıralama veya olasılık durumunda uygun yöntem kullanılarak sonuç nasıl hesaplanır? Örnek 12",kombinasyon konusunda verilen secim siralama veya olasilik durumunda uygun yontem kullanilarak sonuc nasil hesaplanir ornek 12,Kombinasyon,Kombinasyonda sıralamanın önemsiz olduğu seçim problemlerini ve nCr mantığını tekrar etmelisin.
"Kombinasyon konusunda verilen seçim, sıralama veya olasılık durumunda uygun yöntem kullanılarak sonuç nasıl hesaplanır? Örnek 13",kombinasyon konusunda verilen secim siralama veya olasilik durumunda uygun yontem kullanilarak sonuc nasil hesaplanir ornek 13,Kombinasyon,Kombinasyonda sıralamanın önemsiz olduğu seçim problemlerini ve nCr mantığını tekrar etmelisin.
"Kombinasyon konusunda verilen seçim, sıralama veya olasılık durumunda uygun yöntem kullanılarak sonuç nasıl hesaplanır? Örnek 14",kombinasyon konusunda verilen secim siralama veya olasilik durumunda uygun yontem kullanilarak sonuc nasil hesaplanir ornek 14,Kombinasyon,Kombinasyonda sıralamanın önemsiz olduğu seçim problemlerini ve nCr mantığını tekrar etmelisin.
"Kombinasyon konusunda verilen seçim, sıralama veya olasılık durumunda uygun yöntem kullanılarak sonuç nasıl hesaplanır? Örnek 15",kombinasyon konusunda verilen secim siralama veya olasilik durumunda uygun yontem kullanilarak sonuc nasil hesaplanir ornek 15,Kombinasyon,Kombinasyonda sıralamanın önemsiz olduğu seçim problemlerini ve nCr mantığını tekrar etmelisin.
"Kombinasyon konusunda verilen seçim, sıralama veya olasılık durumunda uygun yöntem kullanılarak sonuç nasıl hesaplanır? Örnek 16",kombinasyon konusunda verilen secim siralama veya olasilik durumunda uygun yontem kullanilarak sonuc nasil hesaplanir ornek 16,Kombinasyon,Kombinasyonda sıralamanın önemsiz olduğu seçim problemlerini ve nCr mantığını tekrar etmelisin.
"Kombinasyon konusunda verilen seçim, sıralama veya olasılık durumunda uygun yöntem kullanılarak sonuç nasıl hesaplanır? Örnek 17",kombinasyon konusunda verilen secim siralama veya olasilik durumunda uygun yontem kullanilarak sonuc nasil hesaplanir ornek 17,Kombinasyon,Kombinasyonda sıralamanın önemsiz olduğu seçim problemlerini ve nCr mantığını tekrar etmelisin.
"Kombinasyon konusunda verilen seçim, sıralama veya olasılık durumunda uygun yöntem kullanılarak sonuç nasıl hesaplanır? Örnek 18",kombinasyon konusunda verilen secim siralama veya olasilik durumunda uygun yontem kullanilarak sonuc nasil hesaplanir ornek 18,Kombinasyon,Kombinasyonda sıralamanın önemsiz olduğu seçim problemlerini ve nCr mantığını tekrar etmelisin.
"Kombinasyon konusunda verilen seçim, sıralama veya olasılık durumunda uygun yöntem kullanılarak sonuç nasıl hesaplanır? Örnek 19",kombinasyon konusunda verilen secim siralama veya olasilik durumunda uygun yontem kullanilarak sonuc nasil hesaplanir ornek 19,Kombinasyon,Kombinasyonda sıralamanın önemsiz olduğu seçim problemlerini ve nCr mantığını tekrar etmelisin.
"Kombinasyon konusunda verilen seçim, sıralama veya olasılık durumunda uygun yöntem kullanılarak sonuç nasıl hesaplanır? Örnek 20",kombinasyon konusunda verilen secim siralama veya olasilik durumunda uygun yontem kullanilarak sonuc nasil hesaplanir ornek 20,Kombinasyon,Kombinasyonda sıralamanın önemsiz olduğu seçim problemlerini ve nCr mantığını tekrar etmelisin.
Bir zar atıldığında çift sayı gelme olasılığı kaçtır?,bir zar atildiginda cift sayi gelme olasiligi kactir,Olasılık,"Olasılıkta istenen durum, tüm durum ve olasılık aralığı kavramlarını tekrar etmelisin."
Bir madeni para atıldığında yazı gelme olasılığı nedir?,bir madeni para atildiginda yazi gelme olasiligi nedir,Olasılık,"Olasılıkta istenen durum, tüm durum ve olasılık aralığı kavramlarını tekrar etmelisin."
1'den 10'a kadar sayılardan rastgele biri seçiliyor. Asal gelme olasılığı kaçtır?,1 den 10 a kadar sayilardan rastgele biri seciliyor carpi asal gelme olasiligi kactir,Olasılık,"Olasılıkta istenen durum, tüm durum ve olasılık aralığı kavramlarını tekrar etmelisin."
Bir torbada 3 kırmızı 2 mavi bilye vardır. Kırmızı çekme olasılığı nedir?,bir torbada 3 kirmizi 2 mavi bilye vardir carpi kirmizi cekme olasiligi nedir,Olasılık,"Olasılıkta istenen durum, tüm durum ve olasılık aralığı kavramlarını tekrar etmelisin."
Bir zar atıldığında 6 gelme olasılığı kaçtır?,bir zar atildiginda 6 gelme olasiligi kactir,Olasılık,"Olasılıkta istenen durum, tüm durum ve olasılık aralığı kavramlarını tekrar etmelisin."
Bir kutuda 4 siyah 6 beyaz top vardır. Beyaz seçilme olasılığı kaçtır?,bir kutuda 4 siyah 6 beyaz top vardir carpi beyaz secilme olasiligi kactir,Olasılık,"Olasılıkta istenen durum, tüm durum ve olasılık aralığı kavramlarını tekrar etmelisin."
Rastgele seçilen bir rakamın tek olma olasılığı kaçtır?,rastgele secilen bir rakamin tek olma olasiligi kactir,Olasılık,"Olasılıkta istenen durum, tüm durum ve olasılık aralığı kavramlarını tekrar etmelisin."
Bir zar atıldığında 7 gelme olasılığı kaçtır?,bir zar atildiginda 7 gelme olasiligi kactir,Olasılık,"Olasılıkta istenen durum, tüm durum ve olasılık aralığı kavramlarını tekrar etmelisin."
Bir torbada sadece sarı toplar varsa sarı çekme olasılığı kaçtır?,bir torbada sadece sari toplar varsa sari cekme olasiligi kactir,Olasılık,"Olasılıkta istenen durum, tüm durum ve olasılık aralığı kavramlarını tekrar etmelisin."
Olasılık değeri hangi aralıkta olur?,olasilik degeri hangi aralikta olur,Olasılık,"Olasılıkta istenen durum, tüm durum ve olasılık aralığı kavramlarını tekrar etmelisin."
"Olasılık konusunda verilen seçim, sıralama veya olasılık durumunda uygun yöntem kullanılarak sonuç nasıl hesaplanır? Örnek 1",olasilik konusunda verilen secim siralama veya olasilik durumunda uygun yontem kullanilarak sonuc nasil hesaplanir ornek 1,Olasılık,"Olasılıkta istenen durum, tüm durum ve olasılık aralığı kavramlarını tekrar etmelisin."
"Olasılık konusunda verilen seçim, sıralama veya olasılık durumunda uygun yöntem kullanılarak sonuç nasıl hesaplanır? Örnek 2",olasilik konusunda verilen secim siralama veya olasilik durumunda uygun yontem kullanilarak sonuc nasil hesaplanir ornek 2,Olasılık,"Olasılıkta istenen durum, tüm durum ve olasılık aralığı kavramlarını tekrar etmelisin."
"Olasılık konusunda verilen seçim, sıralama veya olasılık durumunda uygun yöntem kullanılarak sonuç nasıl hesaplanır? Örnek 3",olasilik konusunda verilen secim siralama veya olasilik durumunda uygun yontem kullanilarak sonuc nasil hesaplanir ornek 3,Olasılık,"Olasılıkta istenen durum, tüm durum ve olasılık aralığı kavramlarını tekrar etmelisin."
"Olasılık konusunda verilen seçim, sıralama veya olasılık durumunda uygun yöntem kullanılarak sonuç nasıl hesaplanır? Örnek 4",olasilik konusunda verilen secim siralama veya olasilik durumunda uygun yontem kullanilarak sonuc nasil hesaplanir ornek 4,Olasılık,"Olasılıkta istenen durum, tüm durum ve olasılık aralığı kavramlarını tekrar etmelisin."
"Olasılık konusunda verilen seçim, sıralama veya olasılık durumunda uygun yöntem kullanılarak sonuç nasıl hesaplanır? Örnek 5",olasilik konusunda verilen secim siralama veya olasilik durumunda uygun yontem kullanilarak sonuc nasil hesaplanir ornek 5,Olasılık,"Olasılıkta istenen durum, tüm durum ve olasılık aralığı kavramlarını tekrar etmelisin."
"Olasılık konusunda verilen seçim, sıralama veya olasılık durumunda uygun yöntem kullanılarak sonuç nasıl hesaplanır? Örnek 6",olasilik konusunda verilen secim siralama veya olasilik durumunda uygun yontem kullanilarak sonuc nasil hesaplanir ornek 6,Olasılık,"Olasılıkta istenen durum, tüm durum ve olasılık aralığı kavramlarını tekrar etmelisin."
"Olasılık konusunda verilen seçim, sıralama veya olasılık durumunda uygun yöntem kullanılarak sonuç nasıl hesaplanır? Örnek 7",olasilik konusunda verilen secim siralama veya olasilik durumunda uygun yontem kullanilarak sonuc nasil hesaplanir ornek 7,Olasılık,"Olasılıkta istenen durum, tüm durum ve olasılık aralığı kavramlarını tekrar etmelisin."
"Olasılık konusunda verilen seçim, sıralama veya olasılık durumunda uygun yöntem kullanılarak sonuç nasıl hesaplanır? Örnek 8",olasilik konusunda verilen secim siralama veya olasilik durumunda uygun yontem kullanilarak sonuc nasil hesaplanir ornek 8,Olasılık,"Olasılıkta istenen durum, tüm durum ve olasılık aralığı kavramlarını tekrar etmelisin."
"Olasılık konusunda verilen seçim, sıralama veya olasılık durumunda uygun yöntem kullanılarak sonuç nasıl hesaplanır? Örnek 9",olasilik konusunda verilen secim siralama veya olasilik durumunda uygun yontem kullanilarak sonuc nasil hesaplanir ornek 9,Olasılık,"Olasılıkta istenen durum, tüm durum ve olasılık aralığı kavramlarını tekrar etmelisin."
"Olasılık konusunda verilen seçim, sıralama veya olasılık durumunda uygun yöntem kullanılarak sonuç nasıl hesaplanır? Örnek 10",olasilik konusunda verilen secim siralama veya olasilik durumunda uygun yontem kullanilarak sonuc nasil hesaplanir ornek 10,Olasılık,"Olasılıkta istenen durum, tüm durum ve olasılık aralığı kavramlarını tekrar etmelisin."
"Olasılık konusunda verilen seçim, sıralama veya olasılık durumunda uygun yöntem kullanılarak sonuç nasıl hesaplanır? Örnek 11",olasilik konusunda verilen secim siralama veya olasilik durumunda uygun yontem kullanilarak sonuc nasil hesaplanir ornek 11,Olasılık,"Olasılıkta istenen durum, tüm durum ve olasılık aralığı kavramlarını tekrar etmelisin."
"Olasılık konusunda verilen seçim, sıralama veya olasılık durumunda uygun yöntem kullanılarak sonuç nasıl hesaplanır? Örnek 12",olasilik konusunda verilen secim siralama veya olasilik durumunda uygun yontem kullanilarak sonuc nasil hesaplanir ornek 12,Olasılık,"Olasılıkta istenen durum, tüm durum ve olasılık aralığı kavramlarını tekrar etmelisin."
"Olasılık konusunda verilen seçim, sıralama veya olasılık durumunda uygun yöntem kullanılarak sonuç nasıl hesaplanır? Örnek 13",olasilik konusunda verilen secim siralama veya olasilik durumunda uygun yontem kullanilarak sonuc nasil hesaplanir ornek 13,Olasılık,"Olasılıkta istenen durum, tüm durum ve olasılık aralığı kavramlarını tekrar etmelisin."
"Olasılık konusunda verilen seçim, sıralama veya olasılık durumunda uygun yöntem kullanılarak sonuç nasıl hesaplanır? Örnek 14",olasilik konusunda verilen secim siralama veya olasilik durumunda uygun yontem kullanilarak sonuc nasil hesaplanir ornek 14,Olasılık,"Olasılıkta istenen durum, tüm durum ve olasılık aralığı kavramlarını tekrar etmelisin."
"Olasılık konusunda verilen seçim, sıralama veya olasılık durumunda uygun yöntem kullanılarak sonuç nasıl hesaplanır? Örnek 15",olasilik konusunda verilen secim siralama veya olasilik durumunda uygun yontem kullanilarak sonuc nasil hesaplanir ornek 15,Olasılık,"Olasılıkta istenen durum, tüm durum ve olasılık aralığı kavramlarını tekrar etmelisin."
"Olasılık konusunda verilen seçim, sıralama veya olasılık durumunda uygun yöntem kullanılarak sonuç nasıl hesaplanır? Örnek 16",olasilik konusunda verilen secim siralama veya olasilik durumunda uygun yontem kullanilarak sonuc nasil hesaplanir ornek 16,Olasılık,"Olasılıkta istenen durum, tüm durum ve olasılık aralığı kavramlarını tekrar etmelisin."
"Olasılık konusunda verilen seçim, sıralama veya olasılık durumunda uygun yöntem kullanılarak sonuç nasıl hesaplanır? Örnek 17",olasilik konusunda verilen secim siralama veya olasilik durumunda uygun yontem kullanilarak sonuc nasil hesaplanir ornek 17,Olasılık,"Olasılıkta istenen durum, tüm durum ve olasılık aralığı kavramlarını tekrar etmelisin."
"Olasılık konusunda verilen seçim, sıralama veya olasılık durumunda uygun yöntem kullanılarak sonuç nasıl hesaplanır? Örnek 18",olasilik konusunda verilen secim siralama veya olasilik durumunda uygun yontem kullanilarak sonuc nasil hesaplanir ornek 18,Olasılık,"Olasılıkta istenen durum, tüm durum ve olasılık aralığı kavramlarını tekrar etmelisin."
"Olasılık konusunda verilen seçim, sıralama veya olasılık durumunda uygun yöntem kullanılarak sonuç nasıl hesaplanır? Örnek 19",olasilik konusunda verilen secim siralama veya olasilik durumunda uygun yontem kullanilarak sonuc nasil hesaplanir ornek 19,Olasılık,"Olasılıkta istenen durum, tüm durum ve olasılık aralığı kavramlarını tekrar etmelisin."
"Olasılık konusunda verilen seçim, sıralama veya olasılık durumunda uygun yöntem kullanılarak sonuç nasıl hesaplanır? Örnek 20",olasilik konusunda verilen secim siralama veya olasilik durumunda uygun yontem kullanilarak sonuc nasil hesaplanir ornek 20,Olasılık,"Olasılıkta istenen durum, tüm durum ve olasılık aralığı kavramlarını tekrar etmelisin."
"Bir sayının 4 katının 7 eksiği, aynı sayının 2 katının 15 fazlasına eşittir. Bu sayı kaçtır?",bir sayinin 4 katinin 7 eksigi ayni sayinin 2 katinin 15 fazlasina esittir carpi bu sayi kactir,Sayı Problemleri,"Sayı problemlerinde verilenleri değişkene çevirme, denklem kurma ve işlem ilişkilerini doğru yorumlama konularını tekrar etmelisin."
"Bir sınıftaki öğrencilerin sayısı 3'erli gruplandığında 2 kişi artıyor, 5'erli gruplandığında 1 kişi eksik kalıyor. Sınıfta en az kaç öğrenci olabilir?",bir siniftaki ogrencilerin sayisi 3 erli gruplandiginda 2 kisi artiyor 5 erli gruplandiginda 1 kisi eksik kaliyor carpi sinifta en az kac ogrenci olabilir,Sayı Problemleri,"Sayı problemlerinde verilenleri değişkene çevirme, denklem kurma ve işlem ilişkilerini doğru yorumlama konularını tekrar etmelisin."
Bir sayının yarısı ile üçte birinin toplamı 25 olduğuna göre bu sayı kaçtır?,bir sayinin yarisi ile ucte birinin toplami 25 olduguna gore bu sayi kactir,Sayı Problemleri,"Sayı problemlerinde verilenleri değişkene çevirme, denklem kurma ve işlem ilişkilerini doğru yorumlama konularını tekrar etmelisin."
İki sayının toplamı 84'tür. Büyük sayı küçük sayının 2 katından 6 fazladır. Küçük sayı kaçtır?,i ki sayinin toplami 84 tur carpi buyuk sayi kucuk sayinin 2 katindan 6 fazladir carpi kucuk sayi kactir,Sayı Problemleri,"Sayı problemlerinde verilenleri değişkene çevirme, denklem kurma ve işlem ilişkilerini doğru yorumlama konularını tekrar etmelisin."
Bir sayı 8 artırılıp 3 ile çarpıldığında 57 elde ediliyor. Bu sayı kaçtır?,bir sayi 8 artirilip 3 ile carpildiginda 57 elde ediliyor carpi bu sayi kactir,Sayı Problemleri,"Sayı problemlerinde verilenleri değişkene çevirme, denklem kurma ve işlem ilişkilerini doğru yorumlama konularını tekrar etmelisin."
Ardışık üç çift sayının toplamı 78 olduğuna göre en büyük sayı kaçtır?,ardisik uc cift sayinin toplami 78 olduguna gore en buyuk sayi kactir,Sayı Problemleri,"Sayı problemlerinde verilenleri değişkene çevirme, denklem kurma ve işlem ilişkilerini doğru yorumlama konularını tekrar etmelisin."
Bir sayının 5 fazlası ile 2 eksiğinin toplamı 43 ise bu sayı kaçtır?,bir sayinin 5 fazlasi ile 2 eksiginin toplami 43 ise bu sayi kactir,Sayı Problemleri,"Sayı problemlerinde verilenleri değişkene çevirme, denklem kurma ve işlem ilişkilerini doğru yorumlama konularını tekrar etmelisin."
İki basamaklı bir sayının rakamları toplamı 11'dir. Rakamları yer değiştirince sayı 27 azalıyor. İlk sayı kaçtır?,i ki basamakli bir sayinin rakamlari toplami 11 dir carpi rakamlari yer degistirince sayi 27 azaliyor carpi i lk sayi kactir,Sayı Problemleri,"Sayı problemlerinde verilenleri değişkene çevirme, denklem kurma ve işlem ilişkilerini doğru yorumlama konularını tekrar etmelisin."
Bir otobüsteki yolcuların 12'si inip 8'i bindiğinde yolcu sayısı 34 oluyor. Başlangıçta otobüste kaç yolcu vardı?,bir otobusteki yolcularin 12 si inip 8 i bindiginde yolcu sayisi 34 oluyor carpi baslangicta otobuste kac yolcu vardi,Sayı Problemleri,"Sayı problemlerinde verilenleri değişkene çevirme, denklem kurma ve işlem ilişkilerini doğru yorumlama konularını tekrar etmelisin."
"Bir sayının 3 katı, aynı sayının 7 fazlasının 2 katına eşittir. Bu sayı kaçtır?",bir sayinin 3 kati ayni sayinin 7 fazlasinin 2 katina esittir carpi bu sayi kactir,Sayı Problemleri,"Sayı problemlerinde verilenleri değişkene çevirme, denklem kurma ve işlem ilişkilerini doğru yorumlama konularını tekrar etmelisin."
Sayı Problemleri konusu için verilen günlük yaşam senaryosunda bilinmeyen değer x olarak seçiliyor. Verilen ilişkilerden denklem kurularak sonuç nasıl bulunur? Örnek 1,sayi problemleri konusu icin verilen gunluk yasam senaryosunda bilinmeyen deger x olarak seciliyor carpi verilen iliskilerden denklem kurularak sonuc nasil bulunur ornek 1,Sayı Problemleri,"Sayı problemlerinde verilenleri değişkene çevirme, denklem kurma ve işlem ilişkilerini doğru yorumlama konularını tekrar etmelisin."
Sayı Problemleri konusu için verilen günlük yaşam senaryosunda bilinmeyen değer x olarak seçiliyor. Verilen ilişkilerden denklem kurularak sonuç nasıl bulunur? Örnek 2,sayi problemleri konusu icin verilen gunluk yasam senaryosunda bilinmeyen deger x olarak seciliyor carpi verilen iliskilerden denklem kurularak sonuc nasil bulunur ornek 2,Sayı Problemleri,"Sayı problemlerinde verilenleri değişkene çevirme, denklem kurma ve işlem ilişkilerini doğru yorumlama konularını tekrar etmelisin."
Sayı Problemleri konusu için verilen günlük yaşam senaryosunda bilinmeyen değer x olarak seçiliyor. Verilen ilişkilerden denklem kurularak sonuç nasıl bulunur? Örnek 3,sayi problemleri konusu icin verilen gunluk yasam senaryosunda bilinmeyen deger x olarak seciliyor carpi verilen iliskilerden denklem kurularak sonuc nasil bulunur ornek 3,Sayı Problemleri,"Sayı problemlerinde verilenleri değişkene çevirme, denklem kurma ve işlem ilişkilerini doğru yorumlama konularını tekrar etmelisin."
Sayı Problemleri konusu için verilen günlük yaşam senaryosunda bilinmeyen değer x olarak seçiliyor. Verilen ilişkilerden denklem kurularak sonuç nasıl bulunur? Örnek 4,sayi problemleri konusu icin verilen gunluk yasam senaryosunda bilinmeyen deger x olarak seciliyor carpi verilen iliskilerden denklem kurularak sonuc nasil bulunur ornek 4,Sayı Problemleri,"Sayı problemlerinde verilenleri değişkene çevirme, denklem kurma ve işlem ilişkilerini doğru yorumlama konularını tekrar etmelisin."
Sayı Problemleri konusu için verilen günlük yaşam senaryosunda bilinmeyen değer x olarak seçiliyor. Verilen ilişkilerden denklem kurularak sonuç nasıl bulunur? Örnek 5,sayi problemleri konusu icin verilen gunluk yasam senaryosunda bilinmeyen deger x olarak seciliyor carpi verilen iliskilerden denklem kurularak sonuc nasil bulunur ornek 5,Sayı Problemleri,"Sayı problemlerinde verilenleri değişkene çevirme, denklem kurma ve işlem ilişkilerini doğru yorumlama konularını tekrar etmelisin."
Sayı Problemleri konusu için verilen günlük yaşam senaryosunda bilinmeyen değer x olarak seçiliyor. Verilen ilişkilerden denklem kurularak sonuç nasıl bulunur? Örnek 6,sayi problemleri konusu icin verilen gunluk yasam senaryosunda bilinmeyen deger x olarak seciliyor carpi verilen iliskilerden denklem kurularak sonuc nasil bulunur ornek 6,Sayı Problemleri,"Sayı problemlerinde verilenleri değişkene çevirme, denklem kurma ve işlem ilişkilerini doğru yorumlama konularını tekrar etmelisin."
Sayı Problemleri konusu için verilen günlük yaşam senaryosunda bilinmeyen değer x olarak seçiliyor. Verilen ilişkilerden denklem kurularak sonuç nasıl bulunur? Örnek 7,sayi problemleri konusu icin verilen gunluk yasam senaryosunda bilinmeyen deger x olarak seciliyor carpi verilen iliskilerden denklem kurularak sonuc nasil bulunur ornek 7,Sayı Problemleri,"Sayı problemlerinde verilenleri değişkene çevirme, denklem kurma ve işlem ilişkilerini doğru yorumlama konularını tekrar etmelisin."
Sayı Problemleri konusu için verilen günlük yaşam senaryosunda bilinmeyen değer x olarak seçiliyor. Verilen ilişkilerden denklem kurularak sonuç nasıl bulunur? Örnek 8,sayi problemleri konusu icin verilen gunluk yasam senaryosunda bilinmeyen deger x olarak seciliyor carpi verilen iliskilerden denklem kurularak sonuc nasil bulunur ornek 8,Sayı Problemleri,"Sayı problemlerinde verilenleri değişkene çevirme, denklem kurma ve işlem ilişkilerini doğru yorumlama konularını tekrar etmelisin."
Sayı Problemleri konusu için verilen günlük yaşam senaryosunda bilinmeyen değer x olarak seçiliyor. Verilen ilişkilerden denklem kurularak sonuç nasıl bulunur? Örnek 9,sayi problemleri konusu icin verilen gunluk yasam senaryosunda bilinmeyen deger x olarak seciliyor carpi verilen iliskilerden denklem kurularak sonuc nasil bulunur ornek 9,Sayı Problemleri,"Sayı problemlerinde verilenleri değişkene çevirme, denklem kurma ve işlem ilişkilerini doğru yorumlama konularını tekrar etmelisin."
Sayı Problemleri konusu için verilen günlük yaşam senaryosunda bilinmeyen değer x olarak seçiliyor. Verilen ilişkilerden denklem kurularak sonuç nasıl bulunur? Örnek 10,sayi problemleri konusu icin verilen gunluk yasam senaryosunda bilinmeyen deger x olarak seciliyor carpi verilen iliskilerden denklem kurularak sonuc nasil bulunur ornek 10,Sayı Problemleri,"Sayı problemlerinde verilenleri değişkene çevirme, denklem kurma ve işlem ilişkilerini doğru yorumlama konularını tekrar etmelisin."
Sayı Problemleri konusu için verilen günlük yaşam senaryosunda bilinmeyen değer x olarak seçiliyor. Verilen ilişkilerden denklem kurularak sonuç nasıl bulunur? Örnek 11,sayi problemleri konusu icin verilen gunluk yasam senaryosunda bilinmeyen deger x olarak seciliyor carpi verilen iliskilerden denklem kurularak sonuc nasil bulunur ornek 11,Sayı Problemleri,"Sayı problemlerinde verilenleri değişkene çevirme, denklem kurma ve işlem ilişkilerini doğru yorumlama konularını tekrar etmelisin."
Sayı Problemleri konusu için verilen günlük yaşam senaryosunda bilinmeyen değer x olarak seçiliyor. Verilen ilişkilerden denklem kurularak sonuç nasıl bulunur? Örnek 12,sayi problemleri konusu icin verilen gunluk yasam senaryosunda bilinmeyen deger x olarak seciliyor carpi verilen iliskilerden denklem kurularak sonuc nasil bulunur ornek 12,Sayı Problemleri,"Sayı problemlerinde verilenleri değişkene çevirme, denklem kurma ve işlem ilişkilerini doğru yorumlama konularını tekrar etmelisin."
Sayı Problemleri konusu için verilen günlük yaşam senaryosunda bilinmeyen değer x olarak seçiliyor. Verilen ilişkilerden denklem kurularak sonuç nasıl bulunur? Örnek 13,sayi problemleri konusu icin verilen gunluk yasam senaryosunda bilinmeyen deger x olarak seciliyor carpi verilen iliskilerden denklem kurularak sonuc nasil bulunur ornek 13,Sayı Problemleri,"Sayı problemlerinde verilenleri değişkene çevirme, denklem kurma ve işlem ilişkilerini doğru yorumlama konularını tekrar etmelisin."
Sayı Problemleri konusu için verilen günlük yaşam senaryosunda bilinmeyen değer x olarak seçiliyor. Verilen ilişkilerden denklem kurularak sonuç nasıl bulunur? Örnek 14,sayi problemleri konusu icin verilen gunluk yasam senaryosunda bilinmeyen deger x olarak seciliyor carpi verilen iliskilerden denklem kurularak sonuc nasil bulunur ornek 14,Sayı Problemleri,"Sayı problemlerinde verilenleri değişkene çevirme, denklem kurma ve işlem ilişkilerini doğru yorumlama konularını tekrar etmelisin."
Sayı Problemleri konusu için verilen günlük yaşam senaryosunda bilinmeyen değer x olarak seçiliyor. Verilen ilişkilerden denklem kurularak sonuç nasıl bulunur? Örnek 15,sayi problemleri konusu icin verilen gunluk yasam senaryosunda bilinmeyen deger x olarak seciliyor carpi verilen iliskilerden denklem kurularak sonuc nasil bulunur ornek 15,Sayı Problemleri,"Sayı problemlerinde verilenleri değişkene çevirme, denklem kurma ve işlem ilişkilerini doğru yorumlama konularını tekrar etmelisin."
Sayı Problemleri konusu için verilen günlük yaşam senaryosunda bilinmeyen değer x olarak seçiliyor. Verilen ilişkilerden denklem kurularak sonuç nasıl bulunur? Örnek 16,sayi problemleri konusu icin verilen gunluk yasam senaryosunda bilinmeyen deger x olarak seciliyor carpi verilen iliskilerden denklem kurularak sonuc nasil bulunur ornek 16,Sayı Problemleri,"Sayı problemlerinde verilenleri değişkene çevirme, denklem kurma ve işlem ilişkilerini doğru yorumlama konularını tekrar etmelisin."
Sayı Problemleri konusu için verilen günlük yaşam senaryosunda bilinmeyen değer x olarak seçiliyor. Verilen ilişkilerden denklem kurularak sonuç nasıl bulunur? Örnek 17,sayi problemleri konusu icin verilen gunluk yasam senaryosunda bilinmeyen deger x olarak seciliyor carpi verilen iliskilerden denklem kurularak sonuc nasil bulunur ornek 17,Sayı Problemleri,"Sayı problemlerinde verilenleri değişkene çevirme, denklem kurma ve işlem ilişkilerini doğru yorumlama konularını tekrar etmelisin."
Sayı Problemleri konusu için verilen günlük yaşam senaryosunda bilinmeyen değer x olarak seçiliyor. Verilen ilişkilerden denklem kurularak sonuç nasıl bulunur? Örnek 18,sayi problemleri konusu icin verilen gunluk yasam senaryosunda bilinmeyen deger x olarak seciliyor carpi verilen iliskilerden denklem kurularak sonuc nasil bulunur ornek 18,Sayı Problemleri,"Sayı problemlerinde verilenleri değişkene çevirme, denklem kurma ve işlem ilişkilerini doğru yorumlama konularını tekrar etmelisin."
Sayı Problemleri konusu için verilen günlük yaşam senaryosunda bilinmeyen değer x olarak seçiliyor. Verilen ilişkilerden denklem kurularak sonuç nasıl bulunur? Örnek 19,sayi problemleri konusu icin verilen gunluk yasam senaryosunda bilinmeyen deger x olarak seciliyor carpi verilen iliskilerden denklem kurularak sonuc nasil bulunur ornek 19,Sayı Problemleri,"Sayı problemlerinde verilenleri değişkene çevirme, denklem kurma ve işlem ilişkilerini doğru yorumlama konularını tekrar etmelisin."
Sayı Problemleri konusu için verilen günlük yaşam senaryosunda bilinmeyen değer x olarak seçiliyor. Verilen ilişkilerden denklem kurularak sonuç nasıl bulunur? Örnek 20,sayi problemleri konusu icin verilen gunluk yasam senaryosunda bilinmeyen deger x olarak seciliyor carpi verilen iliskilerden denklem kurularak sonuc nasil bulunur ornek 20,Sayı Problemleri,"Sayı problemlerinde verilenleri değişkene çevirme, denklem kurma ve işlem ilişkilerini doğru yorumlama konularını tekrar etmelisin."
"Bir kitabın önce 1/4'ü, sonra kalanının 1/3'ü okunuyor. Geriye 60 sayfa kaldığına göre kitap kaç sayfadır?",bir kitabin once 1 bolu 4 u sonra kalaninin 1 bolu 3 u okunuyor carpi geriye 60 sayfa kaldigina gore kitap kac sayfadir,Kesir Problemleri,"Kesir problemlerinde bütünü parçalara ayırma, pay-payda ilişkisi ve kalan miktarı bulma konularını tekrar etmelisin."
Bir deponun 2/5'i doludur. Depoya 90 litre su eklenince deponun 3/4'ü doluyor. Deponun tamamı kaç litredir?,bir deponun 2 bolu 5 i doludur carpi depoya 90 litre su eklenince deponun 3 bolu 4 u doluyor carpi deponun tamami kac litredir,Kesir Problemleri,"Kesir problemlerinde bütünü parçalara ayırma, pay-payda ilişkisi ve kalan miktarı bulma konularını tekrar etmelisin."
Bir sınıftaki öğrencilerin 3/8'i kızdır. Kız öğrenci sayısı 12 ise sınıfta toplam kaç öğrenci vardır?,bir siniftaki ogrencilerin 3 bolu 8 i kizdir carpi kiz ogrenci sayisi 12 ise sinifta toplam kac ogrenci vardir,Kesir Problemleri,"Kesir problemlerinde bütünü parçalara ayırma, pay-payda ilişkisi ve kalan miktarı bulma konularını tekrar etmelisin."
Bir yolun 1/3'ü gidildikten sonra geriye 80 km kalıyor. Yolun tamamı kaç km'dir?,bir yolun 1 bolu 3 u gidildikten sonra geriye 80 km kaliyor carpi yolun tamami kac km dir,Kesir Problemleri,"Kesir problemlerinde bütünü parçalara ayırma, pay-payda ilişkisi ve kalan miktarı bulma konularını tekrar etmelisin."
Bir paranın 2/7'si harcanıyor. Geriye 250 TL kaldığına göre başlangıçtaki para kaç TL'dir?,bir paranin 2 bolu 7 si harcaniyor carpi geriye 250 tl kaldigina gore baslangictaki para kac tl dir,Kesir Problemleri,"Kesir problemlerinde bütünü parçalara ayırma, pay-payda ilişkisi ve kalan miktarı bulma konularını tekrar etmelisin."
"Bir torbadaki bilyelerin 1/5'i kırmızı, 2/5'i mavidir. Geri kalan 24 bilye yeşil olduğuna göre torbada kaç bilye vardır?",bir torbadaki bilyelerin 1 bolu 5 i kirmizi 2 bolu 5 i mavidir carpi geri kalan 24 bilye yesil olduguna gore torbada kac bilye vardir,Kesir Problemleri,"Kesir problemlerinde bütünü parçalara ayırma, pay-payda ilişkisi ve kalan miktarı bulma konularını tekrar etmelisin."
Bir işin 3/10'u tamamlandığında geriye 140 sayfalık bölüm kalıyor. İşin tamamı kaç sayfadır?,bir isin 3 bolu 10 u tamamlandiginda geriye 140 sayfalik bolum kaliyor carpi i sin tamami kac sayfadir,Kesir Problemleri,"Kesir problemlerinde bütünü parçalara ayırma, pay-payda ilişkisi ve kalan miktarı bulma konularını tekrar etmelisin."
Bir sayının 1/2'si ile 1/6'sının toplamı 40 ise bu sayı kaçtır?,bir sayinin 1 bolu 2 si ile 1 bolu 6 sinin toplami 40 ise bu sayi kactir,Kesir Problemleri,"Kesir problemlerinde bütünü parçalara ayırma, pay-payda ilişkisi ve kalan miktarı bulma konularını tekrar etmelisin."
Bir karışımın 2/9'u şekerden oluşuyor. Şeker miktarı 18 gram ise karışımın tamamı kaç gramdır?,bir karisimin 2 bolu 9 u sekerden olusuyor carpi seker miktari 18 gram ise karisimin tamami kac gramdir,Kesir Problemleri,"Kesir problemlerinde bütünü parçalara ayırma, pay-payda ilişkisi ve kalan miktarı bulma konularını tekrar etmelisin."
"Bir öğrenci parasının 1/4'üyle kitap, 1/3'üyle defter alıyor. Geriye 50 TL kaldığına göre başlangıçta kaç TL'si vardır?",bir ogrenci parasinin 1 bolu 4 uyle kitap 1 bolu 3 uyle defter aliyor carpi geriye 50 tl kaldigina gore baslangicta kac tl si vardir,Kesir Problemleri,"Kesir problemlerinde bütünü parçalara ayırma, pay-payda ilişkisi ve kalan miktarı bulma konularını tekrar etmelisin."
Kesir Problemleri konusu için verilen günlük yaşam senaryosunda bilinmeyen değer x olarak seçiliyor. Verilen ilişkilerden denklem kurularak sonuç nasıl bulunur? Örnek 1,kesir problemleri konusu icin verilen gunluk yasam senaryosunda bilinmeyen deger x olarak seciliyor carpi verilen iliskilerden denklem kurularak sonuc nasil bulunur ornek 1,Kesir Problemleri,"Kesir problemlerinde bütünü parçalara ayırma, pay-payda ilişkisi ve kalan miktarı bulma konularını tekrar etmelisin."
Kesir Problemleri konusu için verilen günlük yaşam senaryosunda bilinmeyen değer x olarak seçiliyor. Verilen ilişkilerden denklem kurularak sonuç nasıl bulunur? Örnek 2,kesir problemleri konusu icin verilen gunluk yasam senaryosunda bilinmeyen deger x olarak seciliyor carpi verilen iliskilerden denklem kurularak sonuc nasil bulunur ornek 2,Kesir Problemleri,"Kesir problemlerinde bütünü parçalara ayırma, pay-payda ilişkisi ve kalan miktarı bulma konularını tekrar etmelisin."
Kesir Problemleri konusu için verilen günlük yaşam senaryosunda bilinmeyen değer x olarak seçiliyor. Verilen ilişkilerden denklem kurularak sonuç nasıl bulunur? Örnek 3,kesir problemleri konusu icin verilen gunluk yasam senaryosunda bilinmeyen deger x olarak seciliyor carpi verilen iliskilerden denklem kurularak sonuc nasil bulunur ornek 3,Kesir Problemleri,"Kesir problemlerinde bütünü parçalara ayırma, pay-payda ilişkisi ve kalan miktarı bulma konularını tekrar etmelisin."
Kesir Problemleri konusu için verilen günlük yaşam senaryosunda bilinmeyen değer x olarak seçiliyor. Verilen ilişkilerden denklem kurularak sonuç nasıl bulunur? Örnek 4,kesir problemleri konusu icin verilen gunluk yasam senaryosunda bilinmeyen deger x olarak seciliyor carpi verilen iliskilerden denklem kurularak sonuc nasil bulunur ornek 4,Kesir Problemleri,"Kesir problemlerinde bütünü parçalara ayırma, pay-payda ilişkisi ve kalan miktarı bulma konularını tekrar etmelisin."
Kesir Problemleri konusu için verilen günlük yaşam senaryosunda bilinmeyen değer x olarak seçiliyor. Verilen ilişkilerden denklem kurularak sonuç nasıl bulunur? Örnek 5,kesir problemleri konusu icin verilen gunluk yasam senaryosunda bilinmeyen deger x olarak seciliyor carpi verilen iliskilerden denklem kurularak sonuc nasil bulunur ornek 5,Kesir Problemleri,"Kesir problemlerinde bütünü parçalara ayırma, pay-payda ilişkisi ve kalan miktarı bulma konularını tekrar etmelisin."
Kesir Problemleri konusu için verilen günlük yaşam senaryosunda bilinmeyen değer x olarak seçiliyor. Verilen ilişkilerden denklem kurularak sonuç nasıl bulunur? Örnek 6,kesir problemleri konusu icin verilen gunluk yasam senaryosunda bilinmeyen deger x olarak seciliyor carpi verilen iliskilerden denklem kurularak sonuc nasil bulunur ornek 6,Kesir Problemleri,"Kesir problemlerinde bütünü parçalara ayırma, pay-payda ilişkisi ve kalan miktarı bulma konularını tekrar etmelisin."
Kesir Problemleri konusu için verilen günlük yaşam senaryosunda bilinmeyen değer x olarak seçiliyor. Verilen ilişkilerden denklem kurularak sonuç nasıl bulunur? Örnek 7,kesir problemleri konusu icin verilen gunluk yasam senaryosunda bilinmeyen deger x olarak seciliyor carpi verilen iliskilerden denklem kurularak sonuc nasil bulunur ornek 7,Kesir Problemleri,"Kesir problemlerinde bütünü parçalara ayırma, pay-payda ilişkisi ve kalan miktarı bulma konularını tekrar etmelisin."
Kesir Problemleri konusu için verilen günlük yaşam senaryosunda bilinmeyen değer x olarak seçiliyor. Verilen ilişkilerden denklem kurularak sonuç nasıl bulunur? Örnek 8,kesir problemleri konusu icin verilen gunluk yasam senaryosunda bilinmeyen deger x olarak seciliyor carpi verilen iliskilerden denklem kurularak sonuc nasil bulunur ornek 8,Kesir Problemleri,"Kesir problemlerinde bütünü parçalara ayırma, pay-payda ilişkisi ve kalan miktarı bulma konularını tekrar etmelisin."
Kesir Problemleri konusu için verilen günlük yaşam senaryosunda bilinmeyen değer x olarak seçiliyor. Verilen ilişkilerden denklem kurularak sonuç nasıl bulunur? Örnek 9,kesir problemleri konusu icin verilen gunluk yasam senaryosunda bilinmeyen deger x olarak seciliyor carpi verilen iliskilerden denklem kurularak sonuc nasil bulunur ornek 9,Kesir Problemleri,"Kesir problemlerinde bütünü parçalara ayırma, pay-payda ilişkisi ve kalan miktarı bulma konularını tekrar etmelisin."
Kesir Problemleri konusu için verilen günlük yaşam senaryosunda bilinmeyen değer x olarak seçiliyor. Verilen ilişkilerden denklem kurularak sonuç nasıl bulunur? Örnek 10,kesir problemleri konusu icin verilen gunluk yasam senaryosunda bilinmeyen deger x olarak seciliyor carpi verilen iliskilerden denklem kurularak sonuc nasil bulunur ornek 10,Kesir Problemleri,"Kesir problemlerinde bütünü parçalara ayırma, pay-payda ilişkisi ve kalan miktarı bulma konularını tekrar etmelisin."
Kesir Problemleri konusu için verilen günlük yaşam senaryosunda bilinmeyen değer x olarak seçiliyor. Verilen ilişkilerden denklem kurularak sonuç nasıl bulunur? Örnek 11,kesir problemleri konusu icin verilen gunluk yasam senaryosunda bilinmeyen deger x olarak seciliyor carpi verilen iliskilerden denklem kurularak sonuc nasil bulunur ornek 11,Kesir Problemleri,"Kesir problemlerinde bütünü parçalara ayırma, pay-payda ilişkisi ve kalan miktarı bulma konularını tekrar etmelisin."
Kesir Problemleri konusu için verilen günlük yaşam senaryosunda bilinmeyen değer x olarak seçiliyor. Verilen ilişkilerden denklem kurularak sonuç nasıl bulunur? Örnek 12,kesir problemleri konusu icin verilen gunluk yasam senaryosunda bilinmeyen deger x olarak seciliyor carpi verilen iliskilerden denklem kurularak sonuc nasil bulunur ornek 12,Kesir Problemleri,"Kesir problemlerinde bütünü parçalara ayırma, pay-payda ilişkisi ve kalan miktarı bulma konularını tekrar etmelisin."
Kesir Problemleri konusu için verilen günlük yaşam senaryosunda bilinmeyen değer x olarak seçiliyor. Verilen ilişkilerden denklem kurularak sonuç nasıl bulunur? Örnek 13,kesir problemleri konusu icin verilen gunluk yasam senaryosunda bilinmeyen deger x olarak seciliyor carpi verilen iliskilerden denklem kurularak sonuc nasil bulunur ornek 13,Kesir Problemleri,"Kesir problemlerinde bütünü parçalara ayırma, pay-payda ilişkisi ve kalan miktarı bulma konularını tekrar etmelisin."
Kesir Problemleri konusu için verilen günlük yaşam senaryosunda bilinmeyen değer x olarak seçiliyor. Verilen ilişkilerden denklem kurularak sonuç nasıl bulunur? Örnek 14,kesir problemleri konusu icin verilen gunluk yasam senaryosunda bilinmeyen deger x olarak seciliyor carpi verilen iliskilerden denklem kurularak sonuc nasil bulunur ornek 14,Kesir Problemleri,"Kesir problemlerinde bütünü parçalara ayırma, pay-payda ilişkisi ve kalan miktarı bulma konularını tekrar etmelisin."
Kesir Problemleri konusu için verilen günlük yaşam senaryosunda bilinmeyen değer x olarak seçiliyor. Verilen ilişkilerden denklem kurularak sonuç nasıl bulunur? Örnek 15,kesir problemleri konusu icin verilen gunluk yasam senaryosunda bilinmeyen deger x olarak seciliyor carpi verilen iliskilerden denklem kurularak sonuc nasil bulunur ornek 15,Kesir Problemleri,"Kesir problemlerinde bütünü parçalara ayırma, pay-payda ilişkisi ve kalan miktarı bulma konularını tekrar etmelisin."
Kesir Problemleri konusu için verilen günlük yaşam senaryosunda bilinmeyen değer x olarak seçiliyor. Verilen ilişkilerden denklem kurularak sonuç nasıl bulunur? Örnek 16,kesir problemleri konusu icin verilen gunluk yasam senaryosunda bilinmeyen deger x olarak seciliyor carpi verilen iliskilerden denklem kurularak sonuc nasil bulunur ornek 16,Kesir Problemleri,"Kesir problemlerinde bütünü parçalara ayırma, pay-payda ilişkisi ve kalan miktarı bulma konularını tekrar etmelisin."
Kesir Problemleri konusu için verilen günlük yaşam senaryosunda bilinmeyen değer x olarak seçiliyor. Verilen ilişkilerden denklem kurularak sonuç nasıl bulunur? Örnek 17,kesir problemleri konusu icin verilen gunluk yasam senaryosunda bilinmeyen deger x olarak seciliyor carpi verilen iliskilerden denklem kurularak sonuc nasil bulunur ornek 17,Kesir Problemleri,"Kesir problemlerinde bütünü parçalara ayırma, pay-payda ilişkisi ve kalan miktarı bulma konularını tekrar etmelisin."
Kesir Problemleri konusu için verilen günlük yaşam senaryosunda bilinmeyen değer x olarak seçiliyor. Verilen ilişkilerden denklem kurularak sonuç nasıl bulunur? Örnek 18,kesir problemleri konusu icin verilen gunluk yasam senaryosunda bilinmeyen deger x olarak seciliyor carpi verilen iliskilerden denklem kurularak sonuc nasil bulunur ornek 18,Kesir Problemleri,"Kesir problemlerinde bütünü parçalara ayırma, pay-payda ilişkisi ve kalan miktarı bulma konularını tekrar etmelisin."
Kesir Problemleri konusu için verilen günlük yaşam senaryosunda bilinmeyen değer x olarak seçiliyor. Verilen ilişkilerden denklem kurularak sonuç nasıl bulunur? Örnek 19,kesir problemleri konusu icin verilen gunluk yasam senaryosunda bilinmeyen deger x olarak seciliyor carpi verilen iliskilerden denklem kurularak sonuc nasil bulunur ornek 19,Kesir Problemleri,"Kesir problemlerinde bütünü parçalara ayırma, pay-payda ilişkisi ve kalan miktarı bulma konularını tekrar etmelisin."
Kesir Problemleri konusu için verilen günlük yaşam senaryosunda bilinmeyen değer x olarak seçiliyor. Verilen ilişkilerden denklem kurularak sonuç nasıl bulunur? Örnek 20,kesir problemleri konusu icin verilen gunluk yasam senaryosunda bilinmeyen deger x olarak seciliyor carpi verilen iliskilerden denklem kurularak sonuc nasil bulunur ornek 20,Kesir Problemleri,"Kesir problemlerinde bütünü parçalara ayırma, pay-payda ilişkisi ve kalan miktarı bulma konularını tekrar etmelisin."
"Bir işçi bir işi 12 günde, başka bir işçi aynı işi 18 günde bitiriyor. İkisi birlikte çalışırsa iş kaç günde biter?",bir isci bir isi 12 gunde baska bir isci ayni isi 18 gunde bitiriyor carpi i kisi birlikte calisirsa is kac gunde biter,İşçi-Havuz Problemleri,"İşçi-havuz problemlerinde birim zamanda yapılan iş, birlikte çalışma ve dolma-boşalma hızlarını tekrar etmelisin."
"A musluğu bir havuzu 8 saatte, B musluğu 12 saatte dolduruyor. İkisi birlikte açılırsa havuz kaç saatte dolar?",a muslugu bir havuzu 8 saatte b muslugu 12 saatte dolduruyor carpi i kisi birlikte acilirsa havuz kac saatte dolar,İşçi-Havuz Problemleri,"İşçi-havuz problemlerinde birim zamanda yapılan iş, birlikte çalışma ve dolma-boşalma hızlarını tekrar etmelisin."
"Bir usta işi 10 günde, çırağı 15 günde bitiriyor. Birlikte 3 gün çalıştıktan sonra kalan işi usta tek başına kaç günde bitirir?",bir usta isi 10 gunde ciragi 15 gunde bitiriyor carpi birlikte 3 gun calistiktan sonra kalan isi usta tek basina kac gunde bitirir,İşçi-Havuz Problemleri,"İşçi-havuz problemlerinde birim zamanda yapılan iş, birlikte çalışma ve dolma-boşalma hızlarını tekrar etmelisin."
Bir musluk havuzu 6 saatte doldururken alttaki gider havuzu 18 saatte boşaltıyor. İkisi birlikte açıkken havuz kaç saatte dolar?,bir musluk havuzu 6 saatte doldururken alttaki gider havuzu 18 saatte bosaltiyor carpi i kisi birlikte acikken havuz kac saatte dolar,İşçi-Havuz Problemleri,"İşçi-havuz problemlerinde birim zamanda yapılan iş, birlikte çalışma ve dolma-boşalma hızlarını tekrar etmelisin."
3 işçi bir işi 9 günde bitiriyorsa aynı hızla çalışan 6 işçi aynı işi kaç günde bitirir?,3 isci bir isi 9 gunde bitiriyorsa ayni hizla calisan 6 isci ayni isi kac gunde bitirir,İşçi-Havuz Problemleri,"İşçi-havuz problemlerinde birim zamanda yapılan iş, birlikte çalışma ve dolma-boşalma hızlarını tekrar etmelisin."
"A işçisi bir işi 20 günde, B işçisi 30 günde yapıyor. Birlikte 5 gün çalışırlarsa işin kaçta kaçı biter?",a iscisi bir isi 20 gunde b iscisi 30 gunde yapiyor carpi birlikte 5 gun calisirlarsa isin kacta kaci biter,İşçi-Havuz Problemleri,"İşçi-havuz problemlerinde birim zamanda yapılan iş, birlikte çalışma ve dolma-boşalma hızlarını tekrar etmelisin."
"Bir havuzun 1. musluğu 5 saatte, 2. musluğu 10 saatte dolduruyor. İki musluk birlikte açılırsa havuz kaç saatte dolar?",bir havuzun 1 carpi muslugu 5 saatte 2 carpi muslugu 10 saatte dolduruyor carpi i ki musluk birlikte acilirsa havuz kac saatte dolar,İşçi-Havuz Problemleri,"İşçi-havuz problemlerinde birim zamanda yapılan iş, birlikte çalışma ve dolma-boşalma hızlarını tekrar etmelisin."
"Bir işi Ali 24 günde, Veli 8 günde bitiriyor. Veli tek başına 2 gün çalıştıktan sonra ikisi birlikte çalışırsa iş kaç günde biter?",bir isi ali 24 gunde veli 8 gunde bitiriyor carpi veli tek basina 2 gun calistiktan sonra ikisi birlikte calisirsa is kac gunde biter,İşçi-Havuz Problemleri,"İşçi-havuz problemlerinde birim zamanda yapılan iş, birlikte çalışma ve dolma-boşalma hızlarını tekrar etmelisin."
"Bir makine bir ürünü 4 dakikada, başka bir makine 6 dakikada üretiyor. İkisi birlikte 1 saatte kaç ürün üretir?",bir makine bir urunu 4 dakikada baska bir makine 6 dakikada uretiyor carpi i kisi birlikte 1 saatte kac urun uretir,İşçi-Havuz Problemleri,"İşçi-havuz problemlerinde birim zamanda yapılan iş, birlikte çalışma ve dolma-boşalma hızlarını tekrar etmelisin."
"Bir depo bir muslukla 9 saatte doluyor, başka bir muslukla 12 saatte boşalıyor. İkisi aynı anda çalışırsa depo kaç saatte dolar?",bir depo bir muslukla 9 saatte doluyor baska bir muslukla 12 saatte bosaliyor carpi i kisi ayni anda calisirsa depo kac saatte dolar,İşçi-Havuz Problemleri,"İşçi-havuz problemlerinde birim zamanda yapılan iş, birlikte çalışma ve dolma-boşalma hızlarını tekrar etmelisin."
İşçi-Havuz Problemleri konusu için verilen günlük yaşam senaryosunda bilinmeyen değer x olarak seçiliyor. Verilen ilişkilerden denklem kurularak sonuç nasıl bulunur? Örnek 1,i sci eksi havuz problemleri konusu icin verilen gunluk yasam senaryosunda bilinmeyen deger x olarak seciliyor carpi verilen iliskilerden denklem kurularak sonuc nasil bulunur ornek 1,İşçi-Havuz Problemleri,"İşçi-havuz problemlerinde birim zamanda yapılan iş, birlikte çalışma ve dolma-boşalma hızlarını tekrar etmelisin."
İşçi-Havuz Problemleri konusu için verilen günlük yaşam senaryosunda bilinmeyen değer x olarak seçiliyor. Verilen ilişkilerden denklem kurularak sonuç nasıl bulunur? Örnek 2,i sci eksi havuz problemleri konusu icin verilen gunluk yasam senaryosunda bilinmeyen deger x olarak seciliyor carpi verilen iliskilerden denklem kurularak sonuc nasil bulunur ornek 2,İşçi-Havuz Problemleri,"İşçi-havuz problemlerinde birim zamanda yapılan iş, birlikte çalışma ve dolma-boşalma hızlarını tekrar etmelisin."
İşçi-Havuz Problemleri konusu için verilen günlük yaşam senaryosunda bilinmeyen değer x olarak seçiliyor. Verilen ilişkilerden denklem kurularak sonuç nasıl bulunur? Örnek 3,i sci eksi havuz problemleri konusu icin verilen gunluk yasam senaryosunda bilinmeyen deger x olarak seciliyor carpi verilen iliskilerden denklem kurularak sonuc nasil bulunur ornek 3,İşçi-Havuz Problemleri,"İşçi-havuz problemlerinde birim zamanda yapılan iş, birlikte çalışma ve dolma-boşalma hızlarını tekrar etmelisin."
İşçi-Havuz Problemleri konusu için verilen günlük yaşam senaryosunda bilinmeyen değer x olarak seçiliyor. Verilen ilişkilerden denklem kurularak sonuç nasıl bulunur? Örnek 4,i sci eksi havuz problemleri konusu icin verilen gunluk yasam senaryosunda bilinmeyen deger x olarak seciliyor carpi verilen iliskilerden denklem kurularak sonuc nasil bulunur ornek 4,İşçi-Havuz Problemleri,"İşçi-havuz problemlerinde birim zamanda yapılan iş, birlikte çalışma ve dolma-boşalma hızlarını tekrar etmelisin."
İşçi-Havuz Problemleri konusu için verilen günlük yaşam senaryosunda bilinmeyen değer x olarak seçiliyor. Verilen ilişkilerden denklem kurularak sonuç nasıl bulunur? Örnek 5,i sci eksi havuz problemleri konusu icin verilen gunluk yasam senaryosunda bilinmeyen deger x olarak seciliyor carpi verilen iliskilerden denklem kurularak sonuc nasil bulunur ornek 5,İşçi-Havuz Problemleri,"İşçi-havuz problemlerinde birim zamanda yapılan iş, birlikte çalışma ve dolma-boşalma hızlarını tekrar etmelisin."
İşçi-Havuz Problemleri konusu için verilen günlük yaşam senaryosunda bilinmeyen değer x olarak seçiliyor. Verilen ilişkilerden denklem kurularak sonuç nasıl bulunur? Örnek 6,i sci eksi havuz problemleri konusu icin verilen gunluk yasam senaryosunda bilinmeyen deger x olarak seciliyor carpi verilen iliskilerden denklem kurularak sonuc nasil bulunur ornek 6,İşçi-Havuz Problemleri,"İşçi-havuz problemlerinde birim zamanda yapılan iş, birlikte çalışma ve dolma-boşalma hızlarını tekrar etmelisin."
İşçi-Havuz Problemleri konusu için verilen günlük yaşam senaryosunda bilinmeyen değer x olarak seçiliyor. Verilen ilişkilerden denklem kurularak sonuç nasıl bulunur? Örnek 7,i sci eksi havuz problemleri konusu icin verilen gunluk yasam senaryosunda bilinmeyen deger x olarak seciliyor carpi verilen iliskilerden denklem kurularak sonuc nasil bulunur ornek 7,İşçi-Havuz Problemleri,"İşçi-havuz problemlerinde birim zamanda yapılan iş, birlikte çalışma ve dolma-boşalma hızlarını tekrar etmelisin."
İşçi-Havuz Problemleri konusu için verilen günlük yaşam senaryosunda bilinmeyen değer x olarak seçiliyor. Verilen ilişkilerden denklem kurularak sonuç nasıl bulunur? Örnek 8,i sci eksi havuz problemleri konusu icin verilen gunluk yasam senaryosunda bilinmeyen deger x olarak seciliyor carpi verilen iliskilerden denklem kurularak sonuc nasil bulunur ornek 8,İşçi-Havuz Problemleri,"İşçi-havuz problemlerinde birim zamanda yapılan iş, birlikte çalışma ve dolma-boşalma hızlarını tekrar etmelisin."
İşçi-Havuz Problemleri konusu için verilen günlük yaşam senaryosunda bilinmeyen değer x olarak seçiliyor. Verilen ilişkilerden denklem kurularak sonuç nasıl bulunur? Örnek 9,i sci eksi havuz problemleri konusu icin verilen gunluk yasam senaryosunda bilinmeyen deger x olarak seciliyor carpi verilen iliskilerden denklem kurularak sonuc nasil bulunur ornek 9,İşçi-Havuz Problemleri,"İşçi-havuz problemlerinde birim zamanda yapılan iş, birlikte çalışma ve dolma-boşalma hızlarını tekrar etmelisin."
İşçi-Havuz Problemleri konusu için verilen günlük yaşam senaryosunda bilinmeyen değer x olarak seçiliyor. Verilen ilişkilerden denklem kurularak sonuç nasıl bulunur? Örnek 10,i sci eksi havuz problemleri konusu icin verilen gunluk yasam senaryosunda bilinmeyen deger x olarak seciliyor carpi verilen iliskilerden denklem kurularak sonuc nasil bulunur ornek 10,İşçi-Havuz Problemleri,"İşçi-havuz problemlerinde birim zamanda yapılan iş, birlikte çalışma ve dolma-boşalma hızlarını tekrar etmelisin."
İşçi-Havuz Problemleri konusu için verilen günlük yaşam senaryosunda bilinmeyen değer x olarak seçiliyor. Verilen ilişkilerden denklem kurularak sonuç nasıl bulunur? Örnek 11,i sci eksi havuz problemleri konusu icin verilen gunluk yasam senaryosunda bilinmeyen deger x olarak seciliyor carpi verilen iliskilerden denklem kurularak sonuc nasil bulunur ornek 11,İşçi-Havuz Problemleri,"İşçi-havuz problemlerinde birim zamanda yapılan iş, birlikte çalışma ve dolma-boşalma hızlarını tekrar etmelisin."
İşçi-Havuz Problemleri konusu için verilen günlük yaşam senaryosunda bilinmeyen değer x olarak seçiliyor. Verilen ilişkilerden denklem kurularak sonuç nasıl bulunur? Örnek 12,i sci eksi havuz problemleri konusu icin verilen gunluk yasam senaryosunda bilinmeyen deger x olarak seciliyor carpi verilen iliskilerden denklem kurularak sonuc nasil bulunur ornek 12,İşçi-Havuz Problemleri,"İşçi-havuz problemlerinde birim zamanda yapılan iş, birlikte çalışma ve dolma-boşalma hızlarını tekrar etmelisin."
İşçi-Havuz Problemleri konusu için verilen günlük yaşam senaryosunda bilinmeyen değer x olarak seçiliyor. Verilen ilişkilerden denklem kurularak sonuç nasıl bulunur? Örnek 13,i sci eksi havuz problemleri konusu icin verilen gunluk yasam senaryosunda bilinmeyen deger x olarak seciliyor carpi verilen iliskilerden denklem kurularak sonuc nasil bulunur ornek 13,İşçi-Havuz Problemleri,"İşçi-havuz problemlerinde birim zamanda yapılan iş, birlikte çalışma ve dolma-boşalma hızlarını tekrar etmelisin."
İşçi-Havuz Problemleri konusu için verilen günlük yaşam senaryosunda bilinmeyen değer x olarak seçiliyor. Verilen ilişkilerden denklem kurularak sonuç nasıl bulunur? Örnek 14,i sci eksi havuz problemleri konusu icin verilen gunluk yasam senaryosunda bilinmeyen deger x olarak seciliyor carpi verilen iliskilerden denklem kurularak sonuc nasil bulunur ornek 14,İşçi-Havuz Problemleri,"İşçi-havuz problemlerinde birim zamanda yapılan iş, birlikte çalışma ve dolma-boşalma hızlarını tekrar etmelisin."
İşçi-Havuz Problemleri konusu için verilen günlük yaşam senaryosunda bilinmeyen değer x olarak seçiliyor. Verilen ilişkilerden denklem kurularak sonuç nasıl bulunur? Örnek 15,i sci eksi havuz problemleri konusu icin verilen gunluk yasam senaryosunda bilinmeyen deger x olarak seciliyor carpi verilen iliskilerden denklem kurularak sonuc nasil bulunur ornek 15,İşçi-Havuz Problemleri,"İşçi-havuz problemlerinde birim zamanda yapılan iş, birlikte çalışma ve dolma-boşalma hızlarını tekrar etmelisin."
İşçi-Havuz Problemleri konusu için verilen günlük yaşam senaryosunda bilinmeyen değer x olarak seçiliyor. Verilen ilişkilerden denklem kurularak sonuç nasıl bulunur? Örnek 16,i sci eksi havuz problemleri konusu icin verilen gunluk yasam senaryosunda bilinmeyen deger x olarak seciliyor carpi verilen iliskilerden denklem kurularak sonuc nasil bulunur ornek 16,İşçi-Havuz Problemleri,"İşçi-havuz problemlerinde birim zamanda yapılan iş, birlikte çalışma ve dolma-boşalma hızlarını tekrar etmelisin."
İşçi-Havuz Problemleri konusu için verilen günlük yaşam senaryosunda bilinmeyen değer x olarak seçiliyor. Verilen ilişkilerden denklem kurularak sonuç nasıl bulunur? Örnek 17,i sci eksi havuz problemleri konusu icin verilen gunluk yasam senaryosunda bilinmeyen deger x olarak seciliyor carpi verilen iliskilerden denklem kurularak sonuc nasil bulunur ornek 17,İşçi-Havuz Problemleri,"İşçi-havuz problemlerinde birim zamanda yapılan iş, birlikte çalışma ve dolma-boşalma hızlarını tekrar etmelisin."
İşçi-Havuz Problemleri konusu için verilen günlük yaşam senaryosunda bilinmeyen değer x olarak seçiliyor. Verilen ilişkilerden denklem kurularak sonuç nasıl bulunur? Örnek 18,i sci eksi havuz problemleri konusu icin verilen gunluk yasam senaryosunda bilinmeyen deger x olarak seciliyor carpi verilen iliskilerden denklem kurularak sonuc nasil bulunur ornek 18,İşçi-Havuz Problemleri,"İşçi-havuz problemlerinde birim zamanda yapılan iş, birlikte çalışma ve dolma-boşalma hızlarını tekrar etmelisin."
İşçi-Havuz Problemleri konusu için verilen günlük yaşam senaryosunda bilinmeyen değer x olarak seçiliyor. Verilen ilişkilerden denklem kurularak sonuç nasıl bulunur? Örnek 19,i sci eksi havuz problemleri konusu icin verilen gunluk yasam senaryosunda bilinmeyen deger x olarak seciliyor carpi verilen iliskilerden denklem kurularak sonuc nasil bulunur ornek 19,İşçi-Havuz Problemleri,"İşçi-havuz problemlerinde birim zamanda yapılan iş, birlikte çalışma ve dolma-boşalma hızlarını tekrar etmelisin."
İşçi-Havuz Problemleri konusu için verilen günlük yaşam senaryosunda bilinmeyen değer x olarak seçiliyor. Verilen ilişkilerden denklem kurularak sonuç nasıl bulunur? Örnek 20,i sci eksi havuz problemleri konusu icin verilen gunluk yasam senaryosunda bilinmeyen deger x olarak seciliyor carpi verilen iliskilerden denklem kurularak sonuc nasil bulunur ornek 20,İşçi-Havuz Problemleri,"İşçi-havuz problemlerinde birim zamanda yapılan iş, birlikte çalışma ve dolma-boşalma hızlarını tekrar etmelisin."
Ali'nin yaşı Ayşe'nin yaşının 2 katıdır. 5 yıl sonra yaşları toplamı 55 olacaksa Ali bugün kaç yaşındadır?,ali nin yasi ayse nin yasinin 2 katidir carpi 5 yil sonra yaslari toplami 55 olacaksa ali bugun kac yasindadir,Yaş Problemleri,"Yaş problemlerinde bugünkü yaş, geçmiş-gelecek yaş ilişkisi ve yaş farkının sabit kalması mantığını tekrar etmelisin."
Bir babanın yaşı oğlunun yaşının 4 katıdır. 6 yıl sonra baba oğlunun yaşının 3 katı olacaksa oğul bugün kaç yaşındadır?,bir babanin yasi oglunun yasinin 4 katidir carpi 6 yil sonra baba oglunun yasinin 3 kati olacaksa ogul bugun kac yasindadir,Yaş Problemleri,"Yaş problemlerinde bugünkü yaş, geçmiş-gelecek yaş ilişkisi ve yaş farkının sabit kalması mantığını tekrar etmelisin."
İki kardeşin yaşları farkı 7'dir. 4 yıl sonra yaşları toplamı 39 olacağına göre küçük kardeş bugün kaç yaşındadır?,i ki kardesin yaslari farki 7 dir carpi 4 yil sonra yaslari toplami 39 olacagina gore kucuk kardes bugun kac yasindadir,Yaş Problemleri,"Yaş problemlerinde bugünkü yaş, geçmiş-gelecek yaş ilişkisi ve yaş farkının sabit kalması mantığını tekrar etmelisin."
Bir annenin yaşı kızının yaşının 3 katından 5 fazladır. Yaşları toplamı 45 ise kız kaç yaşındadır?,bir annenin yasi kizinin yasinin 3 katindan 5 fazladir carpi yaslari toplami 45 ise kiz kac yasindadir,Yaş Problemleri,"Yaş problemlerinde bugünkü yaş, geçmiş-gelecek yaş ilişkisi ve yaş farkının sabit kalması mantığını tekrar etmelisin."
"Mert'in bugünkü yaşı, 4 yıl önceki yaşının 2 katından 6 eksiktir. Mert bugün kaç yaşındadır?",mert in bugunku yasi 4 yil onceki yasinin 2 katindan 6 eksiktir carpi mert bugun kac yasindadir,Yaş Problemleri,"Yaş problemlerinde bugünkü yaş, geçmiş-gelecek yaş ilişkisi ve yaş farkının sabit kalması mantığını tekrar etmelisin."
"Bir kişinin 8 yıl sonraki yaşı, 4 yıl önceki yaşının 2 katına eşittir. Bu kişi bugün kaç yaşındadır?",bir kisinin 8 yil sonraki yasi 4 yil onceki yasinin 2 katina esittir carpi bu kisi bugun kac yasindadir,Yaş Problemleri,"Yaş problemlerinde bugünkü yaş, geçmiş-gelecek yaş ilişkisi ve yaş farkının sabit kalması mantığını tekrar etmelisin."
Dede ile torunun yaşları toplamı 86'dır. Dedenin yaşı torunun yaşının 5 katından 2 fazladır. Torun kaç yaşındadır?,dede ile torunun yaslari toplami 86 dir carpi dedenin yasi torunun yasinin 5 katindan 2 fazladir carpi torun kac yasindadir,Yaş Problemleri,"Yaş problemlerinde bugünkü yaş, geçmiş-gelecek yaş ilişkisi ve yaş farkının sabit kalması mantığını tekrar etmelisin."
Elif'in yaşı Ece'nin yaşından 6 fazladır. 3 yıl önce yaşları toplamı 24 ise Elif bugün kaç yaşındadır?,elif in yasi ece nin yasindan 6 fazladir carpi 3 yil once yaslari toplami 24 ise elif bugun kac yasindadir,Yaş Problemleri,"Yaş problemlerinde bugünkü yaş, geçmiş-gelecek yaş ilişkisi ve yaş farkının sabit kalması mantığını tekrar etmelisin."
Bir babanın bugünkü yaşı oğlunun bugünkü yaşının 5 katıdır. 10 yıl sonra baba oğlunun yaşının 3 katı olursa oğul bugün kaç yaşındadır?,bir babanin bugunku yasi oglunun bugunku yasinin 5 katidir carpi 10 yil sonra baba oglunun yasinin 3 kati olursa ogul bugun kac yasindadir,Yaş Problemleri,"Yaş problemlerinde bugünkü yaş, geçmiş-gelecek yaş ilişkisi ve yaş farkının sabit kalması mantığını tekrar etmelisin."
İki kişinin yaşları oranı 3/5'tir. Yaşları toplamı 64 olduğuna göre küçük olan kaç yaşındadır?,i ki kisinin yaslari orani 3 bolu 5 tir carpi yaslari toplami 64 olduguna gore kucuk olan kac yasindadir,Yaş Problemleri,"Yaş problemlerinde bugünkü yaş, geçmiş-gelecek yaş ilişkisi ve yaş farkının sabit kalması mantığını tekrar etmelisin."
Yaş Problemleri konusu için verilen günlük yaşam senaryosunda bilinmeyen değer x olarak seçiliyor. Verilen ilişkilerden denklem kurularak sonuç nasıl bulunur? Örnek 1,yas problemleri konusu icin verilen gunluk yasam senaryosunda bilinmeyen deger x olarak seciliyor carpi verilen iliskilerden denklem kurularak sonuc nasil bulunur ornek 1,Yaş Problemleri,"Yaş problemlerinde bugünkü yaş, geçmiş-gelecek yaş ilişkisi ve yaş farkının sabit kalması mantığını tekrar etmelisin."
Yaş Problemleri konusu için verilen günlük yaşam senaryosunda bilinmeyen değer x olarak seçiliyor. Verilen ilişkilerden denklem kurularak sonuç nasıl bulunur? Örnek 2,yas problemleri konusu icin verilen gunluk yasam senaryosunda bilinmeyen deger x olarak seciliyor carpi verilen iliskilerden denklem kurularak sonuc nasil bulunur ornek 2,Yaş Problemleri,"Yaş problemlerinde bugünkü yaş, geçmiş-gelecek yaş ilişkisi ve yaş farkının sabit kalması mantığını tekrar etmelisin."
Yaş Problemleri konusu için verilen günlük yaşam senaryosunda bilinmeyen değer x olarak seçiliyor. Verilen ilişkilerden denklem kurularak sonuç nasıl bulunur? Örnek 3,yas problemleri konusu icin verilen gunluk yasam senaryosunda bilinmeyen deger x olarak seciliyor carpi verilen iliskilerden denklem kurularak sonuc nasil bulunur ornek 3,Yaş Problemleri,"Yaş problemlerinde bugünkü yaş, geçmiş-gelecek yaş ilişkisi ve yaş farkının sabit kalması mantığını tekrar etmelisin."
Yaş Problemleri konusu için verilen günlük yaşam senaryosunda bilinmeyen değer x olarak seçiliyor. Verilen ilişkilerden denklem kurularak sonuç nasıl bulunur? Örnek 4,yas problemleri konusu icin verilen gunluk yasam senaryosunda bilinmeyen deger x olarak seciliyor carpi verilen iliskilerden denklem kurularak sonuc nasil bulunur ornek 4,Yaş Problemleri,"Yaş problemlerinde bugünkü yaş, geçmiş-gelecek yaş ilişkisi ve yaş farkının sabit kalması mantığını tekrar etmelisin."
Yaş Problemleri konusu için verilen günlük yaşam senaryosunda bilinmeyen değer x olarak seçiliyor. Verilen ilişkilerden denklem kurularak sonuç nasıl bulunur? Örnek 5,yas problemleri konusu icin verilen gunluk yasam senaryosunda bilinmeyen deger x olarak seciliyor carpi verilen iliskilerden denklem kurularak sonuc nasil bulunur ornek 5,Yaş Problemleri,"Yaş problemlerinde bugünkü yaş, geçmiş-gelecek yaş ilişkisi ve yaş farkının sabit kalması mantığını tekrar etmelisin."
Yaş Problemleri konusu için verilen günlük yaşam senaryosunda bilinmeyen değer x olarak seçiliyor. Verilen ilişkilerden denklem kurularak sonuç nasıl bulunur? Örnek 6,yas problemleri konusu icin verilen gunluk yasam senaryosunda bilinmeyen deger x olarak seciliyor carpi verilen iliskilerden denklem kurularak sonuc nasil bulunur ornek 6,Yaş Problemleri,"Yaş problemlerinde bugünkü yaş, geçmiş-gelecek yaş ilişkisi ve yaş farkının sabit kalması mantığını tekrar etmelisin."
Yaş Problemleri konusu için verilen günlük yaşam senaryosunda bilinmeyen değer x olarak seçiliyor. Verilen ilişkilerden denklem kurularak sonuç nasıl bulunur? Örnek 7,yas problemleri konusu icin verilen gunluk yasam senaryosunda bilinmeyen deger x olarak seciliyor carpi verilen iliskilerden denklem kurularak sonuc nasil bulunur ornek 7,Yaş Problemleri,"Yaş problemlerinde bugünkü yaş, geçmiş-gelecek yaş ilişkisi ve yaş farkının sabit kalması mantığını tekrar etmelisin."
Yaş Problemleri konusu için verilen günlük yaşam senaryosunda bilinmeyen değer x olarak seçiliyor. Verilen ilişkilerden denklem kurularak sonuç nasıl bulunur? Örnek 8,yas problemleri konusu icin verilen gunluk yasam senaryosunda bilinmeyen deger x olarak seciliyor carpi verilen iliskilerden denklem kurularak sonuc nasil bulunur ornek 8,Yaş Problemleri,"Yaş problemlerinde bugünkü yaş, geçmiş-gelecek yaş ilişkisi ve yaş farkının sabit kalması mantığını tekrar etmelisin."
Yaş Problemleri konusu için verilen günlük yaşam senaryosunda bilinmeyen değer x olarak seçiliyor. Verilen ilişkilerden denklem kurularak sonuç nasıl bulunur? Örnek 9,yas problemleri konusu icin verilen gunluk yasam senaryosunda bilinmeyen deger x olarak seciliyor carpi verilen iliskilerden denklem kurularak sonuc nasil bulunur ornek 9,Yaş Problemleri,"Yaş problemlerinde bugünkü yaş, geçmiş-gelecek yaş ilişkisi ve yaş farkının sabit kalması mantığını tekrar etmelisin."
Yaş Problemleri konusu için verilen günlük yaşam senaryosunda bilinmeyen değer x olarak seçiliyor. Verilen ilişkilerden denklem kurularak sonuç nasıl bulunur? Örnek 10,yas problemleri konusu icin verilen gunluk yasam senaryosunda bilinmeyen deger x olarak seciliyor carpi verilen iliskilerden denklem kurularak sonuc nasil bulunur ornek 10,Yaş Problemleri,"Yaş problemlerinde bugünkü yaş, geçmiş-gelecek yaş ilişkisi ve yaş farkının sabit kalması mantığını tekrar etmelisin."
Yaş Problemleri konusu için verilen günlük yaşam senaryosunda bilinmeyen değer x olarak seçiliyor. Verilen ilişkilerden denklem kurularak sonuç nasıl bulunur? Örnek 11,yas problemleri konusu icin verilen gunluk yasam senaryosunda bilinmeyen deger x olarak seciliyor carpi verilen iliskilerden denklem kurularak sonuc nasil bulunur ornek 11,Yaş Problemleri,"Yaş problemlerinde bugünkü yaş, geçmiş-gelecek yaş ilişkisi ve yaş farkının sabit kalması mantığını tekrar etmelisin."
Yaş Problemleri konusu için verilen günlük yaşam senaryosunda bilinmeyen değer x olarak seçiliyor. Verilen ilişkilerden denklem kurularak sonuç nasıl bulunur? Örnek 12,yas problemleri konusu icin verilen gunluk yasam senaryosunda bilinmeyen deger x olarak seciliyor carpi verilen iliskilerden denklem kurularak sonuc nasil bulunur ornek 12,Yaş Problemleri,"Yaş problemlerinde bugünkü yaş, geçmiş-gelecek yaş ilişkisi ve yaş farkının sabit kalması mantığını tekrar etmelisin."
Yaş Problemleri konusu için verilen günlük yaşam senaryosunda bilinmeyen değer x olarak seçiliyor. Verilen ilişkilerden denklem kurularak sonuç nasıl bulunur? Örnek 13,yas problemleri konusu icin verilen gunluk yasam senaryosunda bilinmeyen deger x olarak seciliyor carpi verilen iliskilerden denklem kurularak sonuc nasil bulunur ornek 13,Yaş Problemleri,"Yaş problemlerinde bugünkü yaş, geçmiş-gelecek yaş ilişkisi ve yaş farkının sabit kalması mantığını tekrar etmelisin."
Yaş Problemleri konusu için verilen günlük yaşam senaryosunda bilinmeyen değer x olarak seçiliyor. Verilen ilişkilerden denklem kurularak sonuç nasıl bulunur? Örnek 14,yas problemleri konusu icin verilen gunluk yasam senaryosunda bilinmeyen deger x olarak seciliyor carpi verilen iliskilerden denklem kurularak sonuc nasil bulunur ornek 14,Yaş Problemleri,"Yaş problemlerinde bugünkü yaş, geçmiş-gelecek yaş ilişkisi ve yaş farkının sabit kalması mantığını tekrar etmelisin."
Yaş Problemleri konusu için verilen günlük yaşam senaryosunda bilinmeyen değer x olarak seçiliyor. Verilen ilişkilerden denklem kurularak sonuç nasıl bulunur? Örnek 15,yas problemleri konusu icin verilen gunluk yasam senaryosunda bilinmeyen deger x olarak seciliyor carpi verilen iliskilerden denklem kurularak sonuc nasil bulunur ornek 15,Yaş Problemleri,"Yaş problemlerinde bugünkü yaş, geçmiş-gelecek yaş ilişkisi ve yaş farkının sabit kalması mantığını tekrar etmelisin."
Yaş Problemleri konusu için verilen günlük yaşam senaryosunda bilinmeyen değer x olarak seçiliyor. Verilen ilişkilerden denklem kurularak sonuç nasıl bulunur? Örnek 16,yas problemleri konusu icin verilen gunluk yasam senaryosunda bilinmeyen deger x olarak seciliyor carpi verilen iliskilerden denklem kurularak sonuc nasil bulunur ornek 16,Yaş Problemleri,"Yaş problemlerinde bugünkü yaş, geçmiş-gelecek yaş ilişkisi ve yaş farkının sabit kalması mantığını tekrar etmelisin."
Yaş Problemleri konusu için verilen günlük yaşam senaryosunda bilinmeyen değer x olarak seçiliyor. Verilen ilişkilerden denklem kurularak sonuç nasıl bulunur? Örnek 17,yas problemleri konusu icin verilen gunluk yasam senaryosunda bilinmeyen deger x olarak seciliyor carpi verilen iliskilerden denklem kurularak sonuc nasil bulunur ornek 17,Yaş Problemleri,"Yaş problemlerinde bugünkü yaş, geçmiş-gelecek yaş ilişkisi ve yaş farkının sabit kalması mantığını tekrar etmelisin."
Yaş Problemleri konusu için verilen günlük yaşam senaryosunda bilinmeyen değer x olarak seçiliyor. Verilen ilişkilerden denklem kurularak sonuç nasıl bulunur? Örnek 18,yas problemleri konusu icin verilen gunluk yasam senaryosunda bilinmeyen deger x olarak seciliyor carpi verilen iliskilerden denklem kurularak sonuc nasil bulunur ornek 18,Yaş Problemleri,"Yaş problemlerinde bugünkü yaş, geçmiş-gelecek yaş ilişkisi ve yaş farkının sabit kalması mantığını tekrar etmelisin."
Yaş Problemleri konusu için verilen günlük yaşam senaryosunda bilinmeyen değer x olarak seçiliyor. Verilen ilişkilerden denklem kurularak sonuç nasıl bulunur? Örnek 19,yas problemleri konusu icin verilen gunluk yasam senaryosunda bilinmeyen deger x olarak seciliyor carpi verilen iliskilerden denklem kurularak sonuc nasil bulunur ornek 19,Yaş Problemleri,"Yaş problemlerinde bugünkü yaş, geçmiş-gelecek yaş ilişkisi ve yaş farkının sabit kalması mantığını tekrar etmelisin."
Yaş Problemleri konusu için verilen günlük yaşam senaryosunda bilinmeyen değer x olarak seçiliyor. Verilen ilişkilerden denklem kurularak sonuç nasıl bulunur? Örnek 20,yas problemleri konusu icin verilen gunluk yasam senaryosunda bilinmeyen deger x olarak seciliyor carpi verilen iliskilerden denklem kurularak sonuc nasil bulunur ornek 20,Yaş Problemleri,"Yaş problemlerinde bugünkü yaş, geçmiş-gelecek yaş ilişkisi ve yaş farkının sabit kalması mantığını tekrar etmelisin."
Bir ürünün fiyatı %20 artırılınca 240 TL oluyor. Ürünün ilk fiyatı kaç TL'dir?,bir urunun fiyati 20 artirilinca 240 tl oluyor carpi urunun ilk fiyati kac tl dir,Yüzde Problemleri,"Yüzde problemlerinde yüzde artış-azalış, oranı kesre çevirme ve başlangıç değerini bulma konularını tekrar etmelisin."
Bir sınıftaki öğrencilerin %40'ı kızdır. Kız öğrenci sayısı 18 ise sınıfta toplam kaç öğrenci vardır?,bir siniftaki ogrencilerin 40 i kizdir carpi kiz ogrenci sayisi 18 ise sinifta toplam kac ogrenci vardir,Yüzde Problemleri,"Yüzde problemlerinde yüzde artış-azalış, oranı kesre çevirme ve başlangıç değerini bulma konularını tekrar etmelisin."
Bir sayının %25'i 60 ise bu sayı kaçtır?,bir sayinin 25 i 60 ise bu sayi kactir,Yüzde Problemleri,"Yüzde problemlerinde yüzde artış-azalış, oranı kesre çevirme ve başlangıç değerini bulma konularını tekrar etmelisin."
Bir mağazada 300 TL'lik ürüne %15 indirim yapılıyor. İndirimli fiyat kaç TL'dir?,bir magazada 300 tl lik urune 15 indirim yapiliyor carpi i ndirimli fiyat kac tl dir,Yüzde Problemleri,"Yüzde problemlerinde yüzde artış-azalış, oranı kesre çevirme ve başlangıç değerini bulma konularını tekrar etmelisin."
Bir ürün önce %10 artırılıp sonra yeni fiyat üzerinden %10 azaltılıyor. Son fiyat başlangıca göre nasıl değişir?,bir urun once 10 artirilip sonra yeni fiyat uzerinden 10 azaltiliyor carpi son fiyat baslangica gore nasil degisir,Yüzde Problemleri,"Yüzde problemlerinde yüzde artış-azalış, oranı kesre çevirme ve başlangıç değerini bulma konularını tekrar etmelisin."
Bir depodaki suyun %30'u kullanıldığında geriye 140 litre kalıyor. Başlangıçta depoda kaç litre su vardı?,bir depodaki suyun 30 u kullanildiginda geriye 140 litre kaliyor carpi baslangicta depoda kac litre su vardi,Yüzde Problemleri,"Yüzde problemlerinde yüzde artış-azalış, oranı kesre çevirme ve başlangıç değerini bulma konularını tekrar etmelisin."
Bir sınavda 80 sorunun %75'ini doğru yapan öğrenci kaç doğru yapmıştır?,bir sinavda 80 sorunun 75 ini dogru yapan ogrenci kac dogru yapmistir,Yüzde Problemleri,"Yüzde problemlerinde yüzde artış-azalış, oranı kesre çevirme ve başlangıç değerini bulma konularını tekrar etmelisin."
Bir telefonun fiyatı %12 zamla 5600 TL oluyor. Zamdan önceki fiyat kaç TL'dir?,bir telefonun fiyati 12 zamla 5600 tl oluyor carpi zamdan onceki fiyat kac tl dir,Yüzde Problemleri,"Yüzde problemlerinde yüzde artış-azalış, oranı kesre çevirme ve başlangıç değerini bulma konularını tekrar etmelisin."
Bir karışımın %18'i tuzdur. Tuz miktarı 36 gram ise karışımın tamamı kaç gramdır?,bir karisimin 18 i tuzdur carpi tuz miktari 36 gram ise karisimin tamami kac gramdir,Yüzde Problemleri,"Yüzde problemlerinde yüzde artış-azalış, oranı kesre çevirme ve başlangıç değerini bulma konularını tekrar etmelisin."
Bir okulda öğrenci sayısı %25 artarak 500 olmuştur. Artmadan önce öğrenci sayısı kaçtır?,bir okulda ogrenci sayisi 25 artarak 500 olmustur carpi artmadan once ogrenci sayisi kactir,Yüzde Problemleri,"Yüzde problemlerinde yüzde artış-azalış, oranı kesre çevirme ve başlangıç değerini bulma konularını tekrar etmelisin."
Yüzde Problemleri konusu için verilen günlük yaşam senaryosunda bilinmeyen değer x olarak seçiliyor. Verilen ilişkilerden denklem kurularak sonuç nasıl bulunur? Örnek 1,yuzde problemleri konusu icin verilen gunluk yasam senaryosunda bilinmeyen deger x olarak seciliyor carpi verilen iliskilerden denklem kurularak sonuc nasil bulunur ornek 1,Yüzde Problemleri,"Yüzde problemlerinde yüzde artış-azalış, oranı kesre çevirme ve başlangıç değerini bulma konularını tekrar etmelisin."
Yüzde Problemleri konusu için verilen günlük yaşam senaryosunda bilinmeyen değer x olarak seçiliyor. Verilen ilişkilerden denklem kurularak sonuç nasıl bulunur? Örnek 2,yuzde problemleri konusu icin verilen gunluk yasam senaryosunda bilinmeyen deger x olarak seciliyor carpi verilen iliskilerden denklem kurularak sonuc nasil bulunur ornek 2,Yüzde Problemleri,"Yüzde problemlerinde yüzde artış-azalış, oranı kesre çevirme ve başlangıç değerini bulma konularını tekrar etmelisin."
Yüzde Problemleri konusu için verilen günlük yaşam senaryosunda bilinmeyen değer x olarak seçiliyor. Verilen ilişkilerden denklem kurularak sonuç nasıl bulunur? Örnek 3,yuzde problemleri konusu icin verilen gunluk yasam senaryosunda bilinmeyen deger x olarak seciliyor carpi verilen iliskilerden denklem kurularak sonuc nasil bulunur ornek 3,Yüzde Problemleri,"Yüzde problemlerinde yüzde artış-azalış, oranı kesre çevirme ve başlangıç değerini bulma konularını tekrar etmelisin."
Yüzde Problemleri konusu için verilen günlük yaşam senaryosunda bilinmeyen değer x olarak seçiliyor. Verilen ilişkilerden denklem kurularak sonuç nasıl bulunur? Örnek 4,yuzde problemleri konusu icin verilen gunluk yasam senaryosunda bilinmeyen deger x olarak seciliyor carpi verilen iliskilerden denklem kurularak sonuc nasil bulunur ornek 4,Yüzde Problemleri,"Yüzde problemlerinde yüzde artış-azalış, oranı kesre çevirme ve başlangıç değerini bulma konularını tekrar etmelisin."
Yüzde Problemleri konusu için verilen günlük yaşam senaryosunda bilinmeyen değer x olarak seçiliyor. Verilen ilişkilerden denklem kurularak sonuç nasıl bulunur? Örnek 5,yuzde problemleri konusu icin verilen gunluk yasam senaryosunda bilinmeyen deger x olarak seciliyor carpi verilen iliskilerden denklem kurularak sonuc nasil bulunur ornek 5,Yüzde Problemleri,"Yüzde problemlerinde yüzde artış-azalış, oranı kesre çevirme ve başlangıç değerini bulma konularını tekrar etmelisin."
Yüzde Problemleri konusu için verilen günlük yaşam senaryosunda bilinmeyen değer x olarak seçiliyor. Verilen ilişkilerden denklem kurularak sonuç nasıl bulunur? Örnek 6,yuzde problemleri konusu icin verilen gunluk yasam senaryosunda bilinmeyen deger x olarak seciliyor carpi verilen iliskilerden denklem kurularak sonuc nasil bulunur ornek 6,Yüzde Problemleri,"Yüzde problemlerinde yüzde artış-azalış, oranı kesre çevirme ve başlangıç değerini bulma konularını tekrar etmelisin."
Yüzde Problemleri konusu için verilen günlük yaşam senaryosunda bilinmeyen değer x olarak seçiliyor. Verilen ilişkilerden denklem kurularak sonuç nasıl bulunur? Örnek 7,yuzde problemleri konusu icin verilen gunluk yasam senaryosunda bilinmeyen deger x olarak seciliyor carpi verilen iliskilerden denklem kurularak sonuc nasil bulunur ornek 7,Yüzde Problemleri,"Yüzde problemlerinde yüzde artış-azalış, oranı kesre çevirme ve başlangıç değerini bulma konularını tekrar etmelisin."
Yüzde Problemleri konusu için verilen günlük yaşam senaryosunda bilinmeyen değer x olarak seçiliyor. Verilen ilişkilerden denklem kurularak sonuç nasıl bulunur? Örnek 8,yuzde problemleri konusu icin verilen gunluk yasam senaryosunda bilinmeyen deger x olarak seciliyor carpi verilen iliskilerden denklem kurularak sonuc nasil bulunur ornek 8,Yüzde Problemleri,"Yüzde problemlerinde yüzde artış-azalış, oranı kesre çevirme ve başlangıç değerini bulma konularını tekrar etmelisin."
Yüzde Problemleri konusu için verilen günlük yaşam senaryosunda bilinmeyen değer x olarak seçiliyor. Verilen ilişkilerden denklem kurularak sonuç nasıl bulunur? Örnek 9,yuzde problemleri konusu icin verilen gunluk yasam senaryosunda bilinmeyen deger x olarak seciliyor carpi verilen iliskilerden denklem kurularak sonuc nasil bulunur ornek 9,Yüzde Problemleri,"Yüzde problemlerinde yüzde artış-azalış, oranı kesre çevirme ve başlangıç değerini bulma konularını tekrar etmelisin."
Yüzde Problemleri konusu için verilen günlük yaşam senaryosunda bilinmeyen değer x olarak seçiliyor. Verilen ilişkilerden denklem kurularak sonuç nasıl bulunur? Örnek 10,yuzde problemleri konusu icin verilen gunluk yasam senaryosunda bilinmeyen deger x olarak seciliyor carpi verilen iliskilerden denklem kurularak sonuc nasil bulunur ornek 10,Yüzde Problemleri,"Yüzde problemlerinde yüzde artış-azalış, oranı kesre çevirme ve başlangıç değerini bulma konularını tekrar etmelisin."
Yüzde Problemleri konusu için verilen günlük yaşam senaryosunda bilinmeyen değer x olarak seçiliyor. Verilen ilişkilerden denklem kurularak sonuç nasıl bulunur? Örnek 11,yuzde problemleri konusu icin verilen gunluk yasam senaryosunda bilinmeyen deger x olarak seciliyor carpi verilen iliskilerden denklem kurularak sonuc nasil bulunur ornek 11,Yüzde Problemleri,"Yüzde problemlerinde yüzde artış-azalış, oranı kesre çevirme ve başlangıç değerini bulma konularını tekrar etmelisin."
Yüzde Problemleri konusu için verilen günlük yaşam senaryosunda bilinmeyen değer x olarak seçiliyor. Verilen ilişkilerden denklem kurularak sonuç nasıl bulunur? Örnek 12,yuzde problemleri konusu icin verilen gunluk yasam senaryosunda bilinmeyen deger x olarak seciliyor carpi verilen iliskilerden denklem kurularak sonuc nasil bulunur ornek 12,Yüzde Problemleri,"Yüzde problemlerinde yüzde artış-azalış, oranı kesre çevirme ve başlangıç değerini bulma konularını tekrar etmelisin."
Yüzde Problemleri konusu için verilen günlük yaşam senaryosunda bilinmeyen değer x olarak seçiliyor. Verilen ilişkilerden denklem kurularak sonuç nasıl bulunur? Örnek 13,yuzde problemleri konusu icin verilen gunluk yasam senaryosunda bilinmeyen deger x olarak seciliyor carpi verilen iliskilerden denklem kurularak sonuc nasil bulunur ornek 13,Yüzde Problemleri,"Yüzde problemlerinde yüzde artış-azalış, oranı kesre çevirme ve başlangıç değerini bulma konularını tekrar etmelisin."
Yüzde Problemleri konusu için verilen günlük yaşam senaryosunda bilinmeyen değer x olarak seçiliyor. Verilen ilişkilerden denklem kurularak sonuç nasıl bulunur? Örnek 14,yuzde problemleri konusu icin verilen gunluk yasam senaryosunda bilinmeyen deger x olarak seciliyor carpi verilen iliskilerden denklem kurularak sonuc nasil bulunur ornek 14,Yüzde Problemleri,"Yüzde problemlerinde yüzde artış-azalış, oranı kesre çevirme ve başlangıç değerini bulma konularını tekrar etmelisin."
Yüzde Problemleri konusu için verilen günlük yaşam senaryosunda bilinmeyen değer x olarak seçiliyor. Verilen ilişkilerden denklem kurularak sonuç nasıl bulunur? Örnek 15,yuzde problemleri konusu icin verilen gunluk yasam senaryosunda bilinmeyen deger x olarak seciliyor carpi verilen iliskilerden denklem kurularak sonuc nasil bulunur ornek 15,Yüzde Problemleri,"Yüzde problemlerinde yüzde artış-azalış, oranı kesre çevirme ve başlangıç değerini bulma konularını tekrar etmelisin."
Yüzde Problemleri konusu için verilen günlük yaşam senaryosunda bilinmeyen değer x olarak seçiliyor. Verilen ilişkilerden denklem kurularak sonuç nasıl bulunur? Örnek 16,yuzde problemleri konusu icin verilen gunluk yasam senaryosunda bilinmeyen deger x olarak seciliyor carpi verilen iliskilerden denklem kurularak sonuc nasil bulunur ornek 16,Yüzde Problemleri,"Yüzde problemlerinde yüzde artış-azalış, oranı kesre çevirme ve başlangıç değerini bulma konularını tekrar etmelisin."
Yüzde Problemleri konusu için verilen günlük yaşam senaryosunda bilinmeyen değer x olarak seçiliyor. Verilen ilişkilerden denklem kurularak sonuç nasıl bulunur? Örnek 17,yuzde problemleri konusu icin verilen gunluk yasam senaryosunda bilinmeyen deger x olarak seciliyor carpi verilen iliskilerden denklem kurularak sonuc nasil bulunur ornek 17,Yüzde Problemleri,"Yüzde problemlerinde yüzde artış-azalış, oranı kesre çevirme ve başlangıç değerini bulma konularını tekrar etmelisin."
Yüzde Problemleri konusu için verilen günlük yaşam senaryosunda bilinmeyen değer x olarak seçiliyor. Verilen ilişkilerden denklem kurularak sonuç nasıl bulunur? Örnek 18,yuzde problemleri konusu icin verilen gunluk yasam senaryosunda bilinmeyen deger x olarak seciliyor carpi verilen iliskilerden denklem kurularak sonuc nasil bulunur ornek 18,Yüzde Problemleri,"Yüzde problemlerinde yüzde artış-azalış, oranı kesre çevirme ve başlangıç değerini bulma konularını tekrar etmelisin."
Yüzde Problemleri konusu için verilen günlük yaşam senaryosunda bilinmeyen değer x olarak seçiliyor. Verilen ilişkilerden denklem kurularak sonuç nasıl bulunur? Örnek 19,yuzde problemleri konusu icin verilen gunluk yasam senaryosunda bilinmeyen deger x olarak seciliyor carpi verilen iliskilerden denklem kurularak sonuc nasil bulunur ornek 19,Yüzde Problemleri,"Yüzde problemlerinde yüzde artış-azalış, oranı kesre çevirme ve başlangıç değerini bulma konularını tekrar etmelisin."
Yüzde Problemleri konusu için verilen günlük yaşam senaryosunda bilinmeyen değer x olarak seçiliyor. Verilen ilişkilerden denklem kurularak sonuç nasıl bulunur? Örnek 20,yuzde problemleri konusu icin verilen gunluk yasam senaryosunda bilinmeyen deger x olarak seciliyor carpi verilen iliskilerden denklem kurularak sonuc nasil bulunur ornek 20,Yüzde Problemleri,"Yüzde problemlerinde yüzde artış-azalış, oranı kesre çevirme ve başlangıç değerini bulma konularını tekrar etmelisin."
Bir ürün 200 TL'ye alınıp %25 karla satılıyor. Satış fiyatı kaç TL'dir?,bir urun 200 tl ye alinip 25 karla satiliyor carpi satis fiyati kac tl dir,Kar-Zarar Problemleri,"Kar-zarar problemlerinde alış fiyatı, satış fiyatı, kar oranı ve zarar oranı ilişkilerini tekrar etmelisin."
Bir satıcı 360 TL'ye sattığı üründen %20 zarar ediyor. Ürünün alış fiyatı kaç TL'dir?,bir satici 360 tl ye sattigi urunden 20 zarar ediyor carpi urunun alis fiyati kac tl dir,Kar-Zarar Problemleri,"Kar-zarar problemlerinde alış fiyatı, satış fiyatı, kar oranı ve zarar oranı ilişkilerini tekrar etmelisin."
Alış fiyatı 500 TL olan bir ürün 650 TL'ye satılıyor. Kar yüzdesi kaçtır?,alis fiyati 500 tl olan bir urun 650 tl ye satiliyor carpi kar yuzdesi kactir,Kar-Zarar Problemleri,"Kar-zarar problemlerinde alış fiyatı, satış fiyatı, kar oranı ve zarar oranı ilişkilerini tekrar etmelisin."
Bir ürün %15 zararla 170 TL'ye satılmıştır. Ürünün alış fiyatı kaç TL'dir?,bir urun 15 zararla 170 tl ye satilmistir carpi urunun alis fiyati kac tl dir,Kar-Zarar Problemleri,"Kar-zarar problemlerinde alış fiyatı, satış fiyatı, kar oranı ve zarar oranı ilişkilerini tekrar etmelisin."
Bir mağaza ürünün etiket fiyatına %20 indirim yapınca 400 TL'ye satıyor. Etiket fiyatı kaç TL'dir?,bir magaza urunun etiket fiyatina 20 indirim yapinca 400 tl ye satiyor carpi etiket fiyati kac tl dir,Kar-Zarar Problemleri,"Kar-zarar problemlerinde alış fiyatı, satış fiyatı, kar oranı ve zarar oranı ilişkilerini tekrar etmelisin."
Bir ürün önce %30 karla fiyatlandırılıp sonra bu fiyat üzerinden %10 indirimle satılıyor. Alış fiyatı 100 TL ise satış fiyatı kaç TL'dir?,bir urun once 30 karla fiyatlandirilip sonra bu fiyat uzerinden 10 indirimle satiliyor carpi alis fiyati 100 tl ise satis fiyati kac tl dir,Kar-Zarar Problemleri,"Kar-zarar problemlerinde alış fiyatı, satış fiyatı, kar oranı ve zarar oranı ilişkilerini tekrar etmelisin."
"Bir satıcı iki üründen birini %20 karla, diğerini %20 zararla satıyor. Alış fiyatları eşitse toplam durumda ne olur?",bir satici iki urunden birini 20 karla digerini 20 zararla satiyor carpi alis fiyatlari esitse toplam durumda ne olur,Kar-Zarar Problemleri,"Kar-zarar problemlerinde alış fiyatı, satış fiyatı, kar oranı ve zarar oranı ilişkilerini tekrar etmelisin."
120 TL'ye alınan bir ürün 150 TL'ye satılırsa kar oranı kaçtır?,120 tl ye alinan bir urun 150 tl ye satilirsa kar orani kactir,Kar-Zarar Problemleri,"Kar-zarar problemlerinde alış fiyatı, satış fiyatı, kar oranı ve zarar oranı ilişkilerini tekrar etmelisin."
Bir ürünün satış fiyatı alış fiyatının 4/5'i kadardır. Zarar yüzdesi kaçtır?,bir urunun satis fiyati alis fiyatinin 4 bolu 5 i kadardir carpi zarar yuzdesi kactir,Kar-Zarar Problemleri,"Kar-zarar problemlerinde alış fiyatı, satış fiyatı, kar oranı ve zarar oranı ilişkilerini tekrar etmelisin."
Bir satıcı 80 TL kar ederek ürünü 480 TL'ye satıyor. Kar oranı kaçtır?,bir satici 80 tl kar ederek urunu 480 tl ye satiyor carpi kar orani kactir,Kar-Zarar Problemleri,"Kar-zarar problemlerinde alış fiyatı, satış fiyatı, kar oranı ve zarar oranı ilişkilerini tekrar etmelisin."
Kar-Zarar Problemleri konusu için verilen günlük yaşam senaryosunda bilinmeyen değer x olarak seçiliyor. Verilen ilişkilerden denklem kurularak sonuç nasıl bulunur? Örnek 1,kar eksi zarar problemleri konusu icin verilen gunluk yasam senaryosunda bilinmeyen deger x olarak seciliyor carpi verilen iliskilerden denklem kurularak sonuc nasil bulunur ornek 1,Kar-Zarar Problemleri,"Kar-zarar problemlerinde alış fiyatı, satış fiyatı, kar oranı ve zarar oranı ilişkilerini tekrar etmelisin."
Kar-Zarar Problemleri konusu için verilen günlük yaşam senaryosunda bilinmeyen değer x olarak seçiliyor. Verilen ilişkilerden denklem kurularak sonuç nasıl bulunur? Örnek 2,kar eksi zarar problemleri konusu icin verilen gunluk yasam senaryosunda bilinmeyen deger x olarak seciliyor carpi verilen iliskilerden denklem kurularak sonuc nasil bulunur ornek 2,Kar-Zarar Problemleri,"Kar-zarar problemlerinde alış fiyatı, satış fiyatı, kar oranı ve zarar oranı ilişkilerini tekrar etmelisin."
Kar-Zarar Problemleri konusu için verilen günlük yaşam senaryosunda bilinmeyen değer x olarak seçiliyor. Verilen ilişkilerden denklem kurularak sonuç nasıl bulunur? Örnek 3,kar eksi zarar problemleri konusu icin verilen gunluk yasam senaryosunda bilinmeyen deger x olarak seciliyor carpi verilen iliskilerden denklem kurularak sonuc nasil bulunur ornek 3,Kar-Zarar Problemleri,"Kar-zarar problemlerinde alış fiyatı, satış fiyatı, kar oranı ve zarar oranı ilişkilerini tekrar etmelisin."
Kar-Zarar Problemleri konusu için verilen günlük yaşam senaryosunda bilinmeyen değer x olarak seçiliyor. Verilen ilişkilerden denklem kurularak sonuç nasıl bulunur? Örnek 4,kar eksi zarar problemleri konusu icin verilen gunluk yasam senaryosunda bilinmeyen deger x olarak seciliyor carpi verilen iliskilerden denklem kurularak sonuc nasil bulunur ornek 4,Kar-Zarar Problemleri,"Kar-zarar problemlerinde alış fiyatı, satış fiyatı, kar oranı ve zarar oranı ilişkilerini tekrar etmelisin."
Kar-Zarar Problemleri konusu için verilen günlük yaşam senaryosunda bilinmeyen değer x olarak seçiliyor. Verilen ilişkilerden denklem kurularak sonuç nasıl bulunur? Örnek 5,kar eksi zarar problemleri konusu icin verilen gunluk yasam senaryosunda bilinmeyen deger x olarak seciliyor carpi verilen iliskilerden denklem kurularak sonuc nasil bulunur ornek 5,Kar-Zarar Problemleri,"Kar-zarar problemlerinde alış fiyatı, satış fiyatı, kar oranı ve zarar oranı ilişkilerini tekrar etmelisin."
Kar-Zarar Problemleri konusu için verilen günlük yaşam senaryosunda bilinmeyen değer x olarak seçiliyor. Verilen ilişkilerden denklem kurularak sonuç nasıl bulunur? Örnek 6,kar eksi zarar problemleri konusu icin verilen gunluk yasam senaryosunda bilinmeyen deger x olarak seciliyor carpi verilen iliskilerden denklem kurularak sonuc nasil bulunur ornek 6,Kar-Zarar Problemleri,"Kar-zarar problemlerinde alış fiyatı, satış fiyatı, kar oranı ve zarar oranı ilişkilerini tekrar etmelisin."
Kar-Zarar Problemleri konusu için verilen günlük yaşam senaryosunda bilinmeyen değer x olarak seçiliyor. Verilen ilişkilerden denklem kurularak sonuç nasıl bulunur? Örnek 7,kar eksi zarar problemleri konusu icin verilen gunluk yasam senaryosunda bilinmeyen deger x olarak seciliyor carpi verilen iliskilerden denklem kurularak sonuc nasil bulunur ornek 7,Kar-Zarar Problemleri,"Kar-zarar problemlerinde alış fiyatı, satış fiyatı, kar oranı ve zarar oranı ilişkilerini tekrar etmelisin."
Kar-Zarar Problemleri konusu için verilen günlük yaşam senaryosunda bilinmeyen değer x olarak seçiliyor. Verilen ilişkilerden denklem kurularak sonuç nasıl bulunur? Örnek 8,kar eksi zarar problemleri konusu icin verilen gunluk yasam senaryosunda bilinmeyen deger x olarak seciliyor carpi verilen iliskilerden denklem kurularak sonuc nasil bulunur ornek 8,Kar-Zarar Problemleri,"Kar-zarar problemlerinde alış fiyatı, satış fiyatı, kar oranı ve zarar oranı ilişkilerini tekrar etmelisin."
Kar-Zarar Problemleri konusu için verilen günlük yaşam senaryosunda bilinmeyen değer x olarak seçiliyor. Verilen ilişkilerden denklem kurularak sonuç nasıl bulunur? Örnek 9,kar eksi zarar problemleri konusu icin verilen gunluk yasam senaryosunda bilinmeyen deger x olarak seciliyor carpi verilen iliskilerden denklem kurularak sonuc nasil bulunur ornek 9,Kar-Zarar Problemleri,"Kar-zarar problemlerinde alış fiyatı, satış fiyatı, kar oranı ve zarar oranı ilişkilerini tekrar etmelisin."
Kar-Zarar Problemleri konusu için verilen günlük yaşam senaryosunda bilinmeyen değer x olarak seçiliyor. Verilen ilişkilerden denklem kurularak sonuç nasıl bulunur? Örnek 10,kar eksi zarar problemleri konusu icin verilen gunluk yasam senaryosunda bilinmeyen deger x olarak seciliyor carpi verilen iliskilerden denklem kurularak sonuc nasil bulunur ornek 10,Kar-Zarar Problemleri,"Kar-zarar problemlerinde alış fiyatı, satış fiyatı, kar oranı ve zarar oranı ilişkilerini tekrar etmelisin."
Kar-Zarar Problemleri konusu için verilen günlük yaşam senaryosunda bilinmeyen değer x olarak seçiliyor. Verilen ilişkilerden denklem kurularak sonuç nasıl bulunur? Örnek 11,kar eksi zarar problemleri konusu icin verilen gunluk yasam senaryosunda bilinmeyen deger x olarak seciliyor carpi verilen iliskilerden denklem kurularak sonuc nasil bulunur ornek 11,Kar-Zarar Problemleri,"Kar-zarar problemlerinde alış fiyatı, satış fiyatı, kar oranı ve zarar oranı ilişkilerini tekrar etmelisin."
Kar-Zarar Problemleri konusu için verilen günlük yaşam senaryosunda bilinmeyen değer x olarak seçiliyor. Verilen ilişkilerden denklem kurularak sonuç nasıl bulunur? Örnek 12,kar eksi zarar problemleri konusu icin verilen gunluk yasam senaryosunda bilinmeyen deger x olarak seciliyor carpi verilen iliskilerden denklem kurularak sonuc nasil bulunur ornek 12,Kar-Zarar Problemleri,"Kar-zarar problemlerinde alış fiyatı, satış fiyatı, kar oranı ve zarar oranı ilişkilerini tekrar etmelisin."
Kar-Zarar Problemleri konusu için verilen günlük yaşam senaryosunda bilinmeyen değer x olarak seçiliyor. Verilen ilişkilerden denklem kurularak sonuç nasıl bulunur? Örnek 13,kar eksi zarar problemleri konusu icin verilen gunluk yasam senaryosunda bilinmeyen deger x olarak seciliyor carpi verilen iliskilerden denklem kurularak sonuc nasil bulunur ornek 13,Kar-Zarar Problemleri,"Kar-zarar problemlerinde alış fiyatı, satış fiyatı, kar oranı ve zarar oranı ilişkilerini tekrar etmelisin."
Kar-Zarar Problemleri konusu için verilen günlük yaşam senaryosunda bilinmeyen değer x olarak seçiliyor. Verilen ilişkilerden denklem kurularak sonuç nasıl bulunur? Örnek 14,kar eksi zarar problemleri konusu icin verilen gunluk yasam senaryosunda bilinmeyen deger x olarak seciliyor carpi verilen iliskilerden denklem kurularak sonuc nasil bulunur ornek 14,Kar-Zarar Problemleri,"Kar-zarar problemlerinde alış fiyatı, satış fiyatı, kar oranı ve zarar oranı ilişkilerini tekrar etmelisin."
Kar-Zarar Problemleri konusu için verilen günlük yaşam senaryosunda bilinmeyen değer x olarak seçiliyor. Verilen ilişkilerden denklem kurularak sonuç nasıl bulunur? Örnek 15,kar eksi zarar problemleri konusu icin verilen gunluk yasam senaryosunda bilinmeyen deger x olarak seciliyor carpi verilen iliskilerden denklem kurularak sonuc nasil bulunur ornek 15,Kar-Zarar Problemleri,"Kar-zarar problemlerinde alış fiyatı, satış fiyatı, kar oranı ve zarar oranı ilişkilerini tekrar etmelisin."
Kar-Zarar Problemleri konusu için verilen günlük yaşam senaryosunda bilinmeyen değer x olarak seçiliyor. Verilen ilişkilerden denklem kurularak sonuç nasıl bulunur? Örnek 16,kar eksi zarar problemleri konusu icin verilen gunluk yasam senaryosunda bilinmeyen deger x olarak seciliyor carpi verilen iliskilerden denklem kurularak sonuc nasil bulunur ornek 16,Kar-Zarar Problemleri,"Kar-zarar problemlerinde alış fiyatı, satış fiyatı, kar oranı ve zarar oranı ilişkilerini tekrar etmelisin."
Kar-Zarar Problemleri konusu için verilen günlük yaşam senaryosunda bilinmeyen değer x olarak seçiliyor. Verilen ilişkilerden denklem kurularak sonuç nasıl bulunur? Örnek 17,kar eksi zarar problemleri konusu icin verilen gunluk yasam senaryosunda bilinmeyen deger x olarak seciliyor carpi verilen iliskilerden denklem kurularak sonuc nasil bulunur ornek 17,Kar-Zarar Problemleri,"Kar-zarar problemlerinde alış fiyatı, satış fiyatı, kar oranı ve zarar oranı ilişkilerini tekrar etmelisin."
Kar-Zarar Problemleri konusu için verilen günlük yaşam senaryosunda bilinmeyen değer x olarak seçiliyor. Verilen ilişkilerden denklem kurularak sonuç nasıl bulunur? Örnek 18,kar eksi zarar problemleri konusu icin verilen gunluk yasam senaryosunda bilinmeyen deger x olarak seciliyor carpi verilen iliskilerden denklem kurularak sonuc nasil bulunur ornek 18,Kar-Zarar Problemleri,"Kar-zarar problemlerinde alış fiyatı, satış fiyatı, kar oranı ve zarar oranı ilişkilerini tekrar etmelisin."
Kar-Zarar Problemleri konusu için verilen günlük yaşam senaryosunda bilinmeyen değer x olarak seçiliyor. Verilen ilişkilerden denklem kurularak sonuç nasıl bulunur? Örnek 19,kar eksi zarar problemleri konusu icin verilen gunluk yasam senaryosunda bilinmeyen deger x olarak seciliyor carpi verilen iliskilerden denklem kurularak sonuc nasil bulunur ornek 19,Kar-Zarar Problemleri,"Kar-zarar problemlerinde alış fiyatı, satış fiyatı, kar oranı ve zarar oranı ilişkilerini tekrar etmelisin."
Kar-Zarar Problemleri konusu için verilen günlük yaşam senaryosunda bilinmeyen değer x olarak seçiliyor. Verilen ilişkilerden denklem kurularak sonuç nasıl bulunur? Örnek 20,kar eksi zarar problemleri konusu icin verilen gunluk yasam senaryosunda bilinmeyen deger x olarak seciliyor carpi verilen iliskilerden denklem kurularak sonuc nasil bulunur ornek 20,Kar-Zarar Problemleri,"Kar-zarar problemlerinde alış fiyatı, satış fiyatı, kar oranı ve zarar oranı ilişkilerini tekrar etmelisin."
"Bir tabloda A ürününün satışları pazartesi 20, salı 35, çarşamba 25 verilmiştir. En çok satış hangi gün yapılmıştır?",bir tabloda a urununun satislari pazartesi 20 sali 35 carsamba 25 verilmistir carpi en cok satis hangi gun yapilmistir,Tablo-Grafik Problemleri,"Tablo-grafik problemlerinde verilen veriyi okuma, karşılaştırma, toplam-fark bulma ve grafikten sonuç çıkarma becerilerini tekrar etmelisin."
"Bir grafikte 2021'de 40, 2022'de 55, 2023'te 70 öğrenci gösteriliyor. 2021'den 2023'e artış kaçtır?",bir grafikte 2021 de 40 2022 de 55 2023 te 70 ogrenci gosteriliyor carpi 2021 den 2023 e artis kactir,Tablo-Grafik Problemleri,"Tablo-grafik problemlerinde verilen veriyi okuma, karşılaştırma, toplam-fark bulma ve grafikten sonuç çıkarma becerilerini tekrar etmelisin."
"A, B ve C sınıflarının öğrenci sayıları sırasıyla 28, 32 ve 30'dur. Ortalama öğrenci sayısı kaçtır?",a b ve c siniflarinin ogrenci sayilari sirasiyla 28 32 ve 30 dur carpi ortalama ogrenci sayisi kactir,Tablo-Grafik Problemleri,"Tablo-grafik problemlerinde verilen veriyi okuma, karşılaştırma, toplam-fark bulma ve grafikten sonuç çıkarma becerilerini tekrar etmelisin."
"Bir sütun grafikte matematik doğru sayısı 18, Türkçe doğru sayısı 24 verilmiştir. Türkçe doğru sayısı matematikten kaç fazladır?",bir sutun grafikte matematik dogru sayisi 18 turkce dogru sayisi 24 verilmistir carpi turkce dogru sayisi matematikten kac fazladir,Tablo-Grafik Problemleri,"Tablo-grafik problemlerinde verilen veriyi okuma, karşılaştırma, toplam-fark bulma ve grafikten sonuç çıkarma becerilerini tekrar etmelisin."
"Bir tabloda dört ayın gelirleri 1200, 1500, 1800 ve 1500 TL'dir. En yüksek gelir ile en düşük gelir farkı kaçtır?",bir tabloda dort ayin gelirleri 1200 1500 1800 ve 1500 tl dir carpi en yuksek gelir ile en dusuk gelir farki kactir,Tablo-Grafik Problemleri,"Tablo-grafik problemlerinde verilen veriyi okuma, karşılaştırma, toplam-fark bulma ve grafikten sonuç çıkarma becerilerini tekrar etmelisin."
"Bir çizgi grafikte sıcaklıklar 12, 15, 21, 18 derece olarak verilmiştir. En büyük artış hangi iki ölçüm arasındadır?",bir cizgi grafikte sicakliklar 12 15 21 18 derece olarak verilmistir carpi en buyuk artis hangi iki olcum arasindadir,Tablo-Grafik Problemleri,"Tablo-grafik problemlerinde verilen veriyi okuma, karşılaştırma, toplam-fark bulma ve grafikten sonuç çıkarma becerilerini tekrar etmelisin."
"Bir tabloda kitap türlerine göre sayılar roman 40, hikaye 25, şiir 15'tir. Toplam kitap sayısı kaçtır?",bir tabloda kitap turlerine gore sayilar roman 40 hikaye 25 siir 15 tir carpi toplam kitap sayisi kactir,Tablo-Grafik Problemleri,"Tablo-grafik problemlerinde verilen veriyi okuma, karşılaştırma, toplam-fark bulma ve grafikten sonuç çıkarma becerilerini tekrar etmelisin."
"Bir daire grafikte bir grubun %30'u kadın, %70'i erkektir. Toplam 200 kişi varsa kadın sayısı kaçtır?",bir daire grafikte bir grubun 30 u kadin 70 i erkektir carpi toplam 200 kisi varsa kadin sayisi kactir,Tablo-Grafik Problemleri,"Tablo-grafik problemlerinde verilen veriyi okuma, karşılaştırma, toplam-fark bulma ve grafikten sonuç çıkarma becerilerini tekrar etmelisin."
"Bir satış tablosunda A mağazası 60, B mağazası 75, C mağazası 45 ürün satmıştır. En fazla ve en az satış yapan mağazaların farkı kaçtır?",bir satis tablosunda a magazasi 60 b magazasi 75 c magazasi 45 urun satmistir carpi en fazla ve en az satis yapan magazalarin farki kactir,Tablo-Grafik Problemleri,"Tablo-grafik problemlerinde verilen veriyi okuma, karşılaştırma, toplam-fark bulma ve grafikten sonuç çıkarma becerilerini tekrar etmelisin."
"Bir grafikte giderler kira 4000, fatura 1200, ulaşım 800 olarak verilmiştir. Toplam gider kaç TL'dir?",bir grafikte giderler kira 4000 fatura 1200 ulasim 800 olarak verilmistir carpi toplam gider kac tl dir,Tablo-Grafik Problemleri,"Tablo-grafik problemlerinde verilen veriyi okuma, karşılaştırma, toplam-fark bulma ve grafikten sonuç çıkarma becerilerini tekrar etmelisin."
Tablo-Grafik Problemleri konusu için verilen günlük yaşam senaryosunda bilinmeyen değer x olarak seçiliyor. Verilen ilişkilerden denklem kurularak sonuç nasıl bulunur? Örnek 1,tablo eksi grafik problemleri konusu icin verilen gunluk yasam senaryosunda bilinmeyen deger x olarak seciliyor carpi verilen iliskilerden denklem kurularak sonuc nasil bulunur ornek 1,Tablo-Grafik Problemleri,"Tablo-grafik problemlerinde verilen veriyi okuma, karşılaştırma, toplam-fark bulma ve grafikten sonuç çıkarma becerilerini tekrar etmelisin."
Tablo-Grafik Problemleri konusu için verilen günlük yaşam senaryosunda bilinmeyen değer x olarak seçiliyor. Verilen ilişkilerden denklem kurularak sonuç nasıl bulunur? Örnek 2,tablo eksi grafik problemleri konusu icin verilen gunluk yasam senaryosunda bilinmeyen deger x olarak seciliyor carpi verilen iliskilerden denklem kurularak sonuc nasil bulunur ornek 2,Tablo-Grafik Problemleri,"Tablo-grafik problemlerinde verilen veriyi okuma, karşılaştırma, toplam-fark bulma ve grafikten sonuç çıkarma becerilerini tekrar etmelisin."
Tablo-Grafik Problemleri konusu için verilen günlük yaşam senaryosunda bilinmeyen değer x olarak seçiliyor. Verilen ilişkilerden denklem kurularak sonuç nasıl bulunur? Örnek 3,tablo eksi grafik problemleri konusu icin verilen gunluk yasam senaryosunda bilinmeyen deger x olarak seciliyor carpi verilen iliskilerden denklem kurularak sonuc nasil bulunur ornek 3,Tablo-Grafik Problemleri,"Tablo-grafik problemlerinde verilen veriyi okuma, karşılaştırma, toplam-fark bulma ve grafikten sonuç çıkarma becerilerini tekrar etmelisin."
Tablo-Grafik Problemleri konusu için verilen günlük yaşam senaryosunda bilinmeyen değer x olarak seçiliyor. Verilen ilişkilerden denklem kurularak sonuç nasıl bulunur? Örnek 4,tablo eksi grafik problemleri konusu icin verilen gunluk yasam senaryosunda bilinmeyen deger x olarak seciliyor carpi verilen iliskilerden denklem kurularak sonuc nasil bulunur ornek 4,Tablo-Grafik Problemleri,"Tablo-grafik problemlerinde verilen veriyi okuma, karşılaştırma, toplam-fark bulma ve grafikten sonuç çıkarma becerilerini tekrar etmelisin."
Tablo-Grafik Problemleri konusu için verilen günlük yaşam senaryosunda bilinmeyen değer x olarak seçiliyor. Verilen ilişkilerden denklem kurularak sonuç nasıl bulunur? Örnek 5,tablo eksi grafik problemleri konusu icin verilen gunluk yasam senaryosunda bilinmeyen deger x olarak seciliyor carpi verilen iliskilerden denklem kurularak sonuc nasil bulunur ornek 5,Tablo-Grafik Problemleri,"Tablo-grafik problemlerinde verilen veriyi okuma, karşılaştırma, toplam-fark bulma ve grafikten sonuç çıkarma becerilerini tekrar etmelisin."
Tablo-Grafik Problemleri konusu için verilen günlük yaşam senaryosunda bilinmeyen değer x olarak seçiliyor. Verilen ilişkilerden denklem kurularak sonuç nasıl bulunur? Örnek 6,tablo eksi grafik problemleri konusu icin verilen gunluk yasam senaryosunda bilinmeyen deger x olarak seciliyor carpi verilen iliskilerden denklem kurularak sonuc nasil bulunur ornek 6,Tablo-Grafik Problemleri,"Tablo-grafik problemlerinde verilen veriyi okuma, karşılaştırma, toplam-fark bulma ve grafikten sonuç çıkarma becerilerini tekrar etmelisin."
Tablo-Grafik Problemleri konusu için verilen günlük yaşam senaryosunda bilinmeyen değer x olarak seçiliyor. Verilen ilişkilerden denklem kurularak sonuç nasıl bulunur? Örnek 7,tablo eksi grafik problemleri konusu icin verilen gunluk yasam senaryosunda bilinmeyen deger x olarak seciliyor carpi verilen iliskilerden denklem kurularak sonuc nasil bulunur ornek 7,Tablo-Grafik Problemleri,"Tablo-grafik problemlerinde verilen veriyi okuma, karşılaştırma, toplam-fark bulma ve grafikten sonuç çıkarma becerilerini tekrar etmelisin."
Tablo-Grafik Problemleri konusu için verilen günlük yaşam senaryosunda bilinmeyen değer x olarak seçiliyor. Verilen ilişkilerden denklem kurularak sonuç nasıl bulunur? Örnek 8,tablo eksi grafik problemleri konusu icin verilen gunluk yasam senaryosunda bilinmeyen deger x olarak seciliyor carpi verilen iliskilerden denklem kurularak sonuc nasil bulunur ornek 8,Tablo-Grafik Problemleri,"Tablo-grafik problemlerinde verilen veriyi okuma, karşılaştırma, toplam-fark bulma ve grafikten sonuç çıkarma becerilerini tekrar etmelisin."
Tablo-Grafik Problemleri konusu için verilen günlük yaşam senaryosunda bilinmeyen değer x olarak seçiliyor. Verilen ilişkilerden denklem kurularak sonuç nasıl bulunur? Örnek 9,tablo eksi grafik problemleri konusu icin verilen gunluk yasam senaryosunda bilinmeyen deger x olarak seciliyor carpi verilen iliskilerden denklem kurularak sonuc nasil bulunur ornek 9,Tablo-Grafik Problemleri,"Tablo-grafik problemlerinde verilen veriyi okuma, karşılaştırma, toplam-fark bulma ve grafikten sonuç çıkarma becerilerini tekrar etmelisin."
Tablo-Grafik Problemleri konusu için verilen günlük yaşam senaryosunda bilinmeyen değer x olarak seçiliyor. Verilen ilişkilerden denklem kurularak sonuç nasıl bulunur? Örnek 10,tablo eksi grafik problemleri konusu icin verilen gunluk yasam senaryosunda bilinmeyen deger x olarak seciliyor carpi verilen iliskilerden denklem kurularak sonuc nasil bulunur ornek 10,Tablo-Grafik Problemleri,"Tablo-grafik problemlerinde verilen veriyi okuma, karşılaştırma, toplam-fark bulma ve grafikten sonuç çıkarma becerilerini tekrar etmelisin."
Tablo-Grafik Problemleri konusu için verilen günlük yaşam senaryosunda bilinmeyen değer x olarak seçiliyor. Verilen ilişkilerden denklem kurularak sonuç nasıl bulunur? Örnek 11,tablo eksi grafik problemleri konusu icin verilen gunluk yasam senaryosunda bilinmeyen deger x olarak seciliyor carpi verilen iliskilerden denklem kurularak sonuc nasil bulunur ornek 11,Tablo-Grafik Problemleri,"Tablo-grafik problemlerinde verilen veriyi okuma, karşılaştırma, toplam-fark bulma ve grafikten sonuç çıkarma becerilerini tekrar etmelisin."
Tablo-Grafik Problemleri konusu için verilen günlük yaşam senaryosunda bilinmeyen değer x olarak seçiliyor. Verilen ilişkilerden denklem kurularak sonuç nasıl bulunur? Örnek 12,tablo eksi grafik problemleri konusu icin verilen gunluk yasam senaryosunda bilinmeyen deger x olarak seciliyor carpi verilen iliskilerden denklem kurularak sonuc nasil bulunur ornek 12,Tablo-Grafik Problemleri,"Tablo-grafik problemlerinde verilen veriyi okuma, karşılaştırma, toplam-fark bulma ve grafikten sonuç çıkarma becerilerini tekrar etmelisin."
Tablo-Grafik Problemleri konusu için verilen günlük yaşam senaryosunda bilinmeyen değer x olarak seçiliyor. Verilen ilişkilerden denklem kurularak sonuç nasıl bulunur? Örnek 13,tablo eksi grafik problemleri konusu icin verilen gunluk yasam senaryosunda bilinmeyen deger x olarak seciliyor carpi verilen iliskilerden denklem kurularak sonuc nasil bulunur ornek 13,Tablo-Grafik Problemleri,"Tablo-grafik problemlerinde verilen veriyi okuma, karşılaştırma, toplam-fark bulma ve grafikten sonuç çıkarma becerilerini tekrar etmelisin."
Tablo-Grafik Problemleri konusu için verilen günlük yaşam senaryosunda bilinmeyen değer x olarak seçiliyor. Verilen ilişkilerden denklem kurularak sonuç nasıl bulunur? Örnek 14,tablo eksi grafik problemleri konusu icin verilen gunluk yasam senaryosunda bilinmeyen deger x olarak seciliyor carpi verilen iliskilerden denklem kurularak sonuc nasil bulunur ornek 14,Tablo-Grafik Problemleri,"Tablo-grafik problemlerinde verilen veriyi okuma, karşılaştırma, toplam-fark bulma ve grafikten sonuç çıkarma becerilerini tekrar etmelisin."
Tablo-Grafik Problemleri konusu için verilen günlük yaşam senaryosunda bilinmeyen değer x olarak seçiliyor. Verilen ilişkilerden denklem kurularak sonuç nasıl bulunur? Örnek 15,tablo eksi grafik problemleri konusu icin verilen gunluk yasam senaryosunda bilinmeyen deger x olarak seciliyor carpi verilen iliskilerden denklem kurularak sonuc nasil bulunur ornek 15,Tablo-Grafik Problemleri,"Tablo-grafik problemlerinde verilen veriyi okuma, karşılaştırma, toplam-fark bulma ve grafikten sonuç çıkarma becerilerini tekrar etmelisin."
Tablo-Grafik Problemleri konusu için verilen günlük yaşam senaryosunda bilinmeyen değer x olarak seçiliyor. Verilen ilişkilerden denklem kurularak sonuç nasıl bulunur? Örnek 16,tablo eksi grafik problemleri konusu icin verilen gunluk yasam senaryosunda bilinmeyen deger x olarak seciliyor carpi verilen iliskilerden denklem kurularak sonuc nasil bulunur ornek 16,Tablo-Grafik Problemleri,"Tablo-grafik problemlerinde verilen veriyi okuma, karşılaştırma, toplam-fark bulma ve grafikten sonuç çıkarma becerilerini tekrar etmelisin."
Tablo-Grafik Problemleri konusu için verilen günlük yaşam senaryosunda bilinmeyen değer x olarak seçiliyor. Verilen ilişkilerden denklem kurularak sonuç nasıl bulunur? Örnek 17,tablo eksi grafik problemleri konusu icin verilen gunluk yasam senaryosunda bilinmeyen deger x olarak seciliyor carpi verilen iliskilerden denklem kurularak sonuc nasil bulunur ornek 17,Tablo-Grafik Problemleri,"Tablo-grafik problemlerinde verilen veriyi okuma, karşılaştırma, toplam-fark bulma ve grafikten sonuç çıkarma becerilerini tekrar etmelisin."
Tablo-Grafik Problemleri konusu için verilen günlük yaşam senaryosunda bilinmeyen değer x olarak seçiliyor. Verilen ilişkilerden denklem kurularak sonuç nasıl bulunur? Örnek 18,tablo eksi grafik problemleri konusu icin verilen gunluk yasam senaryosunda bilinmeyen deger x olarak seciliyor carpi verilen iliskilerden denklem kurularak sonuc nasil bulunur ornek 18,Tablo-Grafik Problemleri,"Tablo-grafik problemlerinde verilen veriyi okuma, karşılaştırma, toplam-fark bulma ve grafikten sonuç çıkarma becerilerini tekrar etmelisin."
Tablo-Grafik Problemleri konusu için verilen günlük yaşam senaryosunda bilinmeyen değer x olarak seçiliyor. Verilen ilişkilerden denklem kurularak sonuç nasıl bulunur? Örnek 19,tablo eksi grafik problemleri konusu icin verilen gunluk yasam senaryosunda bilinmeyen deger x olarak seciliyor carpi verilen iliskilerden denklem kurularak sonuc nasil bulunur ornek 19,Tablo-Grafik Problemleri,"Tablo-grafik problemlerinde verilen veriyi okuma, karşılaştırma, toplam-fark bulma ve grafikten sonuç çıkarma becerilerini tekrar etmelisin."
Tablo-Grafik Problemleri konusu için verilen günlük yaşam senaryosunda bilinmeyen değer x olarak seçiliyor. Verilen ilişkilerden denklem kurularak sonuç nasıl bulunur? Örnek 20,tablo eksi grafik problemleri konusu icin verilen gunluk yasam senaryosunda bilinmeyen deger x olarak seciliyor carpi verilen iliskilerden denklem kurularak sonuc nasil bulunur ornek 20,Tablo-Grafik Problemleri,"Tablo-grafik problemlerinde verilen veriyi okuma, karşılaştırma, toplam-fark bulma ve grafikten sonuç çıkarma becerilerini tekrar etmelisin."
Saatte 60 km hızla giden bir araç 3 saatte kaç km yol alır?,saatte 60 km hizla giden bir arac 3 saatte kac km yol alir,Hız Problemleri,"Hız problemlerinde yol, hız ve zaman ilişkisini; ortalama hız ve karşılaşma-yaklaşma mantığını tekrar etmelisin."
Bir araç 240 km yolu 4 saatte gidiyorsa hızı saatte kaç km'dir?,bir arac 240 km yolu 4 saatte gidiyorsa hizi saatte kac km dir,Hız Problemleri,"Hız problemlerinde yol, hız ve zaman ilişkisini; ortalama hız ve karşılaşma-yaklaşma mantığını tekrar etmelisin."
"Hızı 80 km/s olan bir otomobil 2,5 saatte kaç km yol alır?",hizi 80 km bolu s olan bir otomobil 2 5 saatte kac km yol alir,Hız Problemleri,"Hız problemlerinde yol, hız ve zaman ilişkisini; ortalama hız ve karşılaşma-yaklaşma mantığını tekrar etmelisin."
İki araç aynı anda birbirine doğru 70 km/s ve 50 km/s hızlarla hareket ediyor. Aralarındaki mesafe 360 km ise kaç saat sonra karşılaşırlar?,i ki arac ayni anda birbirine dogru 70 km bolu s ve 50 km bolu s hizlarla hareket ediyor carpi aralarindaki mesafe 360 km ise kac saat sonra karsilasirlar,Hız Problemleri,"Hız problemlerinde yol, hız ve zaman ilişkisini; ortalama hız ve karşılaşma-yaklaşma mantığını tekrar etmelisin."
Bir bisikletli 45 km yolu 3 saatte gidiyor. Ortalama hızı kaç km/s'tir?,bir bisikletli 45 km yolu 3 saatte gidiyor carpi ortalama hizi kac km bolu s tir,Hız Problemleri,"Hız problemlerinde yol, hız ve zaman ilişkisini; ortalama hız ve karşılaşma-yaklaşma mantığını tekrar etmelisin."
Bir araç hızını saatte 20 km artırınca 300 km yolu 1 saat daha kısa sürede gidiyor. İlk hızı kaç olabilir?,bir arac hizini saatte 20 km artirinca 300 km yolu 1 saat daha kisa surede gidiyor carpi i lk hizi kac olabilir,Hız Problemleri,"Hız problemlerinde yol, hız ve zaman ilişkisini; ortalama hız ve karşılaşma-yaklaşma mantığını tekrar etmelisin."
"Aynı yönde hareket eden iki araçtan hızlı olan 90 km/s, yavaş olan 60 km/s hızdadır. Aralarındaki fark 120 km ise hızlı araç kaç saatte yetişir?",ayni yonde hareket eden iki aractan hizli olan 90 km bolu s yavas olan 60 km bolu s hizdadir carpi aralarindaki fark 120 km ise hizli arac kac saatte yetisir,Hız Problemleri,"Hız problemlerinde yol, hız ve zaman ilişkisini; ortalama hız ve karşılaşma-yaklaşma mantığını tekrar etmelisin."
Bir tren 150 metre uzunluğundaki köprüyü 30 saniyede geçiyor. Trenin hızı sabitse bu problemde hangi bilgiler yol-zaman ilişkisiyle kullanılır?,bir tren 150 metre uzunlugundaki kopruyu 30 saniyede geciyor carpi trenin hizi sabitse bu problemde hangi bilgiler yol eksi zaman iliskisiyle kullanilir,Hız Problemleri,"Hız problemlerinde yol, hız ve zaman ilişkisini; ortalama hız ve karşılaşma-yaklaşma mantığını tekrar etmelisin."
Bir koşucu 400 metrelik parkuru 80 saniyede tamamlıyor. Saniyedeki hızı kaç metredir?,bir kosucu 400 metrelik parkuru 80 saniyede tamamliyor carpi saniyedeki hizi kac metredir,Hız Problemleri,"Hız problemlerinde yol, hız ve zaman ilişkisini; ortalama hız ve karşılaşma-yaklaşma mantığını tekrar etmelisin."
"Bir araç yolun yarısını 60 km/s hızla, diğer yarısını 90 km/s hızla gidiyor. Ortalama hız hesaplanırken hangi büyüklükler dikkate alınmalıdır?",bir arac yolun yarisini 60 km bolu s hizla diger yarisini 90 km bolu s hizla gidiyor carpi ortalama hiz hesaplanirken hangi buyuklukler dikkate alinmalidir,Hız Problemleri,"Hız problemlerinde yol, hız ve zaman ilişkisini; ortalama hız ve karşılaşma-yaklaşma mantığını tekrar etmelisin."
Hız Problemleri konusu için verilen günlük yaşam senaryosunda bilinmeyen değer x olarak seçiliyor. Verilen ilişkilerden denklem kurularak sonuç nasıl bulunur? Örnek 1,hiz problemleri konusu icin verilen gunluk yasam senaryosunda bilinmeyen deger x olarak seciliyor carpi verilen iliskilerden denklem kurularak sonuc nasil bulunur ornek 1,Hız Problemleri,"Hız problemlerinde yol, hız ve zaman ilişkisini; ortalama hız ve karşılaşma-yaklaşma mantığını tekrar etmelisin."
Hız Problemleri konusu için verilen günlük yaşam senaryosunda bilinmeyen değer x olarak seçiliyor. Verilen ilişkilerden denklem kurularak sonuç nasıl bulunur? Örnek 2,hiz problemleri konusu icin verilen gunluk yasam senaryosunda bilinmeyen deger x olarak seciliyor carpi verilen iliskilerden denklem kurularak sonuc nasil bulunur ornek 2,Hız Problemleri,"Hız problemlerinde yol, hız ve zaman ilişkisini; ortalama hız ve karşılaşma-yaklaşma mantığını tekrar etmelisin."
Hız Problemleri konusu için verilen günlük yaşam senaryosunda bilinmeyen değer x olarak seçiliyor. Verilen ilişkilerden denklem kurularak sonuç nasıl bulunur? Örnek 3,hiz problemleri konusu icin verilen gunluk yasam senaryosunda bilinmeyen deger x olarak seciliyor carpi verilen iliskilerden denklem kurularak sonuc nasil bulunur ornek 3,Hız Problemleri,"Hız problemlerinde yol, hız ve zaman ilişkisini; ortalama hız ve karşılaşma-yaklaşma mantığını tekrar etmelisin."
Hız Problemleri konusu için verilen günlük yaşam senaryosunda bilinmeyen değer x olarak seçiliyor. Verilen ilişkilerden denklem kurularak sonuç nasıl bulunur? Örnek 4,hiz problemleri konusu icin verilen gunluk yasam senaryosunda bilinmeyen deger x olarak seciliyor carpi verilen iliskilerden denklem kurularak sonuc nasil bulunur ornek 4,Hız Problemleri,"Hız problemlerinde yol, hız ve zaman ilişkisini; ortalama hız ve karşılaşma-yaklaşma mantığını tekrar etmelisin."
Hız Problemleri konusu için verilen günlük yaşam senaryosunda bilinmeyen değer x olarak seçiliyor. Verilen ilişkilerden denklem kurularak sonuç nasıl bulunur? Örnek 5,hiz problemleri konusu icin verilen gunluk yasam senaryosunda bilinmeyen deger x olarak seciliyor carpi verilen iliskilerden denklem kurularak sonuc nasil bulunur ornek 5,Hız Problemleri,"Hız problemlerinde yol, hız ve zaman ilişkisini; ortalama hız ve karşılaşma-yaklaşma mantığını tekrar etmelisin."
Hız Problemleri konusu için verilen günlük yaşam senaryosunda bilinmeyen değer x olarak seçiliyor. Verilen ilişkilerden denklem kurularak sonuç nasıl bulunur? Örnek 6,hiz problemleri konusu icin verilen gunluk yasam senaryosunda bilinmeyen deger x olarak seciliyor carpi verilen iliskilerden denklem kurularak sonuc nasil bulunur ornek 6,Hız Problemleri,"Hız problemlerinde yol, hız ve zaman ilişkisini; ortalama hız ve karşılaşma-yaklaşma mantığını tekrar etmelisin."
Hız Problemleri konusu için verilen günlük yaşam senaryosunda bilinmeyen değer x olarak seçiliyor. Verilen ilişkilerden denklem kurularak sonuç nasıl bulunur? Örnek 7,hiz problemleri konusu icin verilen gunluk yasam senaryosunda bilinmeyen deger x olarak seciliyor carpi verilen iliskilerden denklem kurularak sonuc nasil bulunur ornek 7,Hız Problemleri,"Hız problemlerinde yol, hız ve zaman ilişkisini; ortalama hız ve karşılaşma-yaklaşma mantığını tekrar etmelisin."
Hız Problemleri konusu için verilen günlük yaşam senaryosunda bilinmeyen değer x olarak seçiliyor. Verilen ilişkilerden denklem kurularak sonuç nasıl bulunur? Örnek 8,hiz problemleri konusu icin verilen gunluk yasam senaryosunda bilinmeyen deger x olarak seciliyor carpi verilen iliskilerden denklem kurularak sonuc nasil bulunur ornek 8,Hız Problemleri,"Hız problemlerinde yol, hız ve zaman ilişkisini; ortalama hız ve karşılaşma-yaklaşma mantığını tekrar etmelisin."
Hız Problemleri konusu için verilen günlük yaşam senaryosunda bilinmeyen değer x olarak seçiliyor. Verilen ilişkilerden denklem kurularak sonuç nasıl bulunur? Örnek 9,hiz problemleri konusu icin verilen gunluk yasam senaryosunda bilinmeyen deger x olarak seciliyor carpi verilen iliskilerden denklem kurularak sonuc nasil bulunur ornek 9,Hız Problemleri,"Hız problemlerinde yol, hız ve zaman ilişkisini; ortalama hız ve karşılaşma-yaklaşma mantığını tekrar etmelisin."
Hız Problemleri konusu için verilen günlük yaşam senaryosunda bilinmeyen değer x olarak seçiliyor. Verilen ilişkilerden denklem kurularak sonuç nasıl bulunur? Örnek 10,hiz problemleri konusu icin verilen gunluk yasam senaryosunda bilinmeyen deger x olarak seciliyor carpi verilen iliskilerden denklem kurularak sonuc nasil bulunur ornek 10,Hız Problemleri,"Hız problemlerinde yol, hız ve zaman ilişkisini; ortalama hız ve karşılaşma-yaklaşma mantığını tekrar etmelisin."
Hız Problemleri konusu için verilen günlük yaşam senaryosunda bilinmeyen değer x olarak seçiliyor. Verilen ilişkilerden denklem kurularak sonuç nasıl bulunur? Örnek 11,hiz problemleri konusu icin verilen gunluk yasam senaryosunda bilinmeyen deger x olarak seciliyor carpi verilen iliskilerden denklem kurularak sonuc nasil bulunur ornek 11,Hız Problemleri,"Hız problemlerinde yol, hız ve zaman ilişkisini; ortalama hız ve karşılaşma-yaklaşma mantığını tekrar etmelisin."
Hız Problemleri konusu için verilen günlük yaşam senaryosunda bilinmeyen değer x olarak seçiliyor. Verilen ilişkilerden denklem kurularak sonuç nasıl bulunur? Örnek 12,hiz problemleri konusu icin verilen gunluk yasam senaryosunda bilinmeyen deger x olarak seciliyor carpi verilen iliskilerden denklem kurularak sonuc nasil bulunur ornek 12,Hız Problemleri,"Hız problemlerinde yol, hız ve zaman ilişkisini; ortalama hız ve karşılaşma-yaklaşma mantığını tekrar etmelisin."
Hız Problemleri konusu için verilen günlük yaşam senaryosunda bilinmeyen değer x olarak seçiliyor. Verilen ilişkilerden denklem kurularak sonuç nasıl bulunur? Örnek 13,hiz problemleri konusu icin verilen gunluk yasam senaryosunda bilinmeyen deger x olarak seciliyor carpi verilen iliskilerden denklem kurularak sonuc nasil bulunur ornek 13,Hız Problemleri,"Hız problemlerinde yol, hız ve zaman ilişkisini; ortalama hız ve karşılaşma-yaklaşma mantığını tekrar etmelisin."
Hız Problemleri konusu için verilen günlük yaşam senaryosunda bilinmeyen değer x olarak seçiliyor. Verilen ilişkilerden denklem kurularak sonuç nasıl bulunur? Örnek 14,hiz problemleri konusu icin verilen gunluk yasam senaryosunda bilinmeyen deger x olarak seciliyor carpi verilen iliskilerden denklem kurularak sonuc nasil bulunur ornek 14,Hız Problemleri,"Hız problemlerinde yol, hız ve zaman ilişkisini; ortalama hız ve karşılaşma-yaklaşma mantığını tekrar etmelisin."
Hız Problemleri konusu için verilen günlük yaşam senaryosunda bilinmeyen değer x olarak seçiliyor. Verilen ilişkilerden denklem kurularak sonuç nasıl bulunur? Örnek 15,hiz problemleri konusu icin verilen gunluk yasam senaryosunda bilinmeyen deger x olarak seciliyor carpi verilen iliskilerden denklem kurularak sonuc nasil bulunur ornek 15,Hız Problemleri,"Hız problemlerinde yol, hız ve zaman ilişkisini; ortalama hız ve karşılaşma-yaklaşma mantığını tekrar etmelisin."
Hız Problemleri konusu için verilen günlük yaşam senaryosunda bilinmeyen değer x olarak seçiliyor. Verilen ilişkilerden denklem kurularak sonuç nasıl bulunur? Örnek 16,hiz problemleri konusu icin verilen gunluk yasam senaryosunda bilinmeyen deger x olarak seciliyor carpi verilen iliskilerden denklem kurularak sonuc nasil bulunur ornek 16,Hız Problemleri,"Hız problemlerinde yol, hız ve zaman ilişkisini; ortalama hız ve karşılaşma-yaklaşma mantığını tekrar etmelisin."
Hız Problemleri konusu için verilen günlük yaşam senaryosunda bilinmeyen değer x olarak seçiliyor. Verilen ilişkilerden denklem kurularak sonuç nasıl bulunur? Örnek 17,hiz problemleri konusu icin verilen gunluk yasam senaryosunda bilinmeyen deger x olarak seciliyor carpi verilen iliskilerden denklem kurularak sonuc nasil bulunur ornek 17,Hız Problemleri,"Hız problemlerinde yol, hız ve zaman ilişkisini; ortalama hız ve karşılaşma-yaklaşma mantığını tekrar etmelisin."
Hız Problemleri konusu için verilen günlük yaşam senaryosunda bilinmeyen değer x olarak seçiliyor. Verilen ilişkilerden denklem kurularak sonuç nasıl bulunur? Örnek 18,hiz problemleri konusu icin verilen gunluk yasam senaryosunda bilinmeyen deger x olarak seciliyor carpi verilen iliskilerden denklem kurularak sonuc nasil bulunur ornek 18,Hız Problemleri,"Hız problemlerinde yol, hız ve zaman ilişkisini; ortalama hız ve karşılaşma-yaklaşma mantığını tekrar etmelisin."
Hız Problemleri konusu için verilen günlük yaşam senaryosunda bilinmeyen değer x olarak seçiliyor. Verilen ilişkilerden denklem kurularak sonuç nasıl bulunur? Örnek 19,hiz problemleri konusu icin verilen gunluk yasam senaryosunda bilinmeyen deger x olarak seciliyor carpi verilen iliskilerden denklem kurularak sonuc nasil bulunur ornek 19,Hız Problemleri,"Hız problemlerinde yol, hız ve zaman ilişkisini; ortalama hız ve karşılaşma-yaklaşma mantığını tekrar etmelisin."
Hız Problemleri konusu için verilen günlük yaşam senaryosunda bilinmeyen değer x olarak seçiliyor. Verilen ilişkilerden denklem kurularak sonuç nasıl bulunur? Örnek 20,hiz problemleri konusu icin verilen gunluk yasam senaryosunda bilinmeyen deger x olarak seciliyor carpi verilen iliskilerden denklem kurularak sonuc nasil bulunur ornek 20,Hız Problemleri,"Hız problemlerinde yol, hız ve zaman ilişkisini; ortalama hız ve karşılaşma-yaklaşma mantığını tekrar etmelisin."
%20 tuz içeren 50 gramlık karışıma 10 gram tuz eklenirse yeni karışımın tuz yüzdesi nasıl hesaplanır?,20 tuz iceren 50 gramlik karisima 10 gram tuz eklenirse yeni karisimin tuz yuzdesi nasil hesaplanir,Karışım Problemleri,"Karışım problemlerinde oran, yüzde derişim, saf madde miktarı ve karışımın toplam miktarı ilişkilerini tekrar etmelisin."
%30 şekerli 40 litre karışıma %10 şekerli 60 litre karışım ekleniyor. Yeni karışımın şeker oranı kaçtır?,30 sekerli 40 litre karisima 10 sekerli 60 litre karisim ekleniyor carpi yeni karisimin seker orani kactir,Karışım Problemleri,"Karışım problemlerinde oran, yüzde derişim, saf madde miktarı ve karışımın toplam miktarı ilişkilerini tekrar etmelisin."
60 gramlık bir karışımın %25'i tuzdur. Karışımda kaç gram tuz vardır?,60 gramlik bir karisimin 25 i tuzdur carpi karisimda kac gram tuz vardir,Karışım Problemleri,"Karışım problemlerinde oran, yüzde derişim, saf madde miktarı ve karışımın toplam miktarı ilişkilerini tekrar etmelisin."
%40'ı alkol olan 80 litrelik karışıma 20 litre su eklenirse alkol oranı yüzde kaç olur?,40 i alkol olan 80 litrelik karisima 20 litre su eklenirse alkol orani yuzde kac olur,Karışım Problemleri,"Karışım problemlerinde oran, yüzde derişim, saf madde miktarı ve karışımın toplam miktarı ilişkilerini tekrar etmelisin."
Bir karışımda 12 gram şeker ve 48 gram su vardır. Şeker yüzdesi kaçtır?,bir karisimda 12 gram seker ve 48 gram su vardir carpi seker yuzdesi kactir,Karışım Problemleri,"Karışım problemlerinde oran, yüzde derişim, saf madde miktarı ve karışımın toplam miktarı ilişkilerini tekrar etmelisin."
%15 tuzlu 100 gram çözeltiye kaç gram saf su eklenirse tuz oranı düşer?,15 tuzlu 100 gram cozeltiye kac gram saf su eklenirse tuz orani duser,Karışım Problemleri,"Karışım problemlerinde oran, yüzde derişim, saf madde miktarı ve karışımın toplam miktarı ilişkilerini tekrar etmelisin."
İki farklı karışımın miktarları ve yüzdeleri verildiğinde yeni yüzdeyi bulmak için hangi işlem yapılır?,i ki farkli karisimin miktarlari ve yuzdeleri verildiginde yeni yuzdeyi bulmak icin hangi islem yapilir,Karışım Problemleri,"Karışım problemlerinde oran, yüzde derişim, saf madde miktarı ve karışımın toplam miktarı ilişkilerini tekrar etmelisin."
%25 asitli 200 ml karışımdaki asit miktarı kaç ml'dir?,25 asitli 200 ml karisimdaki asit miktari kac ml dir,Karışım Problemleri,"Karışım problemlerinde oran, yüzde derişim, saf madde miktarı ve karışımın toplam miktarı ilişkilerini tekrar etmelisin."
Tuz oranı %10 olan 90 gram karışımdan 30 gram su buharlaştırılırsa tuz oranı nasıl değişir?,tuz orani 10 olan 90 gram karisimdan 30 gram su buharlastirilirsa tuz orani nasil degisir,Karışım Problemleri,"Karışım problemlerinde oran, yüzde derişim, saf madde miktarı ve karışımın toplam miktarı ilişkilerini tekrar etmelisin."
"Bir karışımın %35'i süt, kalanı sudur. Karışım 120 litre ise su miktarı kaç litredir?",bir karisimin 35 i sut kalani sudur carpi karisim 120 litre ise su miktari kac litredir,Karışım Problemleri,"Karışım problemlerinde oran, yüzde derişim, saf madde miktarı ve karışımın toplam miktarı ilişkilerini tekrar etmelisin."
Karışım Problemleri konusu için verilen günlük yaşam senaryosunda bilinmeyen değer x olarak seçiliyor. Verilen ilişkilerden denklem kurularak sonuç nasıl bulunur? Örnek 1,karisim problemleri konusu icin verilen gunluk yasam senaryosunda bilinmeyen deger x olarak seciliyor carpi verilen iliskilerden denklem kurularak sonuc nasil bulunur ornek 1,Karışım Problemleri,"Karışım problemlerinde oran, yüzde derişim, saf madde miktarı ve karışımın toplam miktarı ilişkilerini tekrar etmelisin."
Karışım Problemleri konusu için verilen günlük yaşam senaryosunda bilinmeyen değer x olarak seçiliyor. Verilen ilişkilerden denklem kurularak sonuç nasıl bulunur? Örnek 2,karisim problemleri konusu icin verilen gunluk yasam senaryosunda bilinmeyen deger x olarak seciliyor carpi verilen iliskilerden denklem kurularak sonuc nasil bulunur ornek 2,Karışım Problemleri,"Karışım problemlerinde oran, yüzde derişim, saf madde miktarı ve karışımın toplam miktarı ilişkilerini tekrar etmelisin."
Karışım Problemleri konusu için verilen günlük yaşam senaryosunda bilinmeyen değer x olarak seçiliyor. Verilen ilişkilerden denklem kurularak sonuç nasıl bulunur? Örnek 3,karisim problemleri konusu icin verilen gunluk yasam senaryosunda bilinmeyen deger x olarak seciliyor carpi verilen iliskilerden denklem kurularak sonuc nasil bulunur ornek 3,Karışım Problemleri,"Karışım problemlerinde oran, yüzde derişim, saf madde miktarı ve karışımın toplam miktarı ilişkilerini tekrar etmelisin."
Karışım Problemleri konusu için verilen günlük yaşam senaryosunda bilinmeyen değer x olarak seçiliyor. Verilen ilişkilerden denklem kurularak sonuç nasıl bulunur? Örnek 4,karisim problemleri konusu icin verilen gunluk yasam senaryosunda bilinmeyen deger x olarak seciliyor carpi verilen iliskilerden denklem kurularak sonuc nasil bulunur ornek 4,Karışım Problemleri,"Karışım problemlerinde oran, yüzde derişim, saf madde miktarı ve karışımın toplam miktarı ilişkilerini tekrar etmelisin."
Karışım Problemleri konusu için verilen günlük yaşam senaryosunda bilinmeyen değer x olarak seçiliyor. Verilen ilişkilerden denklem kurularak sonuç nasıl bulunur? Örnek 5,karisim problemleri konusu icin verilen gunluk yasam senaryosunda bilinmeyen deger x olarak seciliyor carpi verilen iliskilerden denklem kurularak sonuc nasil bulunur ornek 5,Karışım Problemleri,"Karışım problemlerinde oran, yüzde derişim, saf madde miktarı ve karışımın toplam miktarı ilişkilerini tekrar etmelisin."
Karışım Problemleri konusu için verilen günlük yaşam senaryosunda bilinmeyen değer x olarak seçiliyor. Verilen ilişkilerden denklem kurularak sonuç nasıl bulunur? Örnek 6,karisim problemleri konusu icin verilen gunluk yasam senaryosunda bilinmeyen deger x olarak seciliyor carpi verilen iliskilerden denklem kurularak sonuc nasil bulunur ornek 6,Karışım Problemleri,"Karışım problemlerinde oran, yüzde derişim, saf madde miktarı ve karışımın toplam miktarı ilişkilerini tekrar etmelisin."
Karışım Problemleri konusu için verilen günlük yaşam senaryosunda bilinmeyen değer x olarak seçiliyor. Verilen ilişkilerden denklem kurularak sonuç nasıl bulunur? Örnek 7,karisim problemleri konusu icin verilen gunluk yasam senaryosunda bilinmeyen deger x olarak seciliyor carpi verilen iliskilerden denklem kurularak sonuc nasil bulunur ornek 7,Karışım Problemleri,"Karışım problemlerinde oran, yüzde derişim, saf madde miktarı ve karışımın toplam miktarı ilişkilerini tekrar etmelisin."
Karışım Problemleri konusu için verilen günlük yaşam senaryosunda bilinmeyen değer x olarak seçiliyor. Verilen ilişkilerden denklem kurularak sonuç nasıl bulunur? Örnek 8,karisim problemleri konusu icin verilen gunluk yasam senaryosunda bilinmeyen deger x olarak seciliyor carpi verilen iliskilerden denklem kurularak sonuc nasil bulunur ornek 8,Karışım Problemleri,"Karışım problemlerinde oran, yüzde derişim, saf madde miktarı ve karışımın toplam miktarı ilişkilerini tekrar etmelisin."
Karışım Problemleri konusu için verilen günlük yaşam senaryosunda bilinmeyen değer x olarak seçiliyor. Verilen ilişkilerden denklem kurularak sonuç nasıl bulunur? Örnek 9,karisim problemleri konusu icin verilen gunluk yasam senaryosunda bilinmeyen deger x olarak seciliyor carpi verilen iliskilerden denklem kurularak sonuc nasil bulunur ornek 9,Karışım Problemleri,"Karışım problemlerinde oran, yüzde derişim, saf madde miktarı ve karışımın toplam miktarı ilişkilerini tekrar etmelisin."
Karışım Problemleri konusu için verilen günlük yaşam senaryosunda bilinmeyen değer x olarak seçiliyor. Verilen ilişkilerden denklem kurularak sonuç nasıl bulunur? Örnek 10,karisim problemleri konusu icin verilen gunluk yasam senaryosunda bilinmeyen deger x olarak seciliyor carpi verilen iliskilerden denklem kurularak sonuc nasil bulunur ornek 10,Karışım Problemleri,"Karışım problemlerinde oran, yüzde derişim, saf madde miktarı ve karışımın toplam miktarı ilişkilerini tekrar etmelisin."
Karışım Problemleri konusu için verilen günlük yaşam senaryosunda bilinmeyen değer x olarak seçiliyor. Verilen ilişkilerden denklem kurularak sonuç nasıl bulunur? Örnek 11,karisim problemleri konusu icin verilen gunluk yasam senaryosunda bilinmeyen deger x olarak seciliyor carpi verilen iliskilerden denklem kurularak sonuc nasil bulunur ornek 11,Karışım Problemleri,"Karışım problemlerinde oran, yüzde derişim, saf madde miktarı ve karışımın toplam miktarı ilişkilerini tekrar etmelisin."
Karışım Problemleri konusu için verilen günlük yaşam senaryosunda bilinmeyen değer x olarak seçiliyor. Verilen ilişkilerden denklem kurularak sonuç nasıl bulunur? Örnek 12,karisim problemleri konusu icin verilen gunluk yasam senaryosunda bilinmeyen deger x olarak seciliyor carpi verilen iliskilerden denklem kurularak sonuc nasil bulunur ornek 12,Karışım Problemleri,"Karışım problemlerinde oran, yüzde derişim, saf madde miktarı ve karışımın toplam miktarı ilişkilerini tekrar etmelisin."
Karışım Problemleri konusu için verilen günlük yaşam senaryosunda bilinmeyen değer x olarak seçiliyor. Verilen ilişkilerden denklem kurularak sonuç nasıl bulunur? Örnek 13,karisim problemleri konusu icin verilen gunluk yasam senaryosunda bilinmeyen deger x olarak seciliyor carpi verilen iliskilerden denklem kurularak sonuc nasil bulunur ornek 13,Karışım Problemleri,"Karışım problemlerinde oran, yüzde derişim, saf madde miktarı ve karışımın toplam miktarı ilişkilerini tekrar etmelisin."
Karışım Problemleri konusu için verilen günlük yaşam senaryosunda bilinmeyen değer x olarak seçiliyor. Verilen ilişkilerden denklem kurularak sonuç nasıl bulunur? Örnek 14,karisim problemleri konusu icin verilen gunluk yasam senaryosunda bilinmeyen deger x olarak seciliyor carpi verilen iliskilerden denklem kurularak sonuc nasil bulunur ornek 14,Karışım Problemleri,"Karışım problemlerinde oran, yüzde derişim, saf madde miktarı ve karışımın toplam miktarı ilişkilerini tekrar etmelisin."
Karışım Problemleri konusu için verilen günlük yaşam senaryosunda bilinmeyen değer x olarak seçiliyor. Verilen ilişkilerden denklem kurularak sonuç nasıl bulunur? Örnek 15,karisim problemleri konusu icin verilen gunluk yasam senaryosunda bilinmeyen deger x olarak seciliyor carpi verilen iliskilerden denklem kurularak sonuc nasil bulunur ornek 15,Karışım Problemleri,"Karışım problemlerinde oran, yüzde derişim, saf madde miktarı ve karışımın toplam miktarı ilişkilerini tekrar etmelisin."
Karışım Problemleri konusu için verilen günlük yaşam senaryosunda bilinmeyen değer x olarak seçiliyor. Verilen ilişkilerden denklem kurularak sonuç nasıl bulunur? Örnek 16,karisim problemleri konusu icin verilen gunluk yasam senaryosunda bilinmeyen deger x olarak seciliyor carpi verilen iliskilerden denklem kurularak sonuc nasil bulunur ornek 16,Karışım Problemleri,"Karışım problemlerinde oran, yüzde derişim, saf madde miktarı ve karışımın toplam miktarı ilişkilerini tekrar etmelisin."
Karışım Problemleri konusu için verilen günlük yaşam senaryosunda bilinmeyen değer x olarak seçiliyor. Verilen ilişkilerden denklem kurularak sonuç nasıl bulunur? Örnek 17,karisim problemleri konusu icin verilen gunluk yasam senaryosunda bilinmeyen deger x olarak seciliyor carpi verilen iliskilerden denklem kurularak sonuc nasil bulunur ornek 17,Karışım Problemleri,"Karışım problemlerinde oran, yüzde derişim, saf madde miktarı ve karışımın toplam miktarı ilişkilerini tekrar etmelisin."
Karışım Problemleri konusu için verilen günlük yaşam senaryosunda bilinmeyen değer x olarak seçiliyor. Verilen ilişkilerden denklem kurularak sonuç nasıl bulunur? Örnek 18,karisim problemleri konusu icin verilen gunluk yasam senaryosunda bilinmeyen deger x olarak seciliyor carpi verilen iliskilerden denklem kurularak sonuc nasil bulunur ornek 18,Karışım Problemleri,"Karışım problemlerinde oran, yüzde derişim, saf madde miktarı ve karışımın toplam miktarı ilişkilerini tekrar etmelisin."
Karışım Problemleri konusu için verilen günlük yaşam senaryosunda bilinmeyen değer x olarak seçiliyor. Verilen ilişkilerden denklem kurularak sonuç nasıl bulunur? Örnek 19,karisim problemleri konusu icin verilen gunluk yasam senaryosunda bilinmeyen deger x olarak seciliyor carpi verilen iliskilerden denklem kurularak sonuc nasil bulunur ornek 19,Karışım Problemleri,"Karışım problemlerinde oran, yüzde derişim, saf madde miktarı ve karışımın toplam miktarı ilişkilerini tekrar etmelisin."
Karışım Problemleri konusu için verilen günlük yaşam senaryosunda bilinmeyen değer x olarak seçiliyor. Verilen ilişkilerden denklem kurularak sonuç nasıl bulunur? Örnek 20,karisim problemleri konusu icin verilen gunluk yasam senaryosunda bilinmeyen deger x olarak seciliyor carpi verilen iliskilerden denklem kurularak sonuc nasil bulunur ornek 20,Karışım Problemleri,"Karışım problemlerinde oran, yüzde derişim, saf madde miktarı ve karışımın toplam miktarı ilişkilerini tekrar etmelisin."
Aralarında 420 km olan iki araç birbirine doğru 80 km/s ve 60 km/s hızlarla hareket ediyor. Kaç saat sonra karşılaşırlar?,aralarinda 420 km olan iki arac birbirine dogru 80 km bolu s ve 60 km bolu s hizlarla hareket ediyor carpi kac saat sonra karsilasirlar,Hareket Problemleri,"Hareket problemlerinde karşılaşma, yetişme, hareket yönü ve göreli hız kavramlarını tekrar etmelisin."
Aynı noktadan zıt yönlere giden iki aracın hızları 50 km/s ve 70 km/s'dir. 3 saat sonra aralarındaki mesafe kaç km olur?,ayni noktadan zit yonlere giden iki aracin hizlari 50 km bolu s ve 70 km bolu s dir carpi 3 saat sonra aralarindaki mesafe kac km olur,Hareket Problemleri,"Hareket problemlerinde karşılaşma, yetişme, hareket yönü ve göreli hız kavramlarını tekrar etmelisin."
"Aynı yönde hareket eden iki araçtan biri 100 km/s, diğeri 75 km/s hızla gidiyor. Hızlı araç yavaşa saatte kaç km yaklaşır?",ayni yonde hareket eden iki aractan biri 100 km bolu s digeri 75 km bolu s hizla gidiyor carpi hizli arac yavasa saatte kac km yaklasir,Hareket Problemleri,"Hareket problemlerinde karşılaşma, yetişme, hareket yönü ve göreli hız kavramlarını tekrar etmelisin."
Bir araç A kentinden B kentine 5 saatte gidiyor. Dönüşte hızını artırınca 4 saatte dönüyor. Bu problemde hangi ilişki kullanılır?,bir arac a kentinden b kentine 5 saatte gidiyor carpi donuste hizini artirinca 4 saatte donuyor carpi bu problemde hangi iliski kullanilir,Hareket Problemleri,"Hareket problemlerinde karşılaşma, yetişme, hareket yönü ve göreli hız kavramlarını tekrar etmelisin."
Bir koşucu parkurda sabit hızla ilerliyor. 12 dakikada 2400 metre gidiyorsa 1 dakikada kaç metre gider?,bir kosucu parkurda sabit hizla ilerliyor carpi 12 dakikada 2400 metre gidiyorsa 1 dakikada kac metre gider,Hareket Problemleri,"Hareket problemlerinde karşılaşma, yetişme, hareket yönü ve göreli hız kavramlarını tekrar etmelisin."
Bir tren ile bir otobüs aynı yönde hareket ediyor. Tren daha hızlıysa aradaki mesafe zamanla nasıl değişir?,bir tren ile bir otobus ayni yonde hareket ediyor carpi tren daha hizliysa aradaki mesafe zamanla nasil degisir,Hareket Problemleri,"Hareket problemlerinde karşılaşma, yetişme, hareket yönü ve göreli hız kavramlarını tekrar etmelisin."
"Bir araç 2 saat boyunca 90 km/s, sonra 3 saat boyunca 60 km/s hızla gidiyor. Toplam yol kaç km'dir?",bir arac 2 saat boyunca 90 km bolu s sonra 3 saat boyunca 60 km bolu s hizla gidiyor carpi toplam yol kac km dir,Hareket Problemleri,"Hareket problemlerinde karşılaşma, yetişme, hareket yönü ve göreli hız kavramlarını tekrar etmelisin."
"Bir gemi akıntı yönünde daha hızlı, akıntıya karşı daha yavaş gidiyor. Bu problemde hangi hızlar birlikte düşünülür?",bir gemi akinti yonunde daha hizli akintiya karsi daha yavas gidiyor carpi bu problemde hangi hizlar birlikte dusunulur,Hareket Problemleri,"Hareket problemlerinde karşılaşma, yetişme, hareket yönü ve göreli hız kavramlarını tekrar etmelisin."
Bir bisikletli 30 km/s hızla yola çıkıyor. 2 saat sonra aynı noktadan 50 km/s hızla çıkan motosikletli kaç saat sonra yetişir?,bir bisikletli 30 km bolu s hizla yola cikiyor carpi 2 saat sonra ayni noktadan 50 km bolu s hizla cikan motosikletli kac saat sonra yetisir,Hareket Problemleri,"Hareket problemlerinde karşılaşma, yetişme, hareket yönü ve göreli hız kavramlarını tekrar etmelisin."
İki kişi aynı anda aynı noktadan farklı hızlarla yürümeye başlıyor. Aralarındaki mesafenin artması hangi hız farkına bağlıdır?,i ki kisi ayni anda ayni noktadan farkli hizlarla yurumeye basliyor carpi aralarindaki mesafenin artmasi hangi hiz farkina baglidir,Hareket Problemleri,"Hareket problemlerinde karşılaşma, yetişme, hareket yönü ve göreli hız kavramlarını tekrar etmelisin."
Hareket Problemleri konusu için verilen günlük yaşam senaryosunda bilinmeyen değer x olarak seçiliyor. Verilen ilişkilerden denklem kurularak sonuç nasıl bulunur? Örnek 1,hareket problemleri konusu icin verilen gunluk yasam senaryosunda bilinmeyen deger x olarak seciliyor carpi verilen iliskilerden denklem kurularak sonuc nasil bulunur ornek 1,Hareket Problemleri,"Hareket problemlerinde karşılaşma, yetişme, hareket yönü ve göreli hız kavramlarını tekrar etmelisin."
Hareket Problemleri konusu için verilen günlük yaşam senaryosunda bilinmeyen değer x olarak seçiliyor. Verilen ilişkilerden denklem kurularak sonuç nasıl bulunur? Örnek 2,hareket problemleri konusu icin verilen gunluk yasam senaryosunda bilinmeyen deger x olarak seciliyor carpi verilen iliskilerden denklem kurularak sonuc nasil bulunur ornek 2,Hareket Problemleri,"Hareket problemlerinde karşılaşma, yetişme, hareket yönü ve göreli hız kavramlarını tekrar etmelisin."
Hareket Problemleri konusu için verilen günlük yaşam senaryosunda bilinmeyen değer x olarak seçiliyor. Verilen ilişkilerden denklem kurularak sonuç nasıl bulunur? Örnek 3,hareket problemleri konusu icin verilen gunluk yasam senaryosunda bilinmeyen deger x olarak seciliyor carpi verilen iliskilerden denklem kurularak sonuc nasil bulunur ornek 3,Hareket Problemleri,"Hareket problemlerinde karşılaşma, yetişme, hareket yönü ve göreli hız kavramlarını tekrar etmelisin."
Hareket Problemleri konusu için verilen günlük yaşam senaryosunda bilinmeyen değer x olarak seçiliyor. Verilen ilişkilerden denklem kurularak sonuç nasıl bulunur? Örnek 4,hareket problemleri konusu icin verilen gunluk yasam senaryosunda bilinmeyen deger x olarak seciliyor carpi verilen iliskilerden denklem kurularak sonuc nasil bulunur ornek 4,Hareket Problemleri,"Hareket problemlerinde karşılaşma, yetişme, hareket yönü ve göreli hız kavramlarını tekrar etmelisin."
Hareket Problemleri konusu için verilen günlük yaşam senaryosunda bilinmeyen değer x olarak seçiliyor. Verilen ilişkilerden denklem kurularak sonuç nasıl bulunur? Örnek 5,hareket problemleri konusu icin verilen gunluk yasam senaryosunda bilinmeyen deger x olarak seciliyor carpi verilen iliskilerden denklem kurularak sonuc nasil bulunur ornek 5,Hareket Problemleri,"Hareket problemlerinde karşılaşma, yetişme, hareket yönü ve göreli hız kavramlarını tekrar etmelisin."
Hareket Problemleri konusu için verilen günlük yaşam senaryosunda bilinmeyen değer x olarak seçiliyor. Verilen ilişkilerden denklem kurularak sonuç nasıl bulunur? Örnek 6,hareket problemleri konusu icin verilen gunluk yasam senaryosunda bilinmeyen deger x olarak seciliyor carpi verilen iliskilerden denklem kurularak sonuc nasil bulunur ornek 6,Hareket Problemleri,"Hareket problemlerinde karşılaşma, yetişme, hareket yönü ve göreli hız kavramlarını tekrar etmelisin."
Hareket Problemleri konusu için verilen günlük yaşam senaryosunda bilinmeyen değer x olarak seçiliyor. Verilen ilişkilerden denklem kurularak sonuç nasıl bulunur? Örnek 7,hareket problemleri konusu icin verilen gunluk yasam senaryosunda bilinmeyen deger x olarak seciliyor carpi verilen iliskilerden denklem kurularak sonuc nasil bulunur ornek 7,Hareket Problemleri,"Hareket problemlerinde karşılaşma, yetişme, hareket yönü ve göreli hız kavramlarını tekrar etmelisin."
Hareket Problemleri konusu için verilen günlük yaşam senaryosunda bilinmeyen değer x olarak seçiliyor. Verilen ilişkilerden denklem kurularak sonuç nasıl bulunur? Örnek 8,hareket problemleri konusu icin verilen gunluk yasam senaryosunda bilinmeyen deger x olarak seciliyor carpi verilen iliskilerden denklem kurularak sonuc nasil bulunur ornek 8,Hareket Problemleri,"Hareket problemlerinde karşılaşma, yetişme, hareket yönü ve göreli hız kavramlarını tekrar etmelisin."
Hareket Problemleri konusu için verilen günlük yaşam senaryosunda bilinmeyen değer x olarak seçiliyor. Verilen ilişkilerden denklem kurularak sonuç nasıl bulunur? Örnek 9,hareket problemleri konusu icin verilen gunluk yasam senaryosunda bilinmeyen deger x olarak seciliyor carpi verilen iliskilerden denklem kurularak sonuc nasil bulunur ornek 9,Hareket Problemleri,"Hareket problemlerinde karşılaşma, yetişme, hareket yönü ve göreli hız kavramlarını tekrar etmelisin."
Hareket Problemleri konusu için verilen günlük yaşam senaryosunda bilinmeyen değer x olarak seçiliyor. Verilen ilişkilerden denklem kurularak sonuç nasıl bulunur? Örnek 10,hareket problemleri konusu icin verilen gunluk yasam senaryosunda bilinmeyen deger x olarak seciliyor carpi verilen iliskilerden denklem kurularak sonuc nasil bulunur ornek 10,Hareket Problemleri,"Hareket problemlerinde karşılaşma, yetişme, hareket yönü ve göreli hız kavramlarını tekrar etmelisin."
Hareket Problemleri konusu için verilen günlük yaşam senaryosunda bilinmeyen değer x olarak seçiliyor. Verilen ilişkilerden denklem kurularak sonuç nasıl bulunur? Örnek 11,hareket problemleri konusu icin verilen gunluk yasam senaryosunda bilinmeyen deger x olarak seciliyor carpi verilen iliskilerden denklem kurularak sonuc nasil bulunur ornek 11,Hareket Problemleri,"Hareket problemlerinde karşılaşma, yetişme, hareket yönü ve göreli hız kavramlarını tekrar etmelisin."
Hareket Problemleri konusu için verilen günlük yaşam senaryosunda bilinmeyen değer x olarak seçiliyor. Verilen ilişkilerden denklem kurularak sonuç nasıl bulunur? Örnek 12,hareket problemleri konusu icin verilen gunluk yasam senaryosunda bilinmeyen deger x olarak seciliyor carpi verilen iliskilerden denklem kurularak sonuc nasil bulunur ornek 12,Hareket Problemleri,"Hareket problemlerinde karşılaşma, yetişme, hareket yönü ve göreli hız kavramlarını tekrar etmelisin."
Hareket Problemleri konusu için verilen günlük yaşam senaryosunda bilinmeyen değer x olarak seçiliyor. Verilen ilişkilerden denklem kurularak sonuç nasıl bulunur? Örnek 13,hareket problemleri konusu icin verilen gunluk yasam senaryosunda bilinmeyen deger x olarak seciliyor carpi verilen iliskilerden denklem kurularak sonuc nasil bulunur ornek 13,Hareket Problemleri,"Hareket problemlerinde karşılaşma, yetişme, hareket yönü ve göreli hız kavramlarını tekrar etmelisin."
Hareket Problemleri konusu için verilen günlük yaşam senaryosunda bilinmeyen değer x olarak seçiliyor. Verilen ilişkilerden denklem kurularak sonuç nasıl bulunur? Örnek 14,hareket problemleri konusu icin verilen gunluk yasam senaryosunda bilinmeyen deger x olarak seciliyor carpi verilen iliskilerden denklem kurularak sonuc nasil bulunur ornek 14,Hareket Problemleri,"Hareket problemlerinde karşılaşma, yetişme, hareket yönü ve göreli hız kavramlarını tekrar etmelisin."
Hareket Problemleri konusu için verilen günlük yaşam senaryosunda bilinmeyen değer x olarak seçiliyor. Verilen ilişkilerden denklem kurularak sonuç nasıl bulunur? Örnek 15,hareket problemleri konusu icin verilen gunluk yasam senaryosunda bilinmeyen deger x olarak seciliyor carpi verilen iliskilerden denklem kurularak sonuc nasil bulunur ornek 15,Hareket Problemleri,"Hareket problemlerinde karşılaşma, yetişme, hareket yönü ve göreli hız kavramlarını tekrar etmelisin."
Hareket Problemleri konusu için verilen günlük yaşam senaryosunda bilinmeyen değer x olarak seçiliyor. Verilen ilişkilerden denklem kurularak sonuç nasıl bulunur? Örnek 16,hareket problemleri konusu icin verilen gunluk yasam senaryosunda bilinmeyen deger x olarak seciliyor carpi verilen iliskilerden denklem kurularak sonuc nasil bulunur ornek 16,Hareket Problemleri,"Hareket problemlerinde karşılaşma, yetişme, hareket yönü ve göreli hız kavramlarını tekrar etmelisin."
Hareket Problemleri konusu için verilen günlük yaşam senaryosunda bilinmeyen değer x olarak seçiliyor. Verilen ilişkilerden denklem kurularak sonuç nasıl bulunur? Örnek 17,hareket problemleri konusu icin verilen gunluk yasam senaryosunda bilinmeyen deger x olarak seciliyor carpi verilen iliskilerden denklem kurularak sonuc nasil bulunur ornek 17,Hareket Problemleri,"Hareket problemlerinde karşılaşma, yetişme, hareket yönü ve göreli hız kavramlarını tekrar etmelisin."
Hareket Problemleri konusu için verilen günlük yaşam senaryosunda bilinmeyen değer x olarak seçiliyor. Verilen ilişkilerden denklem kurularak sonuç nasıl bulunur? Örnek 18,hareket problemleri konusu icin verilen gunluk yasam senaryosunda bilinmeyen deger x olarak seciliyor carpi verilen iliskilerden denklem kurularak sonuc nasil bulunur ornek 18,Hareket Problemleri,"Hareket problemlerinde karşılaşma, yetişme, hareket yönü ve göreli hız kavramlarını tekrar etmelisin."
Hareket Problemleri konusu için verilen günlük yaşam senaryosunda bilinmeyen değer x olarak seçiliyor. Verilen ilişkilerden denklem kurularak sonuç nasıl bulunur? Örnek 19,hareket problemleri konusu icin verilen gunluk yasam senaryosunda bilinmeyen deger x olarak seciliyor carpi verilen iliskilerden denklem kurularak sonuc nasil bulunur ornek 19,Hareket Problemleri,"Hareket problemlerinde karşılaşma, yetişme, hareket yönü ve göreli hız kavramlarını tekrar etmelisin."
Hareket Problemleri konusu için verilen günlük yaşam senaryosunda bilinmeyen değer x olarak seçiliyor. Verilen ilişkilerden denklem kurularak sonuç nasıl bulunur? Örnek 20,hareket problemleri konusu icin verilen gunluk yasam senaryosunda bilinmeyen deger x olarak seciliyor carpi verilen iliskilerden denklem kurularak sonuc nasil bulunur ornek 20,Hareket Problemleri,"Hareket problemlerinde karşılaşma, yetişme, hareket yönü ve göreli hız kavramlarını tekrar etmelisin."
"Bir tabloda A=2, B=5, C=8 olarak verilmiştir. Her harf bir öncekinden 3 fazla gidiyorsa D kaçtır?",bir tabloda a esittir 2 b esittir 5 c esittir 8 olarak verilmistir carpi her harf bir oncekinden 3 fazla gidiyorsa d kactir,Sayısal Mantık,"Sayısal mantıkta örüntü kurma, tablo ilişkisi, şekil-sayı bağlantısı ve verilen kurala göre çıkarım yapma becerilerini tekrar etmelisin."
"Bir sayı dizisi 4, 7, 11, 16, 22 şeklinde ilerliyor. Sonraki sayı kaçtır?",bir sayi dizisi 4 7 11 16 22 seklinde ilerliyor carpi sonraki sayi kactir,Sayısal Mantık,"Sayısal mantıkta örüntü kurma, tablo ilişkisi, şekil-sayı bağlantısı ve verilen kurala göre çıkarım yapma becerilerini tekrar etmelisin."
"Bir kutuda kırmızı, mavi ve yeşil toplar belirli kurala göre diziliyor: K, M, Y, K, M, Y. 20. top hangi renktir?",bir kutuda kirmizi mavi ve yesil toplar belirli kurala gore diziliyor k m y k m y carpi 20 carpi top hangi renktir,Sayısal Mantık,"Sayısal mantıkta örüntü kurma, tablo ilişkisi, şekil-sayı bağlantısı ve verilen kurala göre çıkarım yapma becerilerini tekrar etmelisin."
"Bir şekilde her satırdaki sayı, solundaki iki sayının toplamıdır. 6 ve 9'un sağındaki kutuya hangi sayı yazılır?",bir sekilde her satirdaki sayi solundaki iki sayinin toplamidir carpi 6 ve 9 un sagindaki kutuya hangi sayi yazilir,Sayısal Mantık,"Sayısal mantıkta örüntü kurma, tablo ilişkisi, şekil-sayı bağlantısı ve verilen kurala göre çıkarım yapma becerilerini tekrar etmelisin."
Bir tabloda x değeri 1 artınca y değeri 4 artıyor. x=5 iken y=22 ise x=6 iken y kaç olur?,bir tabloda x degeri 1 artinca y degeri 4 artiyor carpi x esittir 5 iken y esittir 22 ise x esittir 6 iken y kac olur,Sayısal Mantık,"Sayısal mantıkta örüntü kurma, tablo ilişkisi, şekil-sayı bağlantısı ve verilen kurala göre çıkarım yapma becerilerini tekrar etmelisin."
Bir sayı piramidinde üstteki kutu alttaki iki kutunun farkıdır. Altta 18 ve 7 varsa üst kutu kaçtır?,bir sayi piramidinde ustteki kutu alttaki iki kutunun farkidir carpi altta 18 ve 7 varsa ust kutu kactir,Sayısal Mantık,"Sayısal mantıkta örüntü kurma, tablo ilişkisi, şekil-sayı bağlantısı ve verilen kurala göre çıkarım yapma becerilerini tekrar etmelisin."
Bir oturma düzeninde her masaya bir öncekinin 2 fazlası kişi oturuyor. İlk masada 4 kişi varsa 6. masada kaç kişi olur?,bir oturma duzeninde her masaya bir oncekinin 2 fazlasi kisi oturuyor carpi i lk masada 4 kisi varsa 6 carpi masada kac kisi olur,Sayısal Mantık,"Sayısal mantıkta örüntü kurma, tablo ilişkisi, şekil-sayı bağlantısı ve verilen kurala göre çıkarım yapma becerilerini tekrar etmelisin."
"Bir şifreleme sisteminde A=1, B=2, C=3 ise CAB sayısal olarak nasıl yazılır?",bir sifreleme sisteminde a esittir 1 b esittir 2 c esittir 3 ise cab sayisal olarak nasil yazilir,Sayısal Mantık,"Sayısal mantıkta örüntü kurma, tablo ilişkisi, şekil-sayı bağlantısı ve verilen kurala göre çıkarım yapma becerilerini tekrar etmelisin."
"Bir dizide sayılar 2 ile çarpılıp 1 eklenerek ilerliyor: 2, 5, 11, 23. Sonraki sayı kaçtır?",bir dizide sayilar 2 ile carpilip 1 eklenerek ilerliyor 2 5 11 23 carpi sonraki sayi kactir,Sayısal Mantık,"Sayısal mantıkta örüntü kurma, tablo ilişkisi, şekil-sayı bağlantısı ve verilen kurala göre çıkarım yapma becerilerini tekrar etmelisin."
Bir tabloda satır ve sütun başlıkları toplanarak hücre değeri bulunuyor. Satır 8 ve sütun 6 ise hücre değeri kaçtır?,bir tabloda satir ve sutun basliklari toplanarak hucre degeri bulunuyor carpi satir 8 ve sutun 6 ise hucre degeri kactir,Sayısal Mantık,"Sayısal mantıkta örüntü kurma, tablo ilişkisi, şekil-sayı bağlantısı ve verilen kurala göre çıkarım yapma becerilerini tekrar etmelisin."
"Sayısal Mantık sorusunda verilen tablo, örüntü veya görsel bilgideki kurala göre eksik değer nasıl bulunur? Örnek 1",sayisal mantik sorusunda verilen tablo oruntu veya gorsel bilgideki kurala gore eksik deger nasil bulunur ornek 1,Sayısal Mantık,"Sayısal mantıkta örüntü kurma, tablo ilişkisi, şekil-sayı bağlantısı ve verilen kurala göre çıkarım yapma becerilerini tekrar etmelisin."
"Sayısal Mantık sorusunda verilen tablo, örüntü veya görsel bilgideki kurala göre eksik değer nasıl bulunur? Örnek 2",sayisal mantik sorusunda verilen tablo oruntu veya gorsel bilgideki kurala gore eksik deger nasil bulunur ornek 2,Sayısal Mantık,"Sayısal mantıkta örüntü kurma, tablo ilişkisi, şekil-sayı bağlantısı ve verilen kurala göre çıkarım yapma becerilerini tekrar etmelisin."
"Sayısal Mantık sorusunda verilen tablo, örüntü veya görsel bilgideki kurala göre eksik değer nasıl bulunur? Örnek 3",sayisal mantik sorusunda verilen tablo oruntu veya gorsel bilgideki kurala gore eksik deger nasil bulunur ornek 3,Sayısal Mantık,"Sayısal mantıkta örüntü kurma, tablo ilişkisi, şekil-sayı bağlantısı ve verilen kurala göre çıkarım yapma becerilerini tekrar etmelisin."
"Sayısal Mantık sorusunda verilen tablo, örüntü veya görsel bilgideki kurala göre eksik değer nasıl bulunur? Örnek 4",sayisal mantik sorusunda verilen tablo oruntu veya gorsel bilgideki kurala gore eksik deger nasil bulunur ornek 4,Sayısal Mantık,"Sayısal mantıkta örüntü kurma, tablo ilişkisi, şekil-sayı bağlantısı ve verilen kurala göre çıkarım yapma becerilerini tekrar etmelisin."
"Sayısal Mantık sorusunda verilen tablo, örüntü veya görsel bilgideki kurala göre eksik değer nasıl bulunur? Örnek 5",sayisal mantik sorusunda verilen tablo oruntu veya gorsel bilgideki kurala gore eksik deger nasil bulunur ornek 5,Sayısal Mantık,"Sayısal mantıkta örüntü kurma, tablo ilişkisi, şekil-sayı bağlantısı ve verilen kurala göre çıkarım yapma becerilerini tekrar etmelisin."
"Sayısal Mantık sorusunda verilen tablo, örüntü veya görsel bilgideki kurala göre eksik değer nasıl bulunur? Örnek 6",sayisal mantik sorusunda verilen tablo oruntu veya gorsel bilgideki kurala gore eksik deger nasil bulunur ornek 6,Sayısal Mantık,"Sayısal mantıkta örüntü kurma, tablo ilişkisi, şekil-sayı bağlantısı ve verilen kurala göre çıkarım yapma becerilerini tekrar etmelisin."
"Sayısal Mantık sorusunda verilen tablo, örüntü veya görsel bilgideki kurala göre eksik değer nasıl bulunur? Örnek 7",sayisal mantik sorusunda verilen tablo oruntu veya gorsel bilgideki kurala gore eksik deger nasil bulunur ornek 7,Sayısal Mantık,"Sayısal mantıkta örüntü kurma, tablo ilişkisi, şekil-sayı bağlantısı ve verilen kurala göre çıkarım yapma becerilerini tekrar etmelisin."
"Sayısal Mantık sorusunda verilen tablo, örüntü veya görsel bilgideki kurala göre eksik değer nasıl bulunur? Örnek 8",sayisal mantik sorusunda verilen tablo oruntu veya gorsel bilgideki kurala gore eksik deger nasil bulunur ornek 8,Sayısal Mantık,"Sayısal mantıkta örüntü kurma, tablo ilişkisi, şekil-sayı bağlantısı ve verilen kurala göre çıkarım yapma becerilerini tekrar etmelisin."
"Sayısal Mantık sorusunda verilen tablo, örüntü veya görsel bilgideki kurala göre eksik değer nasıl bulunur? Örnek 9",sayisal mantik sorusunda verilen tablo oruntu veya gorsel bilgideki kurala gore eksik deger nasil bulunur ornek 9,Sayısal Mantık,"Sayısal mantıkta örüntü kurma, tablo ilişkisi, şekil-sayı bağlantısı ve verilen kurala göre çıkarım yapma becerilerini tekrar etmelisin."
"Sayısal Mantık sorusunda verilen tablo, örüntü veya görsel bilgideki kurala göre eksik değer nasıl bulunur? Örnek 10",sayisal mantik sorusunda verilen tablo oruntu veya gorsel bilgideki kurala gore eksik deger nasil bulunur ornek 10,Sayısal Mantık,"Sayısal mantıkta örüntü kurma, tablo ilişkisi, şekil-sayı bağlantısı ve verilen kurala göre çıkarım yapma becerilerini tekrar etmelisin."
"Sayısal Mantık sorusunda verilen tablo, örüntü veya görsel bilgideki kurala göre eksik değer nasıl bulunur? Örnek 11",sayisal mantik sorusunda verilen tablo oruntu veya gorsel bilgideki kurala gore eksik deger nasil bulunur ornek 11,Sayısal Mantık,"Sayısal mantıkta örüntü kurma, tablo ilişkisi, şekil-sayı bağlantısı ve verilen kurala göre çıkarım yapma becerilerini tekrar etmelisin."
"Sayısal Mantık sorusunda verilen tablo, örüntü veya görsel bilgideki kurala göre eksik değer nasıl bulunur? Örnek 12",sayisal mantik sorusunda verilen tablo oruntu veya gorsel bilgideki kurala gore eksik deger nasil bulunur ornek 12,Sayısal Mantık,"Sayısal mantıkta örüntü kurma, tablo ilişkisi, şekil-sayı bağlantısı ve verilen kurala göre çıkarım yapma becerilerini tekrar etmelisin."
"Sayısal Mantık sorusunda verilen tablo, örüntü veya görsel bilgideki kurala göre eksik değer nasıl bulunur? Örnek 13",sayisal mantik sorusunda verilen tablo oruntu veya gorsel bilgideki kurala gore eksik deger nasil bulunur ornek 13,Sayısal Mantık,"Sayısal mantıkta örüntü kurma, tablo ilişkisi, şekil-sayı bağlantısı ve verilen kurala göre çıkarım yapma becerilerini tekrar etmelisin."
"Sayısal Mantık sorusunda verilen tablo, örüntü veya görsel bilgideki kurala göre eksik değer nasıl bulunur? Örnek 14",sayisal mantik sorusunda verilen tablo oruntu veya gorsel bilgideki kurala gore eksik deger nasil bulunur ornek 14,Sayısal Mantık,"Sayısal mantıkta örüntü kurma, tablo ilişkisi, şekil-sayı bağlantısı ve verilen kurala göre çıkarım yapma becerilerini tekrar etmelisin."
"Sayısal Mantık sorusunda verilen tablo, örüntü veya görsel bilgideki kurala göre eksik değer nasıl bulunur? Örnek 15",sayisal mantik sorusunda verilen tablo oruntu veya gorsel bilgideki kurala gore eksik deger nasil bulunur ornek 15,Sayısal Mantık,"Sayısal mantıkta örüntü kurma, tablo ilişkisi, şekil-sayı bağlantısı ve verilen kurala göre çıkarım yapma becerilerini tekrar etmelisin."
"Sayısal Mantık sorusunda verilen tablo, örüntü veya görsel bilgideki kurala göre eksik değer nasıl bulunur? Örnek 16",sayisal mantik sorusunda verilen tablo oruntu veya gorsel bilgideki kurala gore eksik deger nasil bulunur ornek 16,Sayısal Mantık,"Sayısal mantıkta örüntü kurma, tablo ilişkisi, şekil-sayı bağlantısı ve verilen kurala göre çıkarım yapma becerilerini tekrar etmelisin."
"Sayısal Mantık sorusunda verilen tablo, örüntü veya görsel bilgideki kurala göre eksik değer nasıl bulunur? Örnek 17",sayisal mantik sorusunda verilen tablo oruntu veya gorsel bilgideki kurala gore eksik deger nasil bulunur ornek 17,Sayısal Mantık,"Sayısal mantıkta örüntü kurma, tablo ilişkisi, şekil-sayı bağlantısı ve verilen kurala göre çıkarım yapma becerilerini tekrar etmelisin."
"Sayısal Mantık sorusunda verilen tablo, örüntü veya görsel bilgideki kurala göre eksik değer nasıl bulunur? Örnek 18",sayisal mantik sorusunda verilen tablo oruntu veya gorsel bilgideki kurala gore eksik deger nasil bulunur ornek 18,Sayısal Mantık,"Sayısal mantıkta örüntü kurma, tablo ilişkisi, şekil-sayı bağlantısı ve verilen kurala göre çıkarım yapma becerilerini tekrar etmelisin."
"Sayısal Mantık sorusunda verilen tablo, örüntü veya görsel bilgideki kurala göre eksik değer nasıl bulunur? Örnek 19",sayisal mantik sorusunda verilen tablo oruntu veya gorsel bilgideki kurala gore eksik deger nasil bulunur ornek 19,Sayısal Mantık,"Sayısal mantıkta örüntü kurma, tablo ilişkisi, şekil-sayı bağlantısı ve verilen kurala göre çıkarım yapma becerilerini tekrar etmelisin."
"Sayısal Mantık sorusunda verilen tablo, örüntü veya görsel bilgideki kurala göre eksik değer nasıl bulunur? Örnek 20",sayisal mantik sorusunda verilen tablo oruntu veya gorsel bilgideki kurala gore eksik deger nasil bulunur ornek 20,Sayısal Mantık,"Sayısal mantıkta örüntü kurma, tablo ilişkisi, şekil-sayı bağlantısı ve verilen kurala göre çıkarım yapma becerilerini tekrar etmelisin."
"Bir çizgi grafikte öğrenci sayısı yıllara göre 120, 150, 145, 170 verilmiştir. En büyük artış hangi yıllar arasındadır?",bir cizgi grafikte ogrenci sayisi yillara gore 120 150 145 170 verilmistir carpi en buyuk artis hangi yillar arasindadir,Tablo ve Grafik Yorumlama,"Tablo ve grafik yorumlamada veriler arasında ilişki kurma, değişim miktarını bulma ve görsel bilgiden sonuç çıkarma becerisini tekrar etmelisin."
Bir tabloda ürünlerin fiyatları ve satış adetleri verilmiştir. Toplam gelir bulunurken hangi iki değer çarpılır?,bir tabloda urunlerin fiyatlari ve satis adetleri verilmistir carpi toplam gelir bulunurken hangi iki deger carpilir,Tablo ve Grafik Yorumlama,"Tablo ve grafik yorumlamada veriler arasında ilişki kurma, değişim miktarını bulma ve görsel bilgiden sonuç çıkarma becerisini tekrar etmelisin."
"Bir daire grafikte matematik %35, Türkçe %25, fen %40 olarak gösteriliyor. En büyük pay hangi derse aittir?",bir daire grafikte matematik 35 turkce 25 fen 40 olarak gosteriliyor carpi en buyuk pay hangi derse aittir,Tablo ve Grafik Yorumlama,"Tablo ve grafik yorumlamada veriler arasında ilişki kurma, değişim miktarını bulma ve görsel bilgiden sonuç çıkarma becerisini tekrar etmelisin."
"Bir sütun grafikte üç şehrin sıcaklıkları 18, 24 ve 21 derecedir. En sıcak şehir ile en soğuk şehir arasındaki fark kaçtır?",bir sutun grafikte uc sehrin sicakliklari 18 24 ve 21 derecedir carpi en sicak sehir ile en soguk sehir arasindaki fark kactir,Tablo ve Grafik Yorumlama,"Tablo ve grafik yorumlamada veriler arasında ilişki kurma, değişim miktarını bulma ve görsel bilgiden sonuç çıkarma becerisini tekrar etmelisin."
"Bir tabloda A takımının 5 maçta attığı goller 2, 1, 3, 0, 4'tür. Ortalama gol sayısı kaçtır?",bir tabloda a takiminin 5 macta attigi goller 2 1 3 0 4 tur carpi ortalama gol sayisi kactir,Tablo ve Grafik Yorumlama,"Tablo ve grafik yorumlamada veriler arasında ilişki kurma, değişim miktarını bulma ve görsel bilgiden sonuç çıkarma becerisini tekrar etmelisin."
Bir grafikte giderler ay ay verilmiştir. Giderin azaldığı ayları belirlemek için hangi değerler karşılaştırılır?,bir grafikte giderler ay ay verilmistir carpi giderin azaldigi aylari belirlemek icin hangi degerler karsilastirilir,Tablo ve Grafik Yorumlama,"Tablo ve grafik yorumlamada veriler arasında ilişki kurma, değişim miktarını bulma ve görsel bilgiden sonuç çıkarma becerisini tekrar etmelisin."
Bir tabloda öğrenci sayıları kız ve erkek olarak ayrılmıştır. Toplam öğrenci sayısı nasıl bulunur?,bir tabloda ogrenci sayilari kiz ve erkek olarak ayrilmistir carpi toplam ogrenci sayisi nasil bulunur,Tablo ve Grafik Yorumlama,"Tablo ve grafik yorumlamada veriler arasında ilişki kurma, değişim miktarını bulma ve görsel bilgiden sonuç çıkarma becerisini tekrar etmelisin."
Bir çizgi grafikte değerler sürekli artıyorsa bu grafik için genel eğilim nasıl yorumlanır?,bir cizgi grafikte degerler surekli artiyorsa bu grafik icin genel egilim nasil yorumlanir,Tablo ve Grafik Yorumlama,"Tablo ve grafik yorumlamada veriler arasında ilişki kurma, değişim miktarını bulma ve görsel bilgiden sonuç çıkarma becerisini tekrar etmelisin."
"Bir sütun grafikte kitap sayıları roman 45, hikaye 30, deneme 25 olarak verilmiştir. Roman sayısı denemeden kaç fazladır?",bir sutun grafikte kitap sayilari roman 45 hikaye 30 deneme 25 olarak verilmistir carpi roman sayisi denemeden kac fazladir,Tablo ve Grafik Yorumlama,"Tablo ve grafik yorumlamada veriler arasında ilişki kurma, değişim miktarını bulma ve görsel bilgiden sonuç çıkarma becerisini tekrar etmelisin."
Bir tabloda dört farklı ürünün satış miktarı verilmiştir. En çok satılan ürün nasıl belirlenir?,bir tabloda dort farkli urunun satis miktari verilmistir carpi en cok satilan urun nasil belirlenir,Tablo ve Grafik Yorumlama,"Tablo ve grafik yorumlamada veriler arasında ilişki kurma, değişim miktarını bulma ve görsel bilgiden sonuç çıkarma becerisini tekrar etmelisin."
"Tablo ve Grafik Yorumlama sorusunda verilen tablo, örüntü veya görsel bilgideki kurala göre eksik değer nasıl bulunur? Örnek 1",tablo ve grafik yorumlama sorusunda verilen tablo oruntu veya gorsel bilgideki kurala gore eksik deger nasil bulunur ornek 1,Tablo ve Grafik Yorumlama,"Tablo ve grafik yorumlamada veriler arasında ilişki kurma, değişim miktarını bulma ve görsel bilgiden sonuç çıkarma becerisini tekrar etmelisin."
"Tablo ve Grafik Yorumlama sorusunda verilen tablo, örüntü veya görsel bilgideki kurala göre eksik değer nasıl bulunur? Örnek 2",tablo ve grafik yorumlama sorusunda verilen tablo oruntu veya gorsel bilgideki kurala gore eksik deger nasil bulunur ornek 2,Tablo ve Grafik Yorumlama,"Tablo ve grafik yorumlamada veriler arasında ilişki kurma, değişim miktarını bulma ve görsel bilgiden sonuç çıkarma becerisini tekrar etmelisin."
"Tablo ve Grafik Yorumlama sorusunda verilen tablo, örüntü veya görsel bilgideki kurala göre eksik değer nasıl bulunur? Örnek 3",tablo ve grafik yorumlama sorusunda verilen tablo oruntu veya gorsel bilgideki kurala gore eksik deger nasil bulunur ornek 3,Tablo ve Grafik Yorumlama,"Tablo ve grafik yorumlamada veriler arasında ilişki kurma, değişim miktarını bulma ve görsel bilgiden sonuç çıkarma becerisini tekrar etmelisin."
"Tablo ve Grafik Yorumlama sorusunda verilen tablo, örüntü veya görsel bilgideki kurala göre eksik değer nasıl bulunur? Örnek 4",tablo ve grafik yorumlama sorusunda verilen tablo oruntu veya gorsel bilgideki kurala gore eksik deger nasil bulunur ornek 4,Tablo ve Grafik Yorumlama,"Tablo ve grafik yorumlamada veriler arasında ilişki kurma, değişim miktarını bulma ve görsel bilgiden sonuç çıkarma becerisini tekrar etmelisin."
"Tablo ve Grafik Yorumlama sorusunda verilen tablo, örüntü veya görsel bilgideki kurala göre eksik değer nasıl bulunur? Örnek 5",tablo ve grafik yorumlama sorusunda verilen tablo oruntu veya gorsel bilgideki kurala gore eksik deger nasil bulunur ornek 5,Tablo ve Grafik Yorumlama,"Tablo ve grafik yorumlamada veriler arasında ilişki kurma, değişim miktarını bulma ve görsel bilgiden sonuç çıkarma becerisini tekrar etmelisin."
"Tablo ve Grafik Yorumlama sorusunda verilen tablo, örüntü veya görsel bilgideki kurala göre eksik değer nasıl bulunur? Örnek 6",tablo ve grafik yorumlama sorusunda verilen tablo oruntu veya gorsel bilgideki kurala gore eksik deger nasil bulunur ornek 6,Tablo ve Grafik Yorumlama,"Tablo ve grafik yorumlamada veriler arasında ilişki kurma, değişim miktarını bulma ve görsel bilgiden sonuç çıkarma becerisini tekrar etmelisin."
"Tablo ve Grafik Yorumlama sorusunda verilen tablo, örüntü veya görsel bilgideki kurala göre eksik değer nasıl bulunur? Örnek 7",tablo ve grafik yorumlama sorusunda verilen tablo oruntu veya gorsel bilgideki kurala gore eksik deger nasil bulunur ornek 7,Tablo ve Grafik Yorumlama,"Tablo ve grafik yorumlamada veriler arasında ilişki kurma, değişim miktarını bulma ve görsel bilgiden sonuç çıkarma becerisini tekrar etmelisin."
"Tablo ve Grafik Yorumlama sorusunda verilen tablo, örüntü veya görsel bilgideki kurala göre eksik değer nasıl bulunur? Örnek 8",tablo ve grafik yorumlama sorusunda verilen tablo oruntu veya gorsel bilgideki kurala gore eksik deger nasil bulunur ornek 8,Tablo ve Grafik Yorumlama,"Tablo ve grafik yorumlamada veriler arasında ilişki kurma, değişim miktarını bulma ve görsel bilgiden sonuç çıkarma becerisini tekrar etmelisin."
"Tablo ve Grafik Yorumlama sorusunda verilen tablo, örüntü veya görsel bilgideki kurala göre eksik değer nasıl bulunur? Örnek 9",tablo ve grafik yorumlama sorusunda verilen tablo oruntu veya gorsel bilgideki kurala gore eksik deger nasil bulunur ornek 9,Tablo ve Grafik Yorumlama,"Tablo ve grafik yorumlamada veriler arasında ilişki kurma, değişim miktarını bulma ve görsel bilgiden sonuç çıkarma becerisini tekrar etmelisin."
"Tablo ve Grafik Yorumlama sorusunda verilen tablo, örüntü veya görsel bilgideki kurala göre eksik değer nasıl bulunur? Örnek 10",tablo ve grafik yorumlama sorusunda verilen tablo oruntu veya gorsel bilgideki kurala gore eksik deger nasil bulunur ornek 10,Tablo ve Grafik Yorumlama,"Tablo ve grafik yorumlamada veriler arasında ilişki kurma, değişim miktarını bulma ve görsel bilgiden sonuç çıkarma becerisini tekrar etmelisin."
"Tablo ve Grafik Yorumlama sorusunda verilen tablo, örüntü veya görsel bilgideki kurala göre eksik değer nasıl bulunur? Örnek 11",tablo ve grafik yorumlama sorusunda verilen tablo oruntu veya gorsel bilgideki kurala gore eksik deger nasil bulunur ornek 11,Tablo ve Grafik Yorumlama,"Tablo ve grafik yorumlamada veriler arasında ilişki kurma, değişim miktarını bulma ve görsel bilgiden sonuç çıkarma becerisini tekrar etmelisin."
"Tablo ve Grafik Yorumlama sorusunda verilen tablo, örüntü veya görsel bilgideki kurala göre eksik değer nasıl bulunur? Örnek 12",tablo ve grafik yorumlama sorusunda verilen tablo oruntu veya gorsel bilgideki kurala gore eksik deger nasil bulunur ornek 12,Tablo ve Grafik Yorumlama,"Tablo ve grafik yorumlamada veriler arasında ilişki kurma, değişim miktarını bulma ve görsel bilgiden sonuç çıkarma becerisini tekrar etmelisin."
"Tablo ve Grafik Yorumlama sorusunda verilen tablo, örüntü veya görsel bilgideki kurala göre eksik değer nasıl bulunur? Örnek 13",tablo ve grafik yorumlama sorusunda verilen tablo oruntu veya gorsel bilgideki kurala gore eksik deger nasil bulunur ornek 13,Tablo ve Grafik Yorumlama,"Tablo ve grafik yorumlamada veriler arasında ilişki kurma, değişim miktarını bulma ve görsel bilgiden sonuç çıkarma becerisini tekrar etmelisin."
"Tablo ve Grafik Yorumlama sorusunda verilen tablo, örüntü veya görsel bilgideki kurala göre eksik değer nasıl bulunur? Örnek 14",tablo ve grafik yorumlama sorusunda verilen tablo oruntu veya gorsel bilgideki kurala gore eksik deger nasil bulunur ornek 14,Tablo ve Grafik Yorumlama,"Tablo ve grafik yorumlamada veriler arasında ilişki kurma, değişim miktarını bulma ve görsel bilgiden sonuç çıkarma becerisini tekrar etmelisin."
"Tablo ve Grafik Yorumlama sorusunda verilen tablo, örüntü veya görsel bilgideki kurala göre eksik değer nasıl bulunur? Örnek 15",tablo ve grafik yorumlama sorusunda verilen tablo oruntu veya gorsel bilgideki kurala gore eksik deger nasil bulunur ornek 15,Tablo ve Grafik Yorumlama,"Tablo ve grafik yorumlamada veriler arasında ilişki kurma, değişim miktarını bulma ve görsel bilgiden sonuç çıkarma becerisini tekrar etmelisin."
"Tablo ve Grafik Yorumlama sorusunda verilen tablo, örüntü veya görsel bilgideki kurala göre eksik değer nasıl bulunur? Örnek 16",tablo ve grafik yorumlama sorusunda verilen tablo oruntu veya gorsel bilgideki kurala gore eksik deger nasil bulunur ornek 16,Tablo ve Grafik Yorumlama,"Tablo ve grafik yorumlamada veriler arasında ilişki kurma, değişim miktarını bulma ve görsel bilgiden sonuç çıkarma becerisini tekrar etmelisin."
"Tablo ve Grafik Yorumlama sorusunda verilen tablo, örüntü veya görsel bilgideki kurala göre eksik değer nasıl bulunur? Örnek 17",tablo ve grafik yorumlama sorusunda verilen tablo oruntu veya gorsel bilgideki kurala gore eksik deger nasil bulunur ornek 17,Tablo ve Grafik Yorumlama,"Tablo ve grafik yorumlamada veriler arasında ilişki kurma, değişim miktarını bulma ve görsel bilgiden sonuç çıkarma becerisini tekrar etmelisin."
"Tablo ve Grafik Yorumlama sorusunda verilen tablo, örüntü veya görsel bilgideki kurala göre eksik değer nasıl bulunur? Örnek 18",tablo ve grafik yorumlama sorusunda verilen tablo oruntu veya gorsel bilgideki kurala gore eksik deger nasil bulunur ornek 18,Tablo ve Grafik Yorumlama,"Tablo ve grafik yorumlamada veriler arasında ilişki kurma, değişim miktarını bulma ve görsel bilgiden sonuç çıkarma becerisini tekrar etmelisin."
"Tablo ve Grafik Yorumlama sorusunda verilen tablo, örüntü veya görsel bilgideki kurala göre eksik değer nasıl bulunur? Örnek 19",tablo ve grafik yorumlama sorusunda verilen tablo oruntu veya gorsel bilgideki kurala gore eksik deger nasil bulunur ornek 19,Tablo ve Grafik Yorumlama,"Tablo ve grafik yorumlamada veriler arasında ilişki kurma, değişim miktarını bulma ve görsel bilgiden sonuç çıkarma becerisini tekrar etmelisin."
"Tablo ve Grafik Yorumlama sorusunda verilen tablo, örüntü veya görsel bilgideki kurala göre eksik değer nasıl bulunur? Örnek 20",tablo ve grafik yorumlama sorusunda verilen tablo oruntu veya gorsel bilgideki kurala gore eksik deger nasil bulunur ornek 20,Tablo ve Grafik Yorumlama,"Tablo ve grafik yorumlamada veriler arasında ilişki kurma, değişim miktarını bulma ve görsel bilgiden sonuç çıkarma becerisini tekrar etmelisin."
6-(-2)+8.(-3) işleminin sonucu kaçtır?,6 eksi eksi 2 arti 8 carpi eksi 3 isleminin sonucu kactir,Temel Kavramlar,"Temel kavramlarda işlem önceliği, negatif sayılarla işlemler ve tam sayılarda dört işlem konularını tekrar etmelisin."
(-4)+7.(-2)-5 işleminin sonucu kaçtır?,eksi 4 arti 7 carpi eksi 2 eksi 5 isleminin sonucu kactir,Temel Kavramlar,"Temel kavramlarda işlem önceliği, negatif sayılarla işlemler ve tam sayılarda dört işlem konularını tekrar etmelisin."
12-3.(2-5) işleminin sonucu kaçtır?,12 eksi 3 carpi 2 eksi 5 isleminin sonucu kactir,Temel Kavramlar,"Temel kavramlarda işlem önceliği, negatif sayılarla işlemler ve tam sayılarda dört işlem konularını tekrar etmelisin."
5+2.(-6)-(-3) işleminin sonucu kaçtır?,5 arti 2 carpi eksi 6 eksi eksi 3 isleminin sonucu kactir,Temel Kavramlar,"Temel kavramlarda işlem önceliği, negatif sayılarla işlemler ve tam sayılarda dört işlem konularını tekrar etmelisin."
-8+4.3-2 işleminin sonucu kaçtır?,eksi 8 arti 4 carpi 3 eksi 2 isleminin sonucu kactir,Temel Kavramlar,"Temel kavramlarda işlem önceliği, negatif sayılarla işlemler ve tam sayılarda dört işlem konularını tekrar etmelisin."
15÷3+2.4 işleminin sonucu kaçtır?,15 bolu 3 arti 2 carpi 4 isleminin sonucu kactir,Temel Kavramlar,"Temel kavramlarda işlem önceliği, negatif sayılarla işlemler ve tam sayılarda dört işlem konularını tekrar etmelisin."
18-6÷2+5 işleminin sonucu kaçtır?,18 eksi 6 bolu 2 arti 5 isleminin sonucu kactir,Temel Kavramlar,"Temel kavramlarda işlem önceliği, negatif sayılarla işlemler ve tam sayılarda dört işlem konularını tekrar etmelisin."
-3.(-5)+2 işleminin sonucu kaçtır?,eksi 3 carpi eksi 5 arti 2 isleminin sonucu kactir,Temel Kavramlar,"Temel kavramlarda işlem önceliği, negatif sayılarla işlemler ve tam sayılarda dört işlem konularını tekrar etmelisin."
20-(4+3).2 işleminin sonucu kaçtır?,20 eksi 4 arti 3 carpi 2 isleminin sonucu kactir,Temel Kavramlar,"Temel kavramlarda işlem önceliği, negatif sayılarla işlemler ve tam sayılarda dört işlem konularını tekrar etmelisin."
7.(-2)+(-3).4 işleminin sonucu kaçtır?,7 carpi eksi 2 arti eksi 3 carpi 4 isleminin sonucu kactir,Temel Kavramlar,"Temel kavramlarda işlem önceliği, negatif sayılarla işlemler ve tam sayılarda dört işlem konularını tekrar etmelisin."
2x+7=19 ise x kaçtır?,2x arti 7 esittir 19 ise x kactir,Denklem Çözme,"Denklem çözmede bilinmeyeni yalnız bırakma, eşitliğin iki tarafına aynı işlemi uygulama ve denklem kurma konularını tekrar etmelisin."
3x-5=16 ise x kaçtır?,3x eksi 5 esittir 16 ise x kactir,Denklem Çözme,"Denklem çözmede bilinmeyeni yalnız bırakma, eşitliğin iki tarafına aynı işlemi uygulama ve denklem kurma konularını tekrar etmelisin."
4(x-2)=20 ise x kaçtır?,4 x eksi 2 esittir 20 ise x kactir,Denklem Çözme,"Denklem çözmede bilinmeyeni yalnız bırakma, eşitliğin iki tarafına aynı işlemi uygulama ve denklem kurma konularını tekrar etmelisin."
x/3+4=10 ise x kaçtır?,x bolu 3 arti 4 esittir 10 ise x kactir,Denklem Çözme,"Denklem çözmede bilinmeyeni yalnız bırakma, eşitliğin iki tarafına aynı işlemi uygulama ve denklem kurma konularını tekrar etmelisin."
5x+2=2x+20 ise x kaçtır?,5x arti 2 esittir 2x arti 20 ise x kactir,Denklem Çözme,"Denklem çözmede bilinmeyeni yalnız bırakma, eşitliğin iki tarafına aynı işlemi uygulama ve denklem kurma konularını tekrar etmelisin."
2 üzeri x eşittir 128 ise x kaçtır?,2 uzeri x esittir 128 ise x kactir,Üslü Sayılar,"Üslü sayılarda üs alma, taban eşitleme ve aynı tabanlı ifadelerde işlem kurallarını tekrar etmelisin."
3 üzeri x eşittir 243 ise x kaçtır?,3 uzeri x esittir 243 ise x kactir,Üslü Sayılar,"Üslü sayılarda üs alma, taban eşitleme ve aynı tabanlı ifadelerde işlem kurallarını tekrar etmelisin."
2^5 ile 2^3 çarpılırsa sonuç hangi üs şeklinde yazılır?,2 5 ile 2 3 carpilirsa sonuc hangi us seklinde yazilir,Üslü Sayılar,"Üslü sayılarda üs alma, taban eşitleme ve aynı tabanlı ifadelerde işlem kurallarını tekrar etmelisin."
5^0 + 2^3 işleminin sonucu kaçtır?,5 0 arti 2 3 isleminin sonucu kactir,Üslü Sayılar,"Üslü sayılarda üs alma, taban eşitleme ve aynı tabanlı ifadelerde işlem kurallarını tekrar etmelisin."
10 üzeri 3 sayısı kaçtır?,10 uzeri 3 sayisi kactir,Üslü Sayılar,"Üslü sayılarda üs alma, taban eşitleme ve aynı tabanlı ifadelerde işlem kurallarını tekrar etmelisin."
Karekök 169 kaçtır?,karekok 169 kactir,Köklü Sayılar,"Köklü sayılarda karekök alma, köklü ifadelerde işlem ve sadeleştirme konularını tekrar etmelisin."
Kök 72 ifadesi nasıl sadeleştirilir?,kok 72 ifadesi nasil sadelestirilir,Köklü Sayılar,"Köklü sayılarda karekök alma, köklü ifadelerde işlem ve sadeleştirme konularını tekrar etmelisin."
Karekök 196 değeri kaçtır?,karekok 196 degeri kactir,Köklü Sayılar,"Köklü sayılarda karekök alma, köklü ifadelerde işlem ve sadeleştirme konularını tekrar etmelisin."
Kök 27 ile kök 12 toplamı nasıl sadeleştirilir?,kok 27 ile kok 12 toplami nasil sadelestirilir,Köklü Sayılar,"Köklü sayılarda karekök alma, köklü ifadelerde işlem ve sadeleştirme konularını tekrar etmelisin."
Kök 80 sayısı hangi biçimde dışarı çıkarılır?,kok 80 sayisi hangi bicimde disari cikarilir,Köklü Sayılar,"Köklü sayılarda karekök alma, köklü ifadelerde işlem ve sadeleştirme konularını tekrar etmelisin."
Bir aracın hızı saatte 72 km'dir. Bu araç 5 saatte kaç km yol alır?,bir aracin hizi saatte 72 km dir carpi bu arac 5 saatte kac km yol alir,Hız Problemleri,"Hız problemlerinde yol, hız ve zaman ilişkisini; ortalama hız ve karşılaşma-yaklaşma mantığını tekrar etmelisin."
İki araç aynı anda zıt yönlerden hareket ediyor. Hızları 80 ve 60 km/s ise 420 km'lik yolda kaç saatte karşılaşırlar?,i ki arac ayni anda zit yonlerden hareket ediyor carpi hizlari 80 ve 60 km bolu s ise 420 km lik yolda kac saatte karsilasirlar,Hız Problemleri,"Hız problemlerinde yol, hız ve zaman ilişkisini; ortalama hız ve karşılaşma-yaklaşma mantığını tekrar etmelisin."
Bir araç 360 km yolu 6 saatte gidiyorsa ortalama hızı kaç km/s olur?,bir arac 360 km yolu 6 saatte gidiyorsa ortalama hizi kac km bolu s olur,Hız Problemleri,"Hız problemlerinde yol, hız ve zaman ilişkisini; ortalama hız ve karşılaşma-yaklaşma mantığını tekrar etmelisin."
Bir koşucu 1500 metreyi 5 dakikada koşuyorsa dakikada kaç metre koşar?,bir kosucu 1500 metreyi 5 dakikada kosuyorsa dakikada kac metre kosar,Hız Problemleri,"Hız problemlerinde yol, hız ve zaman ilişkisini; ortalama hız ve karşılaşma-yaklaşma mantığını tekrar etmelisin."
"Aynı yönde giden iki araçtan hızlı olanın hızı 100, yavaş olanın hızı 70 km/s ise hızlı araç saatte kaç km yaklaşır?",ayni yonde giden iki aractan hizli olanin hizi 100 yavas olanin hizi 70 km bolu s ise hizli arac saatte kac km yaklasir,Hız Problemleri,"Hız problemlerinde yol, hız ve zaman ilişkisini; ortalama hız ve karşılaşma-yaklaşma mantığını tekrar etmelisin."
"Bir sayı dizisi 3, 6, 12, 24 şeklinde ilerliyor. Sonraki sayı kaçtır?",bir sayi dizisi 3 6 12 24 seklinde ilerliyor carpi sonraki sayi kactir,Sayısal Mantık,"Sayısal mantıkta örüntü kurma, tablo ilişkisi, şekil-sayı bağlantısı ve verilen kurala göre çıkarım yapma becerilerini tekrar etmelisin."
"Bir sayı dizisi 2, 5, 10, 17, 26 şeklinde ilerliyor. Sonraki sayı kaçtır?",bir sayi dizisi 2 5 10 17 26 seklinde ilerliyor carpi sonraki sayi kactir,Sayısal Mantık,"Sayısal mantıkta örüntü kurma, tablo ilişkisi, şekil-sayı bağlantısı ve verilen kurala göre çıkarım yapma becerilerini tekrar etmelisin."
Bir tabloda her satırdaki üçüncü sayı ilk iki sayının toplamının 2 fazlasıdır. 5 ve 8 verilirse üçüncü sayı kaç olur?,bir tabloda her satirdaki ucuncu sayi ilk iki sayinin toplaminin 2 fazlasidir carpi 5 ve 8 verilirse ucuncu sayi kac olur,Sayısal Mantık,"Sayısal mantıkta örüntü kurma, tablo ilişkisi, şekil-sayı bağlantısı ve verilen kurala göre çıkarım yapma becerilerini tekrar etmelisin."
"A, B, C, D harfleri 2, 4, 8, 16 sayılarıyla eşleşiyorsa E hangi sayıyla eşleşir?",a b c d harfleri 2 4 8 16 sayilariyla eslesiyorsa e hangi sayiyla eslesir,Sayısal Mantık,"Sayısal mantıkta örüntü kurma, tablo ilişkisi, şekil-sayı bağlantısı ve verilen kurala göre çıkarım yapma becerilerini tekrar etmelisin."
Bir şekil örüntüsünde her adımda kare sayısı 3 artıyor. İlk adımda 4 kare varsa 6. adımda kaç kare olur?,bir sekil oruntusunde her adimda kare sayisi 3 artiyor carpi i lk adimda 4 kare varsa 6 carpi adimda kac kare olur,Sayısal Mantık,"Sayısal mantıkta örüntü kurma, tablo ilişkisi, şekil-sayı bağlantısı ve verilen kurala göre çıkarım yapma becerilerini tekrar etmelisin."
